image_path,eye_left_width,eye_right_width,eye_height_right,eye_height_left,eye_aspect_ratio_left,eye_aspect_ratio_right,mouth_width,mouth_height,mouth_aspect_ratio,eyebrow_distance_left,eyebrow_distance_right,jaw_width,face_width,face_height,cheek_distance,philtrum,forehead_height,bitemporal_width,mouth_to_chin,pupillary_distance,intercanthal_distance,iris_diameter,age,gender,emotion,race
/home/peisze/PycharmProjects/causalgaze/xgaze_224/train/samples/subject0000/frame[3]_cam[0].jpg,0.06604764467653823,0.06424534726176913,0.19570799251888643,0.1977277323928979,0.28678067408765173,0.29534022463104537,0.3897941951166225,0.10800563911623746,2.641448341498899,0.2964620815502651,0.3173118130760061,0.9680846868777957,1.052499320629496,0.9638534048645988,0.7425885275762998,0.139873985243804,0.17851141884188343,1.0313522357509992,0.27050108922418953,0.4492931050080297,0.24485898257712785,0.09448147545024357,31,Woman,sad,white
/home/peisze/PycharmProjects/causalgaze/xgaze_224/train/samples/subject0000/frame[0]_cam[0].jpg,0.06580109704759202,0.06848131708573414,0.19844124308879552,0.20229395825876037,0.29975789528341573,0.29143356363910944,0.3863829934876754,0.1113748998686338,2.5808349305727045,0.2863792366101811,0.3236166881058335,0.9464327069102995,1.023560972180103,0.9495111013507451,0.7346155471094236,0.1356653417152041,0.17916249693350092,1.0130726262525156,0.2576840928361095,0.443917281594679,0.2332879381422402,0.08067692539514489,29,Man,fear,white
/home/peisze/PycharmProjects/causalgaze/xgaze_224/train/samples/subject0000/frame[2]_cam[0].jpg,0.057185976594767124,0.06105204353214161,0.18891413416937128,0.19737150413681065,0.27360457199377297,0.2643822135260275,0.3899828064351101,0.11335737158425076,2.566334489974574,0.29364137640955174,0.32145097842273146,0.9624651802937709,1.0421972509017285,0.9611956698487144,0.7416400929787211,0.1373023532529642,0.16921231188024233,1.0252439248511729,0.2689570313026543,0.4477818798730647,0.24650514088153744,0.09238414215709173,30,Woman,sad,white
/home/peisze/PycharmProjects/causalgaze/xgaze_224/train/samples/subject0000/frame[7]_cam[0].jpg,0.08126733074490422,0.08299321648141574,0.21026125098535878,0.2162012058989551,0.3407425888352808,0.3413900882909325,0.3825730414698252,0.10691031324237986,2.6316766288393305,0.28646511690788395,0.31793168231603464,0.9431061429667822,1.0193675185194373,0.9454619236594836,0.7273768459358936,0.14140982182146816,0.1942518769472534,1.0024587486439467,0.2667623938229161,0.44703404406219344,0.2260928594349052,0.07396003650944667,24,Man,surprise,latino hispanic
/home/peisze/PycharmProjects/causalgaze/xgaze_224/train/samples/subject0000/frame[1]_cam[0].jpg,0.05996736679543492,0.05899708650198207,0.19790004384526316,0.20195147848727488,0.25831352432250737,0.26621866114334497,0.38904702022319704,0.10976993617485643,2.6053598380530794,0.29144104997741715,0.3177807782015947,0.9438645702130113,1.0208823933773568,0.9458182933746906,0.7338281827442712,0.1400129132727299,0.16662357191053734,1.0104003335653737,0.26115173154222376,0.44511220821070413,0.23647328127601824,0.08734538559718562,31,Woman,sad,white
/home/peisze/PycharmProjects/causalgaze/xgaze_224/train/samples/subject0000/frame[10]_cam[0].jpg,0.07088107553168696,0.07278239793098781,0.2047619085926303,0.20727914251564902,0.3106354333042011,0.3048738077763957,0.39349585123359765,0.1097227925055843,2.6453186071065877,0.29198891100906205,0.32180048407092243,0.9562274836778046,1.0365790015001832,0.9568259319337562,0.7401446913312018,0.14450944146109773,0.18415455008700984,1.0205186882822823,0.26185119339227125,0.449079373793816,0.23365074135025574,0.0788940885778737,29,Man,fear,white
/home/peisze/PycharmProjects/causalgaze/xgaze_224/train/samples/subject0000/frame[8]_cam[0].jpg,0.062150416082735305,0.06440743917935059,0.19415455007453616,0.20288973940123856,0.28069422757589074,0.2801140765760131,0.3988167166419466,0.11268511389863302,2.612993229085159,0.2972679431770541,0.3235254324917888,0.9693139988398434,1.0584147972086324,0.9651911421672298,0.7481046032497269,0.14187446667965634,0.1782751559888305,1.0398526844764,0.26562210943166176,0.45108871927760974,0.24683529952365774,0.09433671624410883,31,Woman,sad,white
/home/peisze/PycharmProjects/causalgaze/xgaze_224/train/samples/subject0000/frame[9]_cam[0].jpg,0.072524296486613,0.07236068665524303,0.194233664794286,0.19925669070711827,0.3205450969630146,0.3269984967824837,0.38141234433832955,0.11233603072014693,2.564052209377542,0.29072009688279127,0.3152858205239792,0.9509551341082999,1.0349243252371494,0.9627380539780429,0.7307622930191953,0.13505615644948266,0.19622423872211384,1.0125232580149257,0.27720210436794807,0.44855489021141215,0.2377684801468314,0.09356265969413158,28,Man,happy,white
/home/peisze/PycharmProjects/causalgaze/xgaze_224/train/samples/subject0000/frame[4]_cam[0].jpg,0.05958435177127752,0.056825673475682056,0.20166937599105492,0.20121338762335234,0.2499745894972888,0.25962609074671555,0.3954907187328367,0.11319868680814946,2.6002197075108167,0.29954087010807884,0.31876332268130086,0.9616151491595202,1.0412586168085003,0.9594544493180808,0.7454636850973179,0.13612801616134557,0.17461549557497585,1.027069611059835,0.2657576410750596,0.45056211490378284,0.24065997367644124,0.09154826675019483,33,Woman,sad,white
/home/peisze/PycharmProjects/causalgaze/xgaze_224/train/samples/subject0000/frame[6]_cam[0].jpg,0.061750624603639344,0.06151180659151286,0.20071813025471666,0.20125720470669747,0.2701658393998813,0.2702889675123935,0.39380470498261044,0.11127032679150195,2.6122180504889467,0.29679018418900877,0.3175804031548901,0.9605309158042737,1.0372667233251651,0.9582391808947228,0.7418046566878848,0.13903765724523542,0.17442294814806206,1.0227750170928276,0.26542472114093835,0.4476721120377932,0.23772635545722193,0.08830432977189852,33,Woman,sad,white
/home/peisze/PycharmProjects/causalgaze/xgaze_224/train/samples/subject0003/frame[3]_cam[0].jpg,0.07992244689720761,0.08485588402950636,0.20624007811368203,0.2141661497221056,0.353963543434388,0.3434558959294296,0.35224975604600023,0.14955090882666933,2.0887166423833743,0.2765273191503245,0.3061777585583689,0.9190042325922027,0.9920125579645065,0.9617001295434979,0.6844885119832037,0.11980462482095487,0.18650236037705753,0.9414322258035994,0.2705907650989483,0.44973048908278845,0.2267570400249679,0.06425408205235064,29,Man,surprise,latino hispanic
/home/peisze/PycharmProjects/causalgaze/xgaze_224/train/samples/subject0003/frame[0]_cam[0].jpg,0.08102432259619444,0.07731185018542806,0.20513389963877354,0.20996079344138968,0.324999741847056,0.3465933154290658,0.37568304052857165,0.14216414346314718,2.2000851732497884,0.28742319380844933,0.3066717791889114,0.9285923268565577,1.0083296079300361,0.9764382891907345,0.6972516123565641,0.12071215993082285,0.18529172190191676,0.9588727354628109,0.29085782917882114,0.45752326602453575,0.22756461770939085,0.0997840798222189,29,Man,sad,latino hispanic
/home/peisze/PycharmProjects/causalgaze/xgaze_224/train/samples/subject0003/frame[2]_cam[0].jpg,0.07455934190651255,0.0732466148317322,0.20123817315123207,0.2077703790593837,0.31124273615844233,0.3249913510704046,0.36775633476688924,0.15449290448385386,2.101458540905963,0.28467577210086276,0.3081507878508955,0.9299770119563099,1.0054900648382459,0.9786799634187127,0.6986655227642675,0.11660471368945581,0.18219242480271947,0.9562751182556082,0.27963720101572925,0.45451854548751797,0.22826657243157691,0.09752355888013174,28,Man,sad,latino hispanic
/home/peisze/PycharmProjects/causalgaze/xgaze_224/train/samples/subject0003/frame[11]_cam[0].jpg,0.04826976021781966,0.051472723375960594,0.19139660338268324,0.19500458870946025,0.23253785695682042,0.22054308173053422,0.36816139777155676,0.15559718824304142,2.1030113767631797,0.28787150741053474,0.3139172073970484,0.9324452656986265,1.01739983748392,0.9814426918529477,0.7105311561371574,0.1180217026348852,0.17133969336915794,0.9744849316783044,0.2764847784565854,0.4503867072054859,0.24108311300122612,0.08006539508640573,29,Man,sad,white
/home/peisze/PycharmProjects/causalgaze/xgaze_224/train/samples/subject0003/frame[7]_cam[0].jpg,0.06426317152889154,0.06588127772703792,0.19835127008327524,0.2081474755329964,0.2799922749603562,0.2841723837294285,0.36245212532143356,0.1550067845656875,2.085656504556953,0.28967193520411355,0.31103064502534,0.927233929394628,1.0072322369536262,0.9759284919435888,0.7046259722385781,0.11792742380978952,0.1748970106434929,0.962897884851212,0.27363049219976293,0.4561853922843435,0.23611635741752532,0.09159083670182155,29,Man,sad,latino hispanic
/home/peisze/PycharmProjects/causalgaze/xgaze_224/train/samples/subject0003/frame[1]_cam[0].jpg,0.04138107599070374,0.04489811004333626,0.1895490952931672,0.19440651149177401,0.20303060260619785,0.1891836252161797,0.3658103224723908,0.1606863125295715,2.0670922299966334,0.28830562471287696,0.3124338892835676,0.9302646416195142,1.002701031889225,0.9736571483706906,0.7055839264600429,0.11974732515011531,0.1656641681671297,0.9586406298678325,0.263744454213349,0.4496336607682643,0.24230415621930676,0.08869416656398409,29,Man,sad,middle eastern
/home/peisze/PycharmProjects/causalgaze/xgaze_224/train/samples/subject0003/frame[10]_cam[0].jpg,0.09001708276435218,0.08864966360006343,0.2047085601259557,0.2152355384576036,0.36543161349754155,0.38841044640001743,0.3616947716660456,0.14898044761475635,2.112109299870971,0.2760814988911721,0.29924216075554605,0.9164837751333342,0.9822776967469115,0.9674533395391953,0.6785366940588006,0.1189398451613211,0.18755650337642615,0.9288632071564107,0.27123678198182427,0.4583268838565606,0.2214018127683449,0.09607846693105883,29,Man,sad,latino hispanic
/home/peisze/PycharmProjects/causalgaze/xgaze_224/train/samples/subject0003/frame[8]_cam[0].jpg,0.08536271614596418,0.08640128236919323,0.20124692819248008,0.2124107261859836,0.3604307699228168,0.3740474965789111,0.3591676129885218,0.14501524736355645,2.1268945665498893,0.2772977905856894,0.3018187436700777,0.9276573971203506,0.9967935752528543,0.9799677207208232,0.6839431998796344,0.12161845067654901,0.1882539506566747,0.9407045550364168,0.27993727346348235,0.45593919310849645,0.22403411686620994,0.09622656760192302,29,Man,sad,latino hispanic
/home/peisze/PycharmProjects/causalgaze/xgaze_224/train/samples/subject0003/frame[9]_cam[0].jpg,0.05092630066809864,0.05135315664275465,0.1926851517567362,0.19759137869399146,0.22757811955784296,0.2298688594975205,0.37116232407732225,0.15741576034624005,2.0943043202274474,0.28958584077565175,0.31314494641370394,0.9355557249948213,1.0136605520889557,0.987657434913839,0.7094389346696539,0.1224266409024429,0.17006091155999695,0.9698868951192511,0.2782953984182872,0.45850156622571475,0.2402508579263989,0.0917257839542811,29,Man,sad,middle eastern
/home/peisze/PycharmProjects/causalgaze/xgaze_224/train/samples/subject0003/frame[6]_cam[0].jpg,0.0446142742862464,0.04692038693963373,0.18944017286538414,0.19632352701514635,0.20948431350909016,0.20406722387621765,0.37160605616896514,0.16049800745458773,2.078674010507478,0.28992948484958525,0.31346783641563336,0.9389058466200552,1.0134757331306778,0.9952665264468601,0.7137085027294812,0.12095405414720767,0.17055687431057928,0.9706380488655091,0.2820819701498797,0.45473030676444665,0.24515213176684153,0.0913813758527653,30,Man,sad,middle eastern
/home/peisze/PycharmProjects/causalgaze/xgaze_224/train/samples/subject0004/frame[3]_cam[0].jpg,0.04260871560870273,0.044396355976588704,0.1885509305478742,0.1879135950855813,0.20951086683421954,0.19750032960992148,0.3737262179627637,0.08128208320111144,3.0029830861889724,0.30403798841536184,0.3058678543554107,0.9429783017073936,1.0103418749102155,0.9028896137449173,0.7127470725850353,0.14810248931132058,0.16648922686974357,0.9992183187278748,0.24272419867041603,0.47235645441143775,0.27260236023815043,0.09055143764606804,33,Man,sad,middle eastern
/home/peisze/PycharmProjects/causalgaze/xgaze_224/train/samples/subject0004/frame[0]_cam[0].jpg,0.061650638366940756,0.05953771456450193,0.18699844028734935,0.18878823831375816,0.27864968366159737,0.28911005686665103,0.3664509166340752,0.08506027630233774,2.8836639510044884,0.298094884341566,0.30722614844568563,0.951973383123048,1.0219820592427673,0.9209457950354427,0.7189595764553085,0.14268288436897933,0.18572345818793684,1.0017361167120233,0.2573036323462469,0.47734761147603505,0.27276163785527124,0.0897915370970568,33,Man,sad,middle eastern
/home/peisze/PycharmProjects/causalgaze/xgaze_224/train/samples/subject0004/frame[2]_cam[0].jpg,0.07502195120703985,0.07271389525610322,0.19172461389899395,0.19339700197634313,0.3331314689789098,0.3442791625806951,0.3579635753793257,0.08074008389083956,2.946209717788353,0.2915902055605873,0.3016725505682595,0.948386765940741,1.0074063590110336,0.9178903423496011,0.7026153203160425,0.13478936469640349,0.19644117684133497,0.9892687540005595,0.26644443233811194,0.47138904015988503,0.2629353425721278,0.08305380069070174,31,Man,fear,middle eastern
/home/peisze/PycharmProjects/causalgaze/xgaze_224/train/samples/subject0004/frame[11]_cam[0].jpg,0.06890207005247334,0.06589396621737234,0.1941595839646821,0.19315470654713415,0.3029039941692683,0.31287737830954904,0.3605200738800432,0.07729707381370798,3.054595695416725,0.2944056711996055,0.3068784303444052,0.9569046873605438,1.0144348902980878,0.9064026890788457,0.7081130178218105,0.13772972125161714,0.1922878961288575,0.9976521642399453,0.2508028033636838,0.4713977921470998,0.26195305182978407,0.08125875784801986,30,Man,sad,middle eastern
/home/peisze/PycharmProjects/causalgaze/xgaze_224/train/samples/subject0004/frame[12]_cam[0].jpg,0.0578249643469841,0.05944908950602636,0.18672424674671786,0.19378601376388402,0.27215769162825587,0.2700875490657423,0.36811256096914624,0.08227964257491523,2.968901447780498,0.2950401842380642,0.30700493345182484,0.9639342815465043,1.0165341184821657,0.9153643519351776,0.7062394629952491,0.14272886393225037,0.1757539826698303,0.9962020352521289,0.2511084825555537,0.47276069577146634,0.2650975100081825,0.09049448742967034,29,Man,sad,middle eastern
/home/peisze/PycharmProjects/causalgaze/xgaze_224/train/samples/subject0004/frame[1]_cam[0].jpg,0.07023160665770813,0.07411902987441298,0.18730500572377567,0.19071367394955294,0.34369901791787255,0.32862924166235286,0.37238008087383023,0.08167509359410167,3.0165475094372276,0.2919708705652171,0.2960319087787123,0.964673379989191,1.0092535317020332,0.8980313170177684,0.6998257037701371,0.1291453402437048,0.19817466435969697,0.9838751558656345,0.2541175422473293,0.46459215933207937,0.2608830043374074,0.09029943831167729,32,Man,sad,white
/home/peisze/PycharmProjects/causalgaze/xgaze_224/train/samples/subject0004/frame[10]_cam[0].jpg,0.036785821982801996,0.043395770836077256,0.18325291347177178,0.19155072122144362,0.20079119268435358,0.17385845854870072,0.36741350046467935,0.08417264429962255,2.9137059977691004,0.2941173036541106,0.3120167119868862,0.9439943819685817,1.0051532311632168,0.9172998034023864,0.7112735424278528,0.14188027181860646,0.18106352867144132,0.9948500884646699,0.2526707567780457,0.4662280153994628,0.26425966302187526,0.0874989947389745,33,Man,sad,middle eastern
/home/peisze/PycharmProjects/causalgaze/xgaze_224/train/samples/subject0004/frame[9]_cam[0].jpg,0.0613612520340059,0.06312636354865767,0.17529285080121776,0.18533209143318577,0.30066941486037896,0.3053328273412251,0.3610777858347654,0.07471731584929436,3.117274914989035,0.28095254875521936,0.3063137125811597,0.9640254337623825,1.0144713267312488,0.9241173613940844,0.7029399026668688,0.13378422496060213,0.19961652476100697,0.9935246252215302,0.27084615048125593,0.4612822611227995,0.261573433865031,0.08944648001884925,30,Man,sad,white
/home/peisze/PycharmProjects/causalgaze/xgaze_224/train/samples/subject0004/frame[4]_cam[0].jpg,0.03773071831864613,0.04284098718983283,0.18744549175431766,0.19114994438073346,0.19876064314766115,0.17518728237459957,0.37400623623907014,0.08318482951504116,2.9729872689717705,0.3004919234464141,0.3128327896903343,0.9575588907852147,1.022306106352249,0.905677974524661,0.7142734597881469,0.14669915792669588,0.17140977709248234,1.0050065575529812,0.24506772676374344,0.47013783993667047,0.27085872623461343,0.08805776826945086,33,Man,sad,middle eastern
/home/peisze/PycharmProjects/causalgaze/xgaze_224/train/samples/subject0004/frame[6]_cam[0].jpg,0.06231460440302447,0.06101958385282906,0.18841242119640061,0.19090985890850304,0.28446068157389165,0.2921525605806215,0.3504764978404452,0.081808955724592,2.8945103922368207,0.2813134114880798,0.3048848193166449,0.9310127006299722,0.9959117323628842,0.9148544575666034,0.6936469146836004,0.13886198368257469,0.18522538224222426,0.9796857736391082,0.25113927013249254,0.4633276126921101,0.25776911063342767,0.07126174299413263,31,Man,sad,white
/home/peisze/PycharmProjects/causalgaze/xgaze_224/train/samples/subject0005/frame[3]_cam[0].jpg,0.0688925068461221,0.06940226212415433,0.20367622094587925,0.21020967979747973,0.29036732175265584,0.29585579216350427,0.36106384861077157,0.14044295966401218,2.229563019212476,0.3103744199900139,0.31519187155305617,0.9232547279146335,1.021647131710475,0.9238020691557914,0.7353536415207428,0.13277362717976818,0.2037740516348493,1.0180280207914625,0.2029238298616214,0.46605633483744974,0.23870681204905977,0.09934998646729187,27,Woman,neutral,white
/home/peisze/PycharmProjects/causalgaze/xgaze_224/train/samples/subject0005/frame[0]_cam[0].jpg,0.07573614814342591,0.07526295717199705,0.20619783792675345,0.20622750374411813,0.3210923932343375,0.32229840480367716,0.3545990878752842,0.132248431964855,2.279252272194118,0.3089229368162851,0.30912785630792794,0.9053964865924435,1.0080393649514692,0.928525603834347,0.7282961180389105,0.13288473057875155,0.21036709565176182,1.0030773781613913,0.2129854140278185,0.46420594310455016,0.2380312373636664,0.09848495614262814,26,Woman,neutral,white
/home/peisze/PycharmProjects/causalgaze/xgaze_224/train/samples/subject0005/frame[2]_cam[0].jpg,0.04812500463967256,0.05103499379143948,0.20522520469124433,0.2047391394571032,0.2182574304230067,0.20478767112316357,0.36053528491082604,0.13556899935240266,2.265217790306132,0.3155207935144333,0.31465157581968733,0.9255815939991652,1.0177398452960746,0.9301195995488164,0.7366143779502902,0.14493817373365542,0.19480703943792188,1.0142122528209194,0.21251286723139942,0.4662393491950916,0.24069071511416112,0.0947293390122628,33,Woman,sad,white
/home/peisze/PycharmProjects/causalgaze/xgaze_224/train/samples/subject0005/frame[7]_cam[0].jpg,0.08470465248238009,0.08308219617729798,0.19779794396373734,0.19953580112535646,0.36685643009098634,0.3756793042400974,0.34448234698875796,0.13003880558727243,2.25077333947738,0.2931770063682069,0.2988531062108811,0.8812660691701364,0.9836492968943615,0.9195919161238452,0.70362065651167,0.12782122737884688,0.2056985978037105,0.9765292806521726,0.20931996777944056,0.4474945833752717,0.2329218240808091,0.09874789284256458,25,Woman,fear,white
/home/peisze/PycharmProjects/causalgaze/xgaze_224/train/samples/subject0005/frame[5]_cam[0].jpg,0.08558821612973737,0.08319072712325369,0.19689702995390362,0.20018774550880108,0.36735282926830426,0.3827582118836193,0.34756484710218544,0.1386914388281289,2.202126238695756,0.2944826622146946,0.2976842133582176,0.8889121868276977,0.9867616968778848,0.9244028766601792,0.70501656395655,0.12610183761572713,0.20953684397864353,0.9793842445228033,0.20368606763008737,0.4489618750740492,0.23567335550818763,0.09580596185156098,26,Woman,surprise,white
/home/peisze/PycharmProjects/causalgaze/xgaze_224/train/samples/subject0005/frame[1]_cam[0].jpg,0.043179211024375726,0.04473919909958117,0.20298597521505168,0.2031488043747471,0.19246064976001634,0.1850703978038954,0.3584971206990634,0.13365219796051447,2.274507632764756,0.31295850177548235,0.3112025541052311,0.9090057644565358,1.0065075369052128,0.9132475497079519,0.725890992896232,0.1407944528849819,0.19592382359720856,1.0034145057588777,0.20765365292702856,0.46362310538465734,0.23850685472374733,0.094132441736916,32,Woman,sad,white
/home/peisze/PycharmProjects/causalgaze/xgaze_224/train/samples/subject0005/frame[8]_cam[0].jpg,0.08708732900359911,0.0856038850130644,0.19789383380070033,0.19959162697298022,0.3801392260870237,0.38859577629881836,0.35984327426229135,0.13118869062743607,2.3016493940419025,0.2979520452258904,0.296379259884122,0.9174592114915885,1.0064017012835176,0.9653979247753113,0.7211915031244189,0.13375218235214603,0.20687792175625253,0.9933429461332649,0.22293545816462979,0.45677312575538426,0.2448222404334023,0.09415110622981546,26,Woman,neutral,white
/home/peisze/PycharmProjects/causalgaze/xgaze_224/train/samples/subject0005/frame[9]_cam[0].jpg,0.07050438488430141,0.07336603810903594,0.20608005083499306,0.20724636160975843,0.31262929339294376,0.30103005453198584,0.3640975608956257,0.12943169338095595,2.33412689568902,0.3078743333361699,0.3080710099469694,0.9203934119713504,1.0142691703714364,0.9389708466880258,0.7320388577619387,0.14029159631562763,0.19923753246500953,1.0080027749141465,0.2168555336936748,0.45551764058392485,0.2315083744138921,0.08629555400995183,26,Woman,fear,white
/home/peisze/PycharmProjects/causalgaze/xgaze_224/train/samples/subject0005/frame[4]_cam[0].jpg,0.05509898312861769,0.05877968160632618,0.20506078481731066,0.203701521707229,0.253986474679392,0.23592087556181845,0.3571714289870733,0.13331205671403493,2.2794607930114004,0.30792173876949497,0.3135941541239062,0.9148754820336398,1.0134008195019055,0.9188037504597608,0.7286805899832148,0.14256325706516942,0.19399617083424,1.011704810853882,0.20851987233667763,0.45446171694868526,0.23150490786658284,0.08626521285396391,30,Woman,sad,white
/home/peisze/PycharmProjects/causalgaze/xgaze_224/train/samples/subject0005/frame[6]_cam[0].jpg,0.07130403207151188,0.07228395546153035,0.20468980381761773,0.21253455318758482,0.29979121136775805,0.3048782015731369,0.3587629846457717,0.1398150133865462,2.2223836180405203,0.30731667845029476,0.3149492272272076,0.9177206942412255,1.0218048143060128,0.9302053782468641,0.731235348866982,0.13175671948247175,0.2002173429870511,1.0190872291195026,0.20329284137449583,0.46409126834931563,0.23511006131960277,0.0981352373145409,28,Woman,sad,white
/home/peisze/PycharmProjects/causalgaze/xgaze_224/train/samples/subject0006/frame[3]_cam[0].jpg,0.08440895620852343,0.08149266165161348,0.18545241309691166,0.1922765014386471,0.3761225216601534,0.40089871990209996,0.3585833281820409,0.1191789402130601,2.3830850836633943,0.2730012575718171,0.29528113747122564,0.8578723287971896,0.9396413727675734,0.9444003247563605,0.6700083057654042,0.14952658039267963,0.2074732973543673,0.9310779428486835,0.21229958472862162,0.4222801478297385,0.2281884095225961,0.09220705767718052,29,Man,surprise,asian
/home/peisze/PycharmProjects/causalgaze/xgaze_224/train/samples/subject0006/frame[0]_cam[0].jpg,0.055192141723660444,0.05824717935241863,0.18302882381865823,0.1989281215929753,0.2592926880048669,0.26337032296906226,0.37831918554032085,0.12019584811692188,2.4451460454356626,0.28113116701136687,0.31253390859182645,0.895064028106587,0.9778840463083478,0.9675271800807014,0.694745762177935,0.16249400881949413,0.19554659071956706,0.9674086063820434,0.21621516828784773,0.4255731911740344,0.21776004774304666,0.08815713771042674,30,Man,fear,white
/home/peisze/PycharmProjects/causalgaze/xgaze_224/train/samples/subject0006/frame[2]_cam[0].jpg,0.03216320671329221,0.03852272808122685,0.19023858087836298,0.197821022861546,0.1723700031000393,0.14645124331219173,0.3759446215154995,0.12407427838363279,2.3855744490918536,0.2785993673871481,0.3072405629572677,0.8769368835824268,0.9592018393319226,0.9613829707709712,0.6866015804987308,0.15824537612560519,0.19033063720425564,0.9493290898030629,0.21933533050935333,0.42212045297246426,0.22081694887836553,0.08149946860193959,30,Man,sad,white
/home/peisze/PycharmProjects/causalgaze/xgaze_224/train/samples/subject0006/frame[5]_cam[0].jpg,0.08147432704572519,0.07900208366090024,0.18705386213333683,0.19213514652900657,0.36714739301621324,0.38544018885299863,0.3670758175266418,0.11954824467506583,2.4222920129500176,0.26519870511969235,0.29609748448678375,0.8741574391945743,0.9446823334888246,0.9663769763278901,0.6735482366517885,0.15152896657831327,0.20749317002325227,0.9301249408404527,0.22238043095157004,0.4252776099973066,0.2293535384481035,0.07641772047174666,28,Man,surprise,asian
/home/peisze/PycharmProjects/causalgaze/xgaze_224/train/samples/subject0006/frame[1]_cam[0].jpg,0.08475432017117074,0.08028765580958738,0.18508527655146947,0.19108333841375347,0.3750389682191283,0.40510381464459033,0.364227271081972,0.11623977768584841,2.4467904978138977,0.26493188851352223,0.29445270845020116,0.8703027629830923,0.9415723703256008,0.961931765191997,0.6704472688487599,0.14793350112037215,0.20702445110007983,0.9278955720822775,0.22032297624551855,0.420552855294674,0.22836140649582157,0.0772494300714857,29,Man,surprise,asian
/home/peisze/PycharmProjects/causalgaze/xgaze_224/train/samples/subject0006/frame[10]_cam[0].jpg,0.07207100359392296,0.07233817846987631,0.18328491195598792,0.19346352933249533,0.33270755540146624,0.34707784909685363,0.36304736557046907,0.12042488991827037,2.386537448326209,0.2718818929892845,0.29936631830269494,0.8739088547774136,0.9498029516880928,0.9584119129381453,0.6737728962656695,0.15280773756079585,0.20417189253255133,0.9380126140373716,0.21882037126466017,0.4251085512210729,0.22578500126212697,0.08730542734201642,29,Man,fear,white
/home/peisze/PycharmProjects/causalgaze/xgaze_224/train/samples/subject0006/frame[8]_cam[0].jpg,0.04667890320323056,0.04598188494537548,0.1809424540540808,0.184868872851362,0.2202931920602268,0.22587454081399283,0.3727885144567731,0.12351463596459115,2.3951413837922897,0.2747088443751465,0.3067135661528573,0.887980904759286,0.966920853651023,0.9640934334994361,0.6877223095690317,0.15603556822507025,0.19970873255829222,0.9538085603486913,0.22555146298957773,0.43215837542045454,0.22527370926501109,0.07943161040799561,29,Man,fear,white
/home/peisze/PycharmProjects/causalgaze/xgaze_224/train/samples/subject0006/frame[9]_cam[0].jpg,0.08235328149103893,0.07725326944419568,0.18499477316720245,0.19158780105511047,0.36199729351294874,0.3945831164516832,0.3653114843742003,0.11869700281926739,2.4169121011132138,0.2611886859247209,0.296891626836118,0.8766454508086574,0.9382030031860147,0.964628818074149,0.667563890095761,0.15147890759959728,0.20264485392927672,0.9234149183997707,0.2253054537276268,0.4171789816218723,0.2279219687581783,0.07001615936778889,28,Man,surprise,asian
/home/peisze/PycharmProjects/causalgaze/xgaze_224/train/samples/subject0006/frame[4]_cam[0].jpg,0.026568768955253137,0.030906510714834776,0.19052941585365207,0.19780598986614006,0.1366265447453383,0.1193447517587635,0.37150662257817507,0.1266248113985571,2.343463735303902,0.2799323454226068,0.3072314370906862,0.8736565054466363,0.9588364750357306,0.9532163449160633,0.6864477523482984,0.1542675992441624,0.19013569315344508,0.948397422603106,0.2173490325296753,0.41527273608883897,0.2224395597202449,0.08293087979605587,31,Man,sad,white
/home/peisze/PycharmProjects/causalgaze/xgaze_224/train/samples/subject0006/frame[6]_cam[0].jpg,0.07460787255720029,0.07431455478978603,0.1869983001093068,0.19544912825742897,0.34280128524109443,0.35477893916520037,0.3777364169801887,0.11760162115947692,2.4907314627403103,0.2598053607602595,0.3023924049254665,0.8871762618266168,0.9516827126249009,0.9710985458831781,0.6741789802927087,0.15242601249951962,0.2031934407728104,0.9367010101214778,0.22981680811683108,0.4306426029909854,0.22836433763921588,0.061301125507831115,27,Man,fear,asian
/home/peisze/PycharmProjects/causalgaze/xgaze_224/train/samples/subject0007/frame[3]_cam[0].jpg,0.06626946445975809,0.06694690658055875,0.19440186883634464,0.19287442100595312,0.31054862091025687,0.30228044595024517,0.333439596855344,0.14817930539678337,2.0886739235386766,0.29475203495628016,0.30440359118755983,0.9444754498010327,1.0388062152555892,0.9381873017055256,0.7120598001448298,0.12513747931237076,0.20776026031896647,1.0214871586997027,0.20344444631134745,0.4379158857358515,0.2390988401094282,0.072523605034835,25,Man,sad,asian
/home/peisze/PycharmProjects/causalgaze/xgaze_224/train/samples/subject0007/frame[0]_cam[0].jpg,0.05911874857529598,0.05856158004383922,0.1801713976302126,0.1815188044349305,0.287046007941354,0.2892218917713168,0.33239216892211654,0.1485871908561493,2.088219637106723,0.2983052964362371,0.3013157181567178,0.9506712356183956,1.0392823324862976,0.9407855270545543,0.7159421211849577,0.12373991335258526,0.20517761417014427,1.0190442675335714,0.20092392013902824,0.432004899759451,0.2519660390687708,0.08507023005927182,24,Man,sad,asian
/home/peisze/PycharmProjects/causalgaze/xgaze_224/train/samples/subject0007/frame[2]_cam[0].jpg,0.053848994142085556,0.05718978411800057,0.18208418626160905,0.19413317798069055,0.26227227785706847,0.2603095644938347,0.33165031726464517,0.1583808816574201,2.015211134554568,0.29660210632566986,0.3084471095872467,0.9491612877044833,1.0422509189703772,0.9458776316906473,0.7170914542932968,0.12133511996733981,0.1968910781053978,1.0284888540888482,0.20231702972913235,0.44154128653699876,0.24877477486563976,0.08626383976235012,25,Man,sad,asian
/home/peisze/PycharmProjects/causalgaze/xgaze_224/train/samples/subject0007/frame[7]_cam[0].jpg,0.06864091232521508,0.06784269145319277,0.18830163366028319,0.18777111352083328,0.32461838836795026,0.32416867199323024,0.3352423295087342,0.14496596410903378,2.115161461074294,0.2880552007641778,0.2994884376369876,0.9389940957165954,1.0272811044840962,0.9436662362534164,0.7031983878034853,0.13027983088444983,0.20317076790352676,1.0040179671077192,0.2018208121460772,0.44177598382731126,0.24608874422762925,0.06990987782694404,25,Man,sad,asian
/home/peisze/PycharmProjects/causalgaze/xgaze_224/train/samples/subject0007/frame[5]_cam[0].jpg,0.049222857235512125,0.04670351489808517,0.1848022627256628,0.19484933889374578,0.21278107524501327,0.23396432660344263,0.33351125221031824,0.15576830586817347,2.0427770483571472,0.30036410814470776,0.31505172690771754,0.9707375941158242,1.0643402323740196,0.9491424305609351,0.7335813337797296,0.1264593430077087,0.1939712207251471,1.0436048712742807,0.20744872046054366,0.4446527516308884,0.2525675064042,0.0905284931539838,25,Man,sad,asian
/home/peisze/PycharmProjects/causalgaze/xgaze_224/train/samples/subject0007/frame[1]_cam[0].jpg,0.06330553687505296,0.06326433749553102,0.19234200082868386,0.1921283079155702,0.2948992727556923,0.29171414652804323,0.34065682046615164,0.1520243674405215,2.0916115193882194,0.29294803310701567,0.30570367921337327,0.9446267459631679,1.044035014359893,0.9380888787149234,0.7137700952130314,0.12096832495698309,0.2023928600409005,1.0214919711282962,0.19977512777607437,0.4399240380046218,0.24255861498506742,0.07194945233545105,25,Man,sad,asian
/home/peisze/PycharmProjects/causalgaze/xgaze_224/train/samples/subject0007/frame[8]_cam[0].jpg,0.049743270192579334,0.04940223871939139,0.17991271277034718,0.19049176425401798,0.230292156675237,0.2427334114758087,0.3304854802560746,0.15606951089429064,2.028690346452167,0.29847590213652064,0.3109319499054517,0.9604324893154647,1.0505139258313891,0.9408437479652185,0.7236217644933958,0.12436934252536061,0.1939879171869291,1.0327305961449287,0.20363195870334863,0.4374789377100685,0.25008150692610476,0.08902104168599918,24,Man,sad,asian
/home/peisze/PycharmProjects/causalgaze/xgaze_224/train/samples/subject0007/frame[9]_cam[0].jpg,0.026967037076503296,0.023687884400848045,0.1992331517184527,0.2027607114218589,0.10379826437796831,0.11877879804684355,0.3353126352298855,0.15908564333088515,2.0326496667011087,0.3040632053967637,0.31469844235158806,0.9677527722651714,1.0631649357036184,0.9340857289130223,0.7307776018483864,0.12362537561323625,0.19256382093889748,1.0397163348357041,0.19763759225283775,0.44412449159684225,0.25082572519400975,0.08669966915596916,24,Man,sad,asian
/home/peisze/PycharmProjects/causalgaze/xgaze_224/train/samples/subject0007/frame[4]_cam[0].jpg,0.035266181100383695,0.031650853926048286,0.18395265756610138,0.191790726274357,0.14703243600322627,0.16860434860893728,0.3325616420405138,0.15121203528307986,2.0621894190847496,0.29945572992303426,0.3132663224779518,0.9596278124268913,1.0474874906810503,0.9290885252285829,0.7217071983027881,0.12775150545549835,0.1816475022401977,1.028335022039393,0.19778729613728718,0.43924813898074816,0.25136596680901896,0.08815715449095328,24,Man,sad,asian
/home/peisze/PycharmProjects/causalgaze/xgaze_224/train/samples/subject0007/frame[6]_cam[0].jpg,0.06542142552869039,0.06311332519693157,0.17777455823717284,0.17992831446864263,0.3118659670299932,0.32449624244958536,0.32345239999910075,0.1537871010162783,2.021029311748283,0.2955291096248294,0.30282367113651326,0.9471124137008414,1.039788917716984,0.9534348650713258,0.7154046403805001,0.12431755343828181,0.20932727245399887,1.0212636468128018,0.20913035592413942,0.43513693672473325,0.25581950694110445,0.08400410118617434,24,Man,sad,asian
/home/peisze/PycharmProjects/causalgaze/xgaze_224/train/samples/subject0008/frame[3]_cam[0].jpg,0.09700133376501988,0.09899332730783665,0.19968121753928253,0.22998071296301784,0.38567355698368955,0.43233800797571825,0.4019324809311371,0.1922086642003671,2.0069979688142463,0.26102784510084326,0.32109622613155936,0.884180767874037,0.9571513816782555,0.9369956248474862,0.69146884972059,0.10870036505144869,0.17407711558555175,0.9631174859406676,0.16149267331839903,0.4605672075712702,0.24615442019672384,0.08623147121832386,27,Man,neutral,black
/home/peisze/PycharmProjects/causalgaze/xgaze_224/train/samples/subject0008/frame[0]_cam[0].jpg,0.08709849191890744,0.08333383053813272,0.18714771296078983,0.20413427993582905,0.36281548444169304,0.4102499740494962,0.4073578414391896,0.0842228998460101,3.204657398464553,0.2556788126288524,0.3073970101807605,0.8522526994009708,0.9137289259691925,0.9561996037707288,0.688826409668659,0.17776437807763726,0.17916288943332553,0.9214275069837076,0.20939838570379427,0.41790047296327126,0.2233057402773597,0.09349458528833436,28,Man,sad,black
/home/peisze/PycharmProjects/causalgaze/xgaze_224/train/samples/subject0008/frame[2]_cam[0].jpg,0.06754100022691463,0.07408307594962643,0.19199048956071807,0.2085146111027221,0.3178165189480565,0.3116211306161961,0.41561922896700376,0.20445142559998472,1.990721555960163,0.2606882630213321,0.32255087716777964,0.8935482528777237,0.9791505622904145,0.9284843625396976,0.69412183073986,0.10997291179118654,0.14819513432865958,0.9814096573146408,0.15070452404616422,0.45626683787264577,0.24944806155622334,0.06904022147227672,28,Man,sad,black
/home/peisze/PycharmProjects/causalgaze/xgaze_224/train/samples/subject0008/frame[7]_cam[0].jpg,0.09494771045146469,0.09587655899802335,0.19938529132054494,0.22316056687664348,0.3840738819516541,0.4217767037853432,0.3951268643545647,0.1882655897861009,2.0165358393282466,0.2599442068259026,0.3151345963193661,0.8749535221478129,0.9469877059626525,0.9177081029568146,0.6836366503610847,0.10077374144495796,0.16397352916632876,0.9483127507878538,0.15425366220703024,0.4515745555633669,0.24301414471892635,0.08779827118667982,28,Man,neutral,black
/home/peisze/PycharmProjects/causalgaze/xgaze_224/train/samples/subject0008/frame[5]_cam[0].jpg,0.07986200833053118,0.08290659991167358,0.19666948557643352,0.2290534332012644,0.32496771273897973,0.36062252393993116,0.41615370518001504,0.20321556757903933,1.9858879413355686,0.26398329922315444,0.32762725659043884,0.9007777111882272,0.9796458274320995,0.9375371290760768,0.703564349618866,0.10332013476261716,0.15356239634170296,0.991941744314711,0.1622988316829177,0.45925934853158923,0.2384841139856007,0.08870365763360848,26,Man,neutral,black
/home/peisze/PycharmProjects/causalgaze/xgaze_224/train/samples/subject0008/frame[1]_cam[0].jpg,0.08415244947890725,0.08571970142067326,0.19687954626143778,0.22457575605303864,0.3409499464639539,0.3785853683712815,0.4061008030114411,0.18918945289641573,2.0212328836038664,0.26214780057500403,0.32257847432115466,0.8906131034189106,0.9658632617886489,0.9292705481571307,0.6967326194060489,0.11313591414416917,0.15603474847896437,0.9725101796061285,0.1582326254568161,0.4495502568820224,0.23519053641102963,0.08822780564735146,27,Man,neutral,black
/home/peisze/PycharmProjects/causalgaze/xgaze_224/train/samples/subject0008/frame[10]_cam[0].jpg,0.08211766677975946,0.08761029899731645,0.1947254659061975,0.21523936020206813,0.3655169312294423,0.3753358665690927,0.41544877120001067,0.1950049865979116,2.0257578717181475,0.25504275406954335,0.3174075493960594,0.8786900714794985,0.956302719259483,0.9314118910904938,0.683689088233047,0.11047449457079707,0.15140368016619932,0.9560574672038562,0.1589849026268468,0.4463028770843503,0.24214716738424655,0.059754585923162934,27,Man,sad,black
/home/peisze/PycharmProjects/causalgaze/xgaze_224/train/samples/subject0008/frame[8]_cam[0].jpg,0.08836275796655381,0.09131787298881047,0.19379836153028496,0.216310988733121,0.37680481947886574,0.40355187556349065,0.4026835831799797,0.19063386280021083,2.012704746029936,0.25855448364564415,0.3127721260793707,0.86940211744911,0.9388950920308481,0.9176251877175569,0.6798331067979011,0.1000759321442848,0.16286794172779925,0.9430211675577019,0.15419751808463825,0.4528983275215429,0.24324959682348,0.08618547444923956,29,Man,neutral,black
/home/peisze/PycharmProjects/causalgaze/xgaze_224/train/samples/subject0008/frame[9]_cam[0].jpg,0.08933465051706785,0.09140548599211663,0.19480282153563874,0.22064393010826908,0.3695420519537757,0.40623089613336516,0.4120738195308389,0.19132538790691384,2.028801390950095,0.2574652300019494,0.3166499735165945,0.8753457494760549,0.9502748271208724,0.9284801076526537,0.684169090409149,0.10316155916278727,0.15977310669359868,0.9522429678420671,0.16140423425166825,0.45029940958782066,0.2383313621464235,0.09043988142916311,28,Man,neutral,black
/home/peisze/PycharmProjects/causalgaze/xgaze_224/train/samples/subject0008/frame[6]_cam[0].jpg,0.07220256099707184,0.0755692461379256,0.18853895494701628,0.21158234762745598,0.3184635211755664,0.3381094704821853,0.4134060406181025,0.20284698371219206,1.9969480538417514,0.25763181519769557,0.32020986560003134,0.8894996945319892,0.9701461619443126,0.928310660758883,0.6947355624331907,0.11031965035431263,0.1539082637892286,0.9694471866012657,0.15128355342065927,0.4476424564628008,0.24456071960558723,0.08376061503694958,28,Man,sad,black
/home/peisze/PycharmProjects/causalgaze/xgaze_224/train/samples/subject0009/frame[3]_cam[0].jpg,0.050857155066022564,0.05463354681910033,0.19792508591623187,0.20247456114471546,0.24082831008603325,0.2255899715010577,0.39870295593264027,0.16803782360407207,2.108905435805265,0.2956750413420681,0.30371052745689114,0.9493728904688813,0.997615690959866,0.9387402888139103,0.6983970466622347,0.1159775019981326,0.18266862455034324,0.9627277786486058,0.2064719484445153,0.4530621311515242,0.23027100631358213,0.08429856597513136,29,Man,fear,middle eastern
/home/peisze/PycharmProjects/causalgaze/xgaze_224/train/samples/subject0009/frame[2]_cam[0].jpg,0.061684108242903185,0.07143377595354994,0.1999193595810937,0.2111560387342183,0.3017053155768303,0.27255779269491126,0.391216844153662,0.16937504805617754,2.0732000243256388,0.26927531805409655,0.30963968157831406,0.9254268888459534,0.9891393137348544,0.9490517523832784,0.6855007023397761,0.12191224429756449,0.2025100582604389,0.9540848525660294,0.22033948288182723,0.440129067988739,0.21944818890640158,0.06357695167921194,29,Man,neutral,middle eastern
/home/peisze/PycharmProjects/causalgaze/xgaze_224/train/samples/subject0009/frame[11]_cam[0].jpg,0.07051096459073088,0.07288695185794539,0.1880165446356104,0.19328643215424227,0.335034553277588,0.3302989118601811,0.3775608714724903,0.16352819825585502,2.0814390702353753,0.273563439546164,0.3002738901857025,0.9260342079877985,0.9853360882464477,0.938071137917342,0.6812498801472142,0.11694894496803447,0.21895599295734033,0.9402948700889004,0.21572097147818137,0.445104541357666,0.2329331342406667,0.08564918549700347,29,Man,neutral,indian
/home/peisze/PycharmProjects/causalgaze/xgaze_224/train/samples/subject0009/frame[5]_cam[0].jpg,0.011239930585057808,0.01825709888061903,0.19741664693602193,0.2049786815452861,0.0811164086119449,0.04800201480295502,0.3884516022655852,0.16883751452093398,2.073007020219395,0.28323673474350086,0.31585436186715893,0.9489275495338413,1.0110277539839054,0.9361557070590873,0.7078302548621304,0.10868985368663225,0.1868571139894041,0.9819900876057656,0.2082534909522547,0.4560508152961666,0.2402552459297335,0.08150054078521246,29,Man,fear,middle eastern
/home/peisze/PycharmProjects/causalgaze/xgaze_224/train/samples/subject0009/frame[1]_cam[0].jpg,0.07067997643979934,0.07631623258654197,0.19535556943344679,0.210603270725712,0.3227749764784146,0.31900702197913366,0.3833718131225092,0.17302623873125877,2.039237780314749,0.25925864192011266,0.3133628743877554,0.9076273651120097,0.9676152197535194,0.938229727830748,0.6774313735646575,0.11863683490129635,0.209827849376252,0.9374040351987613,0.21326845444936698,0.4359783281523342,0.2190464592113089,0.06756254008303683,29,Man,neutral,indian
/home/peisze/PycharmProjects/causalgaze/xgaze_224/train/samples/subject0009/frame[10]_cam[0].jpg,0.0680193085719089,0.07353643614215309,0.20039850863651784,0.20472395222798712,0.3186942204326427,0.2989566027616807,0.38317311445593377,0.1663524860545279,2.071957826396144,0.2767328234675417,0.3036164479799413,0.9233586092200143,0.9833338508664691,0.946196030424359,0.6832402890466218,0.12236749372936444,0.20277840866266494,0.9433966427663684,0.2175819407176074,0.4430702567391386,0.22031097335025102,0.07493950112224652,29,Man,neutral,indian
/home/peisze/PycharmProjects/causalgaze/xgaze_224/train/samples/subject0009/frame[8]_cam[0].jpg,0.012759093254125478,0.021383025232125454,0.19764757224268337,0.20383191802818354,0.0941896842950781,0.053592153158466285,0.3841679883623427,0.1743716510108718,2.029590217080517,0.28037501664558756,0.31404916153489976,0.926640447477682,0.9965843423756847,0.9370801556035214,0.6981928684749524,0.10834032497704392,0.1938041894011937,0.9698848667838792,0.21466407167394846,0.4484471108584625,0.2343275652107167,0.08172701959970133,29,Man,fear,middle eastern
/home/peisze/PycharmProjects/causalgaze/xgaze_224/train/samples/subject0009/frame[9]_cam[0].jpg,0.07673028902495085,0.07908982080145491,0.20139894370443376,0.21030210124286627,0.3336819816389832,0.33510869978476504,0.39450538117919964,0.16624005462606475,2.1093905241924493,0.2800316498880564,0.3095869317791697,0.9631753105627693,0.9952705434970054,0.953847330629845,0.7004599603412255,0.11393201141427464,0.20418156122970482,0.9531957848636253,0.22157366183967298,0.458571248440709,0.22481678994578397,0.08967574353492631,27,Man,neutral,indian
/home/peisze/PycharmProjects/causalgaze/xgaze_224/train/samples/subject0009/frame[4]_cam[0].jpg,0.0352518568943602,0.041747225454236765,0.1850992272072585,0.19868536483449042,0.18844986937458344,0.16587392617347077,0.39110340445927433,0.17845417876418176,2.0240820433251874,0.2789327542555115,0.31393579229862933,0.9379652127759199,0.9933753016629202,0.9375495160832632,0.6976765739978135,0.10691265594699159,0.1799776585838226,0.9623042669394893,0.21047917491026907,0.4483511251828426,0.23298511376128095,0.08338316672220981,30,Man,fear,middle eastern
/home/peisze/PycharmProjects/causalgaze/xgaze_224/train/samples/subject0009/frame[6]_cam[0].jpg,0.0718772162946235,0.07738959080795471,0.19015835367371664,0.2010603490352083,0.3432686615894445,0.33431444571852964,0.38880560348946425,0.1725009817353475,2.059651183592538,0.264506743397096,0.3055999623988757,0.9141125592890949,0.9804115759569193,0.9376826580712991,0.6782721536976009,0.10953342139756828,0.2168065628786462,0.9453841272077899,0.2121216674335303,0.43542191624668997,0.2265168232914737,0.06865567550418364,29,Man,neutral,indian
/home/peisze/PycharmProjects/causalgaze/xgaze_224/train/samples/subject0010/frame[3]_cam[0].jpg,0.07540767749192058,0.07792363548137383,0.1826693691809992,0.1976865336817724,0.351451618184264,0.36542410164431144,0.37770602942273157,0.16825660317033345,2.0452453195092404,0.2704441549334549,0.30911329865600623,0.9377919754916455,1.0033968038232408,0.9575880096462303,0.6924705212547289,0.13996225133372847,0.17733879071219968,0.972821952248771,0.23424395651854138,0.4202796553934452,0.24261953685377768,0.08218846196012002,38,Man,neutral,white
/home/peisze/PycharmProjects/causalgaze/xgaze_224/train/samples/subject0010/frame[0]_cam[0].jpg,0.07573597854437632,0.08229176410636528,0.18742048916118306,0.20378970295097945,0.3617847201416566,0.35874858086571504,0.3773800892786891,0.1628005280507842,2.0788100764244324,0.2695716533083768,0.31270236789631295,0.935194011415995,1.0073180024550643,0.9482703512450463,0.6881474866187515,0.1396705940531048,0.17588723677443713,0.9748920527984622,0.2298123791623242,0.4280302865681699,0.23801964344722554,0.06552237530647115,36,Man,neutral,white
/home/peisze/PycharmProjects/causalgaze/xgaze_224/train/samples/subject0010/frame[2]_cam[0].jpg,0.03828921608467313,0.04197542850594548,0.18084263148257634,0.19247819111728687,0.1940886143292043,0.18472406415870982,0.38627114068742474,0.17487105442149176,2.0376892311774015,0.2811279601812373,0.32424148788941987,0.952384464302902,1.0286521086261327,0.945001573257309,0.7123904851224369,0.13378636514596073,0.15481740735166796,0.9968240463792206,0.22302684470351597,0.43078003569449036,0.2467446832705576,0.08594171667824575,31,Man,sad,asian
/home/peisze/PycharmProjects/causalgaze/xgaze_224/train/samples/subject0010/frame[7]_cam[0].jpg,0.04295496873838435,0.044675481054506055,0.1745439161577254,0.18911003894999479,0.20972728180108283,0.21496016720933564,0.38619025507742494,0.1757163590651014,2.031982104872921,0.2777997173980274,0.3235844945814695,0.9469143793081177,1.0193446440604235,0.9432548151209437,0.7104161155684251,0.133354960481772,0.15829515233635227,0.9905963042985204,0.22559909227340022,0.4248881476138186,0.2444069514712407,0.08555720823057464,36,Man,neutral,white
/home/peisze/PycharmProjects/causalgaze/xgaze_224/train/samples/subject0010/frame[5]_cam[0].jpg,0.07650835575072623,0.081439668437636,0.18283866677526683,0.2001666653083707,0.3639781542175504,0.3716548130249728,0.3766623403808513,0.16454912964999752,2.066558959327387,0.2667542911024706,0.30953899357146647,0.9377093804757604,0.9997489102255016,0.9516913089507534,0.6884278905050714,0.13640375532728494,0.1774585855748992,0.969583194486645,0.23309133948317604,0.4166521652058296,0.23956958640818482,0.07140150329723866,37,Man,neutral,white
/home/peisze/PycharmProjects/causalgaze/xgaze_224/train/samples/subject0010/frame[1]_cam[0].jpg,0.07729936691903898,0.08230378825003398,0.19113625262363404,0.20314183779615852,0.36217658420360405,0.3586258658743835,0.38218581901902,0.16373314575575942,2.0724989592914653,0.27701010220641525,0.30529598420378984,0.9355577726223241,0.9841257666004645,0.9474591300562918,0.6865891328755972,0.133364917469137,0.17906737109442766,0.9523293527721306,0.23032114422978137,0.4318746724912482,0.23849343617202654,0.08365268224624275,37,Man,neutral,white
/home/peisze/PycharmProjects/causalgaze/xgaze_224/train/samples/subject0010/frame[10]_cam[0].jpg,0.03751132773546426,0.04387894706516179,0.1829125780349541,0.19136912729219926,0.2038164426204724,0.1792743257525053,0.3863108461988378,0.1770432891026436,2.0240638179766064,0.27874115165086344,0.31861006390326213,0.9397091039662621,1.0121047607805833,0.9408329216673172,0.7049134579078348,0.1321707220577862,0.15590909223859065,0.9776160259446749,0.2189254601882227,0.4250234656979899,0.24208916811835451,0.08114538667831742,38,Man,neutral,white
/home/peisze/PycharmProjects/causalgaze/xgaze_224/train/samples/subject0010/frame[8]_cam[0].jpg,0.06763274845799237,0.07456811865711703,0.18268554562538855,0.19998651210719662,0.3338318529599067,0.32815931583823194,0.3814292853247069,0.16176401846398375,2.096596392496942,0.2676864801824279,0.3120270168915776,0.9287023306822261,1.0019068251186243,0.9452277369366591,0.687941981663823,0.1400671476552028,0.17380279739250065,0.9680096446129831,0.23292175294088555,0.42522066106389755,0.23685308506508987,0.06484359653286695,36,Man,neutral,white
/home/peisze/PycharmProjects/causalgaze/xgaze_224/train/samples/subject0010/frame[4]_cam[0].jpg,0.0724150853964218,0.07683949146474724,0.18165182357559945,0.19730083121734146,0.34749127423489073,0.3523347482104357,0.37674001535448776,0.16280316696077174,2.0778822235616583,0.2703211545625591,0.30855876137378424,0.9373143249434451,0.9982420924854523,0.9487060829531448,0.6890081969259143,0.14050311352985415,0.17359765199245858,0.9690815687802935,0.23382988958544176,0.41978855431664425,0.240309240580412,0.07499595387119884,37,Man,neutral,white
/home/peisze/PycharmProjects/causalgaze/xgaze_224/train/samples/subject0010/frame[6]_cam[0].jpg,0.07766027548562755,0.08327803426684058,0.18734327128930048,0.20168582369652377,0.3704571079970258,0.3690236619815607,0.37518241640828937,0.16518670703064828,2.063361211811981,0.2652934741373045,0.3051490055408778,0.920280496072229,0.9855032066616417,0.9480921297628848,0.6757650971601824,0.1357093087275336,0.17561467578933665,0.9566913863645661,0.22915133431237678,0.41565195718862474,0.22988242587789165,0.06020097505392191,36,Man,neutral,white
/home/peisze/PycharmProjects/causalgaze/xgaze_224/train/samples/subject0013/frame[3]_cam[0].jpg,0.07635275524712117,0.07366438642155322,0.20080464578007187,0.20398950215842124,0.3212603566382169,0.33619707651356134,0.4248161861876575,0.21065900693733394,1.981943373407984,0.2885780197837161,0.3047072866028294,0.9089147553015905,0.9894094724399777,0.9246404449592102,0.7106209943753816,0.09907853174573052,0.14701716324834158,0.9757864394373339,0.18019027019971282,0.47347039798058793,0.2634685794405188,0.0860919696473094,34,Man,fear,black
/home/peisze/PycharmProjects/causalgaze/xgaze_224/train/samples/subject0013/frame[0]_cam[0].jpg,0.050515517627996886,0.05027697142382193,0.19596857329575543,0.19462028322191516,0.22997475678867663,0.22763753167661435,0.4202685698138138,0.20050412979972482,1.9997883309696256,0.291958001709296,0.30038604423513765,0.9023862494356584,0.9823225393317709,0.9156791366812247,0.7114825683737708,0.10083147677839241,0.133774341173349,0.9758857330595299,0.18103649265361443,0.4832062534095611,0.26836282707838105,0.07938681052808762,34,Man,fear,black
/home/peisze/PycharmProjects/causalgaze/xgaze_224/train/samples/subject0013/frame[2]_cam[0].jpg,0.057783547923856045,0.05655425431818503,0.19769782782635278,0.19868063056296553,0.2530560367970191,0.25777862924857137,0.41257631163964126,0.19106192800446867,2.021908748842978,0.29131890825405904,0.30266364455993017,0.9140550325129989,0.9957033613982736,0.9063841210788754,0.7114984479400785,0.10992540277575336,0.13040384188068063,0.9811435016143665,0.17625929329419054,0.47960736338412935,0.2675161141194691,0.0829348199901665,34,Man,fear,black
/home/peisze/PycharmProjects/causalgaze/xgaze_224/train/samples/subject0013/frame[7]_cam[0].jpg,0.019488939103975176,0.020877741730489657,0.19180424405669458,0.19881254816112084,0.09519946716136704,0.08835548555962877,0.41307752093694317,0.20026689396967282,1.986628791420827,0.28480637153939165,0.3006662581340846,0.8869229309094824,0.9618344005889651,0.9091902758254983,0.699261218248886,0.10066428829167437,0.13761295981668814,0.9513937473787528,0.18935445501128553,0.44386002408643715,0.25720502929736827,0.07779391466066156,34,Man,fear,black
/home/peisze/PycharmProjects/causalgaze/xgaze_224/train/samples/subject0013/frame[5]_cam[0].jpg,0.06570533814735992,0.0645485998714244,0.19943653074001338,0.2063503909299259,0.2790782040006954,0.2905856841366376,0.41632221577359635,0.18614164173158054,2.054590944910609,0.28721320460265654,0.3019972451555616,0.9044483548888108,0.9818292621832017,0.9057630130628446,0.7042119066964302,0.10871165522338631,0.13290516782976236,0.9719691295452536,0.17764210805889977,0.47533127993762636,0.25604699828109295,0.08797282133958911,34,Man,sad,black
/home/peisze/PycharmProjects/causalgaze/xgaze_224/train/samples/subject0013/frame[1]_cam[0].jpg,0.0786378016954544,0.0779275530414779,0.19961597337443318,0.20620065354379824,0.33659467605339466,0.34837928906805193,0.4130640232500678,0.2005641665704914,2.0055830770542955,0.28588357659500047,0.3021162869152005,0.9048001625114106,0.9811592530508333,0.9129404755037034,0.7059244580260433,0.1020411009212838,0.14340192139528135,0.9662382313738629,0.17259325644583157,0.47627823175258466,0.26581099422459303,0.09258007177730397,33,Man,fear,black
/home/peisze/PycharmProjects/causalgaze/xgaze_224/train/samples/subject0013/frame[8]_cam[0].jpg,0.03230134610444609,0.03926249153642291,0.18640893933404348,0.1937663340407109,0.1820555578262617,0.1509450249216745,0.41098717713531163,0.18590624755515983,2.0465455185592134,0.2800635891037993,0.300513286103276,0.9069188339802198,0.9698469301259665,0.8877926041296893,0.6993847030997349,0.10127313328491991,0.13405484970686546,0.9533412311335282,0.18976193783742026,0.45571831072303515,0.2616895269732616,0.08129462396757185,34,Man,fear,black
/home/peisze/PycharmProjects/causalgaze/xgaze_224/train/samples/subject0013/frame[9]_cam[0].jpg,0.07568253252426786,0.0759899292222713,0.2018839787152712,0.2018040431654608,0.33533027333298615,0.3316818791388716,0.4010100420465387,0.19460645677283228,1.9941873613058005,0.28666024836256626,0.3044840070265198,0.9098346011346253,0.9871329378294261,0.9128511789236868,0.7071173914518777,0.10640368302368751,0.1532531041512358,0.9730954502595768,0.18446534644737853,0.4731233672769858,0.26149740078941375,0.074993102707812,34,Man,fear,black
/home/peisze/PycharmProjects/causalgaze/xgaze_224/train/samples/subject0013/frame[4]_cam[0].jpg,0.07711972733243987,0.07633999321805326,0.2030095123471104,0.20372896730160497,0.33341112950113233,0.3360598110274254,0.4077256757739596,0.20283588846386633,1.9823447033178527,0.28960261779875107,0.30626977123905186,0.908003625251196,0.98761320513535,0.9211963808368276,0.7109053744429489,0.10138234154831587,0.1491371330581041,0.9766519315674612,0.17960900028217164,0.47433794203574664,0.26773243206306,0.08456865946394701,33,Man,fear,black
/home/peisze/PycharmProjects/causalgaze/xgaze_224/train/samples/subject0013/frame[6]_cam[0].jpg,0.03838307648508851,0.04218500168111702,0.19294112551519682,0.19523995555861595,0.19208767385185954,0.17407949062003375,0.396002980151084,0.18601981214567576,2.012147749106127,0.28755116229478617,0.30265292524801946,0.8972512672648023,0.9778156281042593,0.9055432662318265,0.7058307915689664,0.10845907459219407,0.13270918435739876,0.9647302312490197,0.18942079776618956,0.4530178222009291,0.26029853672706665,0.0844924612675544,34,Man,sad,black
/home/peisze/PycharmProjects/causalgaze/xgaze_224/train/samples/subject0014/frame[3]_cam[0].jpg,0.03042670596638246,0.03950606572934754,0.19496019097862635,0.19980475301414022,0.17642392461179382,0.13626080256893897,0.324041967400211,0.15130686840360155,2.0500040495579994,0.30275786953212136,0.32353391670267906,0.9493110117386082,1.0348160971615958,0.9262177679818445,0.7287624531288066,0.11974221467141051,0.16713879959712222,1.0357719028580543,0.1903964871338168,0.4646372528712146,0.26196834556031173,0.0900150905703974,33,Man,sad,asian
/home/peisze/PycharmProjects/causalgaze/xgaze_224/train/samples/subject0014/frame[0]_cam[0].jpg,0.05034445479394214,0.05194986037255156,0.1805966745328521,0.1845699909673693,0.24972964076031676,0.24469482459630204,0.32384028959327676,0.14862316262916425,2.067224632983802,0.2964909436195711,0.310354492900418,0.9341386822677217,1.0142162267762727,0.9319150816606108,0.7175912968109397,0.11428084653418677,0.17697502294582024,1.0132482412254142,0.19714110607866256,0.45602921466949453,0.26618106816116544,0.08832850903331099,32,Woman,sad,asian
/home/peisze/PycharmProjects/causalgaze/xgaze_224/train/samples/subject0014/frame[2]_cam[0].jpg,0.06291402285752781,0.06463616644620687,0.19350376585762197,0.19630843604806011,0.293756331488125,0.2873405772113329,0.3298786604163711,0.1518126029919658,2.0685794815768643,0.29206655009822347,0.3137611166525612,0.9322344326004878,1.0116773858177932,0.9393723934847704,0.717737490291188,0.11965757635101155,0.18754840153876084,1.0084631752022286,0.1957811149087053,0.4643731355569491,0.260371703659098,0.08018656406569882,32,Woman,sad,asian
/home/peisze/PycharmProjects/causalgaze/xgaze_224/train/samples/subject0014/frame[7]_cam[0].jpg,0.07753087362839171,0.07899674007055456,0.19191106516813056,0.1962925897429973,0.3591141039238367,0.3578017504601313,0.3131674310815753,0.15614473360015585,1.9881935497729162,0.28679844761977175,0.3040423162482871,0.9210594634104964,1.0015487616073888,0.9456289559313218,0.7037602671643812,0.12180480044154955,0.17685537283675684,0.9947470969592846,0.18589355091847573,0.45172742293556317,0.2586476929505186,0.08373328087274184,31,Man,fear,asian
/home/peisze/PycharmProjects/causalgaze/xgaze_224/train/samples/subject0014/frame[5]_cam[0].jpg,0.05320026688236865,0.05584002865515538,0.18409519195519936,0.19205884420361885,0.2583430984084161,0.25371339535395726,0.32562820295246264,0.15796504144478707,2.0158976312118364,0.29985488610337824,0.3179297901221236,0.9444400249284874,1.0263704164547893,0.9358328853259394,0.7255526785572497,0.1172604855631119,0.1717459345860516,1.0290303056464685,0.19309648548185912,0.45812873215925526,0.263757599426063,0.0912636927917522,33,Man,sad,asian
/home/peisze/PycharmProjects/causalgaze/xgaze_224/train/samples/subject0014/frame[1]_cam[0].jpg,0.05841392755051709,0.062466637520802656,0.19040451023722985,0.19649841058129666,0.28359477867086996,0.27134923024522295,0.3203426991556222,0.14136772769851463,2.105363591450128,0.2916502236611448,0.31353439491833107,0.9337265626709996,1.0183189906408117,0.9277558437396247,0.7154181962645215,0.1222355538994096,0.17378847897815358,1.014447405575137,0.19576904175153872,0.45702113931215277,0.25627623778808706,0.07522448494653777,32,Woman,sad,asian
/home/peisze/PycharmProjects/causalgaze/xgaze_224/train/samples/subject0014/frame[8]_cam[0].jpg,0.054809075188388984,0.05747450136486258,0.18364480974602948,0.19448580509952734,0.263579958989389,0.262723470723193,0.31621009270810224,0.15884410437057578,1.9896144108434213,0.29594952855933077,0.31521716597184846,0.9345074490442611,1.0226495420583903,0.9327392293702337,0.7181600591085869,0.1183596703937306,0.16586285186052582,1.0232377249765232,0.18858175584944645,0.45786887392526743,0.26158055627171767,0.08905318756945271,33,Man,sad,asian
/home/peisze/PycharmProjects/causalgaze/xgaze_224/train/samples/subject0014/frame[9]_cam[0].jpg,0.05178981286217608,0.054039493149095764,0.1814775160895179,0.19001074515898628,0.2527142224354935,0.25032386596217787,0.31814615359458853,0.16170706395741688,1.9769956949707312,0.296988827129058,0.3153335840235817,0.9316747798449224,1.0178252076108556,0.9314591498426488,0.7192384797999352,0.12009789540557714,0.17237455657623052,1.0196285822717122,0.1890766136612887,0.45626867331877397,0.26502786881547685,0.09003585261592631,33,Man,sad,asian
/home/peisze/PycharmProjects/causalgaze/xgaze_224/train/samples/subject0014/frame[4]_cam[0].jpg,0.07577023163390605,0.07544884465129818,0.18793690146994382,0.19284873458232815,0.3482366969410506,0.3560514796762297,0.321343023602313,0.15237280658887425,2.031115325143725,0.28886798716416257,0.3034728520672514,0.9230658850257119,1.0028010475588982,0.9377019486755609,0.7083496441873439,0.11116635027738801,0.19148479881172317,0.9975619217335996,0.19977322065097497,0.4537412861856488,0.26246035547005747,0.09282959765662989,31,Man,fear,asian
/home/peisze/PycharmProjects/causalgaze/xgaze_224/train/samples/subject0014/frame[6]_cam[0].jpg,0.08009619937938195,0.0809027410039261,0.19398223046678514,0.196627685962607,0.36804349710639955,0.36635257254779463,0.31627543433946637,0.15370815319473105,2.0108406639886827,0.2851510601677939,0.30411907511834607,0.9156075648897141,0.9936637099114753,0.9512909631881683,0.7023717689273962,0.12113611616292126,0.18738082101871303,0.9833578547207187,0.19744129511587818,0.45750875626423376,0.25763221628284505,0.07910429901292634,30,Man,fear,asian
/home/peisze/PycharmProjects/causalgaze/xgaze_224/train/samples/subject0015/frame[3]_cam[0].jpg,0.04792538954834635,0.04839443179095895,0.19598470469682097,0.20815043614567458,0.20540521412424315,0.2124848627208336,0.40670588979137456,0.11351860425469697,2.6061521592318933,0.2915256618183066,0.32631141821305043,0.9442418603376663,1.0035249297275788,0.9180349465378056,0.7241616690292115,0.11538237367390825,0.17381205023055626,0.9847522628368935,0.25094803509851665,0.4796379416466661,0.25428922486427225,0.09320093789670797,31,Man,neutral,middle eastern
/home/peisze/PycharmProjects/causalgaze/xgaze_224/train/samples/subject0015/frame[2]_cam[0].jpg,0.03282770144702285,0.03545466293821513,0.19373766345811547,0.20624293944597782,0.1521921396228677,0.14718327938220993,0.40790927355701057,0.12358884291105714,2.484279549437028,0.28927007064942656,0.3293114421812827,0.9448082072691911,1.0034256862018258,0.9231169582277502,0.7265677218998406,0.1129852567480553,0.17051791490789792,0.9874410253189527,0.2502250266454034,0.4733665995023743,0.26056047152398815,0.08849770430953814,32,Man,neutral,middle eastern
/home/peisze/PycharmProjects/causalgaze/xgaze_224/train/samples/subject0015/frame[7]_cam[0].jpg,0.07264252565043258,0.07104378813856509,0.1945165156124166,0.20448929198574162,0.30812378756242226,0.3281192728637093,0.3939362340990366,0.10711273343638823,2.6645134171938563,0.27536151549215737,0.31617141046416103,0.940896565209703,0.9850578792186127,0.9199621569594449,0.7070264099612383,0.1131579370196129,0.198347659825433,0.9617104084210426,0.27041242445301766,0.4760552817411173,0.25745254139388346,0.08741385555981909,28,Man,neutral,latino hispanic
/home/peisze/PycharmProjects/causalgaze/xgaze_224/train/samples/subject0015/frame[5]_cam[0].jpg,0.05936513525469749,0.06274208604062838,0.19646551656808764,0.20630986900766188,0.27018464382763396,0.2653958537636719,0.3988189634722888,0.11438562122761718,2.572582378915416,0.2820875361680702,0.3188418617895903,0.9388518976118703,0.9907129302513988,0.9160841252618922,0.7122492122458784,0.11398723810998596,0.19395708597645023,0.970965879926022,0.2645711416612271,0.47007397367574016,0.2538363713084843,0.07295923935436813,27,Man,neutral,middle eastern
/home/peisze/PycharmProjects/causalgaze/xgaze_224/train/samples/subject0015/frame[1]_cam[0].jpg,0.0444769987774856,0.044983866861535673,0.1953406530563594,0.20667127194857787,0.19220183471540128,0.1983774631708412,0.41291611899858754,0.12213636604959284,2.526913854931637,0.28975529331670896,0.32716311772861734,0.942882097901675,1.0070636131482675,0.9154625615591574,0.7251414437407019,0.11768086904268915,0.1644426703822525,0.9892978795984324,0.2427292476635267,0.47837523523412184,0.2581762142336286,0.09145264595381473,32,Man,neutral,middle eastern
/home/peisze/PycharmProjects/causalgaze/xgaze_224/train/samples/subject0015/frame[10]_cam[0].jpg,0.06712222885118223,0.06979219663850057,0.19590471900038936,0.2095495296821468,0.2967675881233892,0.30158654670837837,0.40176504651913053,0.11568906359095658,2.5850341595101085,0.2789066757870274,0.32674000694560584,0.9697247127280918,1.0182925796688245,0.9382878455474828,0.7258348725172248,0.11736471520710698,0.2049452201222991,0.9937154519803241,0.2781123991729982,0.47256236659789436,0.2575738097023544,0.07285583176735029,27,Man,surprise,middle eastern
/home/peisze/PycharmProjects/causalgaze/xgaze_224/train/samples/subject0015/frame[8]_cam[0].jpg,0.04478137886358621,0.04640969992436788,0.19677754665559286,0.2076839515667154,0.19729214400094586,0.1982804610027741,0.40375298005595983,0.11106876981998057,2.619726360122101,0.29181071961808186,0.32807191522985474,0.9441652331094543,1.0054682577011764,0.9255369009419973,0.723291602345704,0.12189210058247019,0.1713143671609867,0.9881971811861973,0.25814996942387386,0.4793068810379519,0.25229132083742467,0.09051875725815801,32,Man,neutral,middle eastern
/home/peisze/PycharmProjects/causalgaze/xgaze_224/train/samples/subject0015/frame[9]_cam[0].jpg,0.051556946415671955,0.05478999657109653,0.19458940147788692,0.21243264012572827,0.22921061575247959,0.23120692398433704,0.4039106065271898,0.11115355069900218,2.621321920769752,0.290143314796583,0.329609363351951,0.9654176461541292,1.012471052979945,0.9311116514733596,0.7265596635880232,0.11747685432833056,0.18301614300065042,0.9911221710811156,0.26596322269014294,0.48327525080113437,0.2550557085907123,0.0929407339146979,29,Man,neutral,middle eastern
/home/peisze/PycharmProjects/causalgaze/xgaze_224/train/samples/subject0015/frame[4]_cam[0].jpg,0.04016798122780548,0.04074784909079896,0.1911456097955278,0.20344598551024384,0.1770515701176512,0.18272540334122278,0.40983695982478835,0.11974719366726597,2.534817284344691,0.2878582933576468,0.3279326238974497,0.9422327975603139,1.0009869177418635,0.9199995778769738,0.72371924868025,0.11487310379202324,0.17050870196411602,0.9836084436402059,0.2522337926507751,0.47114956734644303,0.25868213208977575,0.09033088808119723,32,Man,neutral,middle eastern
/home/peisze/PycharmProjects/causalgaze/xgaze_224/train/samples/subject0015/frame[6]_cam[0].jpg,0.0441236656896993,0.04833225610531128,0.19240336801114774,0.20988964059917609,0.20420414251201702,0.19938218532690785,0.4064250765365373,0.11560081995741829,2.573372922430912,0.2900810104253126,0.3293316232564258,0.9443522893934387,1.0118901044339437,0.9253436956423025,0.7246418794363491,0.11741268238868706,0.1718359356543579,0.9922810500764686,0.25729923163276214,0.47942212305152476,0.25691352284949254,0.09144033240249236,31,Man,neutral,middle eastern
/home/peisze/PycharmProjects/causalgaze/xgaze_224/train/samples/subject0016/frame[3]_cam[0].jpg,0.06458250439013902,0.07266262784720796,0.1933259298999479,0.20582001579788264,0.31466333615145015,0.29530732592455666,0.36235374181172475,0.15920000787268934,2.080609293988716,0.2776845806665248,0.31713529740494467,0.9208967109924895,0.9851300108182252,0.9239537407074585,0.6958400459339009,0.1418849492022841,0.166325709775259,0.9687370299179906,0.21650670248370163,0.4647891696448664,0.2536323944176306,0.06945842311476075,32,Man,surprise,white
/home/peisze/PycharmProjects/causalgaze/xgaze_224/train/samples/subject0016/frame[0]_cam[0].jpg,0.060813458410572875,0.06390776134200335,0.1892327682644977,0.2009166268753464,0.2813935695612161,0.2802687589883798,0.38003492421567386,0.16157762655443944,2.1060704441305376,0.28658452547426355,0.32104253560572443,0.936914656472479,0.9981005517587342,0.9415377888523243,0.7110441594844313,0.14199267026324916,0.15964605306317523,0.9830726405905234,0.21810539058741063,0.47287155967809263,0.2559550370575908,0.09255152599936113,32,Man,surprise,white
/home/peisze/PycharmProjects/causalgaze/xgaze_224/train/samples/subject0016/frame[2]_cam[0].jpg,0.051007139808060625,0.052347024455488535,0.18895971468733738,0.19525789458000378,0.23624101123396885,0.23441911650443728,0.3909537380522498,0.1686389613470652,2.0917606680231233,0.2925545140807106,0.32018344928204184,0.9419133773130725,1.0008360024079461,0.9614959790168962,0.7183373493826427,0.14714327122408652,0.14878589104375903,0.9886996353097985,0.22474097568734108,0.4694731668176195,0.2567027403807707,0.09202354285383567,32,Man,fear,white
/home/peisze/PycharmProjects/causalgaze/xgaze_224/train/samples/subject0016/frame[7]_cam[0].jpg,0.06901077923027439,0.07132282800129333,0.1897354388630744,0.20421977404345926,0.30851689935847104,0.31788329041531155,0.3781979864410028,0.16594327077256035,2.0796072138855455,0.2815856363106539,0.32230528877226783,0.9480766279839274,1.0127896140985844,0.9682427342393806,0.7192503862106067,0.14458951253167313,0.17813986446282243,0.9923043490574578,0.23267272332316144,0.4686378548594956,0.25398164632132236,0.09459380076837348,32,Man,surprise,white
/home/peisze/PycharmProjects/causalgaze/xgaze_224/train/samples/subject0016/frame[5]_cam[0].jpg,0.05687301764207407,0.06417405763104916,0.19095907445775337,0.20295822885276657,0.2808478623472204,0.2626180114500413,0.36676243411478215,0.16243482129901032,2.076386854666608,0.2792725438418099,0.3211443950768171,0.9220243304622755,0.9893007602831315,0.940032801520891,0.7035330490241771,0.1459991673496648,0.15567576117504392,0.9725235215017553,0.21700189483016735,0.46116600743579045,0.2490914630039356,0.06911250513597363,32,Man,surprise,white
/home/peisze/PycharmProjects/causalgaze/xgaze_224/train/samples/subject0016/frame[1]_cam[0].jpg,0.0791616645718768,0.08315943712994105,0.19691425284663777,0.2130456879409737,0.348326024993448,0.3553357658379658,0.37674641582907337,0.1594028721920424,2.109187157355234,0.28503842282398795,0.3172118050210099,0.9474622731125542,1.0025164583882482,0.9441405693233513,0.7117497916724961,0.13677314720372638,0.1779580278010908,0.9829519349266742,0.22721894336802312,0.47003051936612694,0.2586034973064293,0.08968067857265048,30,Man,surprise,white
/home/peisze/PycharmProjects/causalgaze/xgaze_224/train/samples/subject0016/frame[8]_cam[0].jpg,0.05583496581936543,0.060460101835384146,0.18745149495785837,0.1973000163436531,0.27138231279739,0.2618667634666417,0.3633429717233427,0.16343553180592651,2.0571467805471926,0.2770122051813934,0.3178845205111738,0.921324003767858,0.9858594731291505,0.936989722211928,0.6993661330424162,0.14302437403575083,0.15750175215287104,0.9651767533028043,0.22016919101231774,0.4618909790706054,0.2513589767725684,0.07413527091812534,31,Man,surprise,white
/home/peisze/PycharmProjects/causalgaze/xgaze_224/train/samples/subject0016/frame[9]_cam[0].jpg,0.06999493017100497,0.07306761416478691,0.1890470767783117,0.20611254923609088,0.3144521665798844,0.3246130792256835,0.370346301561423,0.16135124229918776,2.083031762089358,0.2772324717878974,0.32030436446684823,0.9409533797735399,0.9971579182893539,0.9428968608474122,0.7058976401533349,0.14076111011096046,0.16971177031059298,0.9768253321065354,0.2207790969913746,0.4661219261833162,0.2494048424199072,0.09200325194164108,32,Man,surprise,white
/home/peisze/PycharmProjects/causalgaze/xgaze_224/train/samples/subject0016/frame[4]_cam[0].jpg,0.06811024539161985,0.0751616236280627,0.18896771998184336,0.20210447768049522,0.33105319976896863,0.31847154711151054,0.3583295782599066,0.15298319770080543,2.1048998243437524,0.27273147854098917,0.3133254756173447,0.9196613961808968,0.9828031956248456,0.9189513852120328,0.6913662904113985,0.14032295788052435,0.1722908125993402,0.9680208293186567,0.21935656689831023,0.4516017679145105,0.24991301369900598,0.0719439440632961,31,Man,surprise,white
/home/peisze/PycharmProjects/causalgaze/xgaze_224/train/samples/subject0016/frame[6]_cam[0].jpg,0.05743094105268813,0.06073576600482567,0.18704996018962522,0.19690075693614922,0.27312838885259544,0.26934651098922385,0.36738997575364124,0.1724001357387222,2.0188994108703593,0.2778379929095407,0.31933139365050633,0.9334455545676225,0.9944756631225651,0.9524268452230613,0.7087001550959108,0.14828448997278937,0.16701083988446133,0.9770904675110554,0.21555415493393892,0.46486068099633904,0.2569948615965233,0.08018338727149499,31,Man,surprise,white
/home/peisze/PycharmProjects/causalgaze/xgaze_224/train/samples/subject0018/frame[3]_cam[0].jpg,0.04484453841531908,0.04641094231609812,0.1852520406449733,0.20220470900327173,0.20346342112583138,0.211632599494014,0.3911775138739035,0.12181092238192955,2.466162378879119,0.28070024800204696,0.3236597812410984,0.9460217553483109,0.9963392645496383,0.9482910032777868,0.7247163673715701,0.1207626653405532,0.16903350726212407,0.9705617726367126,0.2584015922193385,0.45845667492890013,0.2463902677322272,0.09066749880401295,30,Woman,sad,white
/home/peisze/PycharmProjects/causalgaze/xgaze_224/train/samples/subject0018/frame[0]_cam[0].jpg,0.04922361223002269,0.04685418208578319,0.19044952965700082,0.19307435480272378,0.2150050356607341,0.2272124868849092,0.3868484180674325,0.11433528551842422,2.5355678164752025,0.28523002217434934,0.31757613215197045,0.9508765276009629,1.0090302043797816,0.9481343333877509,0.7267159195153893,0.12176758160714404,0.1731877526822415,0.9797780675101836,0.26688738283260205,0.457807419269042,0.24544659960851156,0.08714682336266064,29,Woman,sad,white
/home/peisze/PycharmProjects/causalgaze/xgaze_224/train/samples/subject0018/frame[2]_cam[0].jpg,0.030690954865413,0.025996829291317577,0.1981920971105925,0.20882806808957305,0.11096229940649627,0.13657642029707912,0.39093380863504046,0.11602956742568858,2.532292434608401,0.2876496320078589,0.3245408165959609,0.9489082109419311,1.0104679622510604,0.9455949780214592,0.7316400977885766,0.12442550007299039,0.1722079205121181,0.9813381226284789,0.2555711398317325,0.46006982619844444,0.24935281961492106,0.08597524627116616,30,Woman,sad,white
/home/peisze/PycharmProjects/causalgaze/xgaze_224/train/samples/subject0018/frame[7]_cam[0].jpg,0.09026576212302684,0.0888795215567991,0.20854947941932547,0.2168265331559745,0.3660488401110922,0.3846746301313174,0.37039971818209627,0.1175908451177712,2.4439762912809533,0.28081176085758763,0.3137816653188953,0.9427982857034559,0.9947846268804185,0.9378467171513704,0.7097009278725183,0.11663955877567432,0.1915430770465466,0.9630904423317709,0.25850426014070654,0.463157381086922,0.24511600357561855,0.08429459627128133,29,Man,surprise,latino hispanic
/home/peisze/PycharmProjects/causalgaze/xgaze_224/train/samples/subject0018/frame[5]_cam[0].jpg,0.08364063452865388,0.08431063908330484,0.2040575738227707,0.21876754149856867,0.3449253462888268,0.3641608536156117,0.37302540381731203,0.11120128884538008,2.5312700354988023,0.27907920017998566,0.31130895882055604,0.9377713688055075,0.9968239153552031,0.9438803384860849,0.7016489240748323,0.11373593990702917,0.19165221942477512,0.967364254501699,0.26918582675916036,0.4601008751788251,0.23687896868009956,0.09375960368285725,28,Man,fear,latino hispanic
/home/peisze/PycharmProjects/causalgaze/xgaze_224/train/samples/subject0018/frame[1]_cam[0].jpg,0.08036203393559069,0.07986587711976155,0.20329044598109575,0.21630131733898716,0.3300424601584786,0.3503167417992434,0.3749587433932246,0.10870323263380742,2.5702328605850626,0.28445469123420647,0.3130893597028195,0.948890863236647,1.0124871617605853,0.9500435735037235,0.7132832885094811,0.12150586061704655,0.19107432785089562,0.9847299285487059,0.2755817317898628,0.465299228371265,0.24258631015807,0.0953616254180689,27,Woman,fear,latino hispanic
/home/peisze/PycharmProjects/causalgaze/xgaze_224/train/samples/subject0018/frame[8]_cam[0].jpg,0.03468129110666505,0.040765676306241894,0.18958481419214004,0.2023512893918963,0.17891163303520985,0.1596302699712595,0.38959802358912465,0.12580434895957948,2.4298836784475153,0.28191640772483495,0.3236984942593425,0.9473446969252811,0.994922595579994,0.9464748455060212,0.7270798168207049,0.11893045834618937,0.1714129583912864,0.9698110781672481,0.2499911880982536,0.4635204807392208,0.24993750991441335,0.08950536435011962,28,Man,sad,white
/home/peisze/PycharmProjects/causalgaze/xgaze_224/train/samples/subject0018/frame[9]_cam[0].jpg,0.08841870555592762,0.08944297065202333,0.2085234715848255,0.22151285973813953,0.36175805912528664,0.3784834527879004,0.3691308863320082,0.11898646258798498,2.417258274345774,0.27014364435509036,0.31932235052429,0.9366845055188183,0.9796613751095513,0.9468335055554482,0.7026213085169629,0.11979456856014169,0.19056164842387097,0.9545190624754185,0.27775592779357494,0.46155760339314894,0.24404064780683438,0.06612954567457272,28,Man,surprise,latino hispanic
/home/peisze/PycharmProjects/causalgaze/xgaze_224/train/samples/subject0018/frame[4]_cam[0].jpg,0.05231904929852812,0.05430611834500797,0.19010739370187568,0.20602030883231054,0.23598237372093778,0.2428639246686341,0.38951059370387325,0.11930710976399332,2.4926540826855765,0.2812433816490257,0.31990358328875257,0.9472918464278058,0.9955869084563695,0.9495751899643459,0.7217032486784408,0.11883682560056814,0.1711027704854653,0.9704952457592041,0.26377437075891935,0.46035386089454805,0.24559586609251763,0.08749456878708202,29,Woman,sad,white
/home/peisze/PycharmProjects/causalgaze/xgaze_224/train/samples/subject0018/frame[6]_cam[0].jpg,0.02905478045349872,0.03265202861290096,0.1933260310247905,0.20699587053604945,0.14028202427720982,0.13109328057879427,0.38735207069482275,0.12545247324577719,2.4251049861256506,0.2845344785845773,0.323864522650611,0.9406257690399267,0.9952909938942767,0.9476980900078316,0.7247015161104016,0.11818487822062532,0.17379631394155023,0.9726412667422911,0.25121016674581303,0.46591231227250873,0.2502608030026039,0.08895812678991354,28,Man,sad,latino hispanic
/home/peisze/PycharmProjects/causalgaze/xgaze_224/train/samples/subject0019/frame[3]_cam[0].jpg,0.07711176937090015,0.07831349894127825,0.17299252732471698,0.2001060786820984,0.34847129702706886,0.39338859476667226,0.3675437555179009,0.1335221747243101,2.2670015653211606,0.24066746384509727,0.31745138011829255,0.9186857862489562,0.9710514377917073,0.935621351561034,0.6700165840491495,0.1213102247144736,0.19211542678565974,0.9479620421790157,0.22226338100933532,0.422398925077469,0.2321388629954029,0.08799909741097874,28,Man,neutral,white
/home/peisze/PycharmProjects/causalgaze/xgaze_224/train/samples/subject0019/frame[0]_cam[0].jpg,0.04577083220477306,0.04794149800210073,0.1668450611675609,0.18845180439551662,0.22715147569340127,0.24123639164857022,0.35255754079787943,0.12506897972010497,2.309267284277104,0.24024022185767402,0.3184437865746092,0.8709481332033513,0.9323326076271371,0.907467451527816,0.6665018612583674,0.1257825373467878,0.156315717357302,0.9252521041554189,0.19793420897749933,0.41583864468870696,0.23227144244250794,0.07325035359247395,28,Man,sad,white
/home/peisze/PycharmProjects/causalgaze/xgaze_224/train/samples/subject0019/frame[2]_cam[0].jpg,0.02231605128118701,0.012989743077403387,0.174085118069082,0.2052405747517749,0.056442777979370896,0.11147702534437384,0.35749315228683687,0.13080115410065932,2.2690097703993635,0.24892741322147469,0.3275326949498723,0.9092225273187808,0.9781313461457762,0.9372494172311352,0.6909891044279938,0.12375752866345877,0.1691074440604487,0.9638473509203653,0.21675458441816,0.43071277234548755,0.23984830083091246,0.07175627293854865,32,Man,sad,white
/home/peisze/PycharmProjects/causalgaze/xgaze_224/train/samples/subject0019/frame[5]_cam[0].jpg,0.06936439851838569,0.07322363477734622,0.17249541934279397,0.19688961789602386,0.33477250237694817,0.35745670686600894,0.3466458455810841,0.13673631797257516,2.1891410809177723,0.23290413146924727,0.31535185318491427,0.8777635671475325,0.938406755462213,0.9255014677871581,0.6559083242190642,0.12285875656779253,0.1984297750972534,0.9271918858227024,0.21984841938924254,0.41934657937178255,0.2324589154086205,0.05991809751318108,27,Man,neutral,white
/home/peisze/PycharmProjects/causalgaze/xgaze_224/train/samples/subject0019/frame[1]_cam[0].jpg,0.03386033750083055,0.03017661060546107,0.16838271812217903,0.1995699594184692,0.13452985389358285,0.17558734289567215,0.36473214178318697,0.1346564125883685,2.2683453825804496,0.2510246161973244,0.3321518197108041,0.9306726723061073,0.990386291420134,0.9472036539374706,0.7013967209063751,0.12354977428252373,0.16897911105063004,0.9699231840382704,0.22026426839293659,0.4247004143536018,0.24390735379469158,0.0833538357043893,30,Man,sad,white
/home/peisze/PycharmProjects/causalgaze/xgaze_224/train/samples/subject0019/frame[10]_cam[0].jpg,0.06113795690900136,0.06111040867258925,0.17104473547852356,0.1979992115953429,0.27515541244907743,0.31444923484027004,0.3526533797245407,0.13209055191267252,2.242886881944214,0.24645131875132462,0.32080812989925844,0.9041014647925416,0.9668032222339094,0.9252941803716772,0.6737795426946954,0.12610302093689202,0.17316373652015193,0.9526090678947333,0.21021889885964828,0.41707646906114104,0.2311741772247525,0.08718608424081853,28,Man,neutral,white
/home/peisze/PycharmProjects/causalgaze/xgaze_224/train/samples/subject0019/frame[8]_cam[0].jpg,0.07614288147652414,0.0751205619391231,0.17844989981227147,0.2072196923888278,0.32366327998181305,0.37654676965999606,0.3640412329524246,0.13718249264448257,2.234288998452247,0.24406960972798997,0.32036078784072397,0.9140662942712676,0.9706235827722937,0.9307251059566055,0.6732601210231401,0.11596874399756853,0.19011407899772884,0.9545625666134434,0.2176363837439837,0.4223577584857673,0.22309728756131217,0.08967470076710216,27,Man,sad,white
/home/peisze/PycharmProjects/causalgaze/xgaze_224/train/samples/subject0019/frame[9]_cam[0].jpg,0.07014433995259219,0.07609896912747402,0.17587107282898018,0.20208753329352497,0.33862350295440335,0.35477329041553274,0.347338826677176,0.13671214831262374,2.194655041296972,0.23462009274822823,0.3170054820397547,0.884283321221187,0.9458813043612518,0.9245528777051721,0.6578639639494797,0.12259400247530162,0.19819672116972692,0.932473418477848,0.2195792768517505,0.4154784371420479,0.22740474970544425,0.06073750500778169,27,Man,neutral,white
/home/peisze/PycharmProjects/causalgaze/xgaze_224/train/samples/subject0019/frame[4]_cam[0].jpg,0.054470531897693554,0.056933902393543165,0.1708912563781217,0.20039875689982692,0.2531235907009914,0.2795444433632567,0.3685705381860962,0.1333677827773189,2.2765770160094934,0.24942760137219472,0.3262705439019551,0.9311608760172011,0.9923972823532909,0.9336104394034224,0.6914738204304179,0.12258111035970119,0.17080042139330448,0.9716319593882903,0.21274824999355751,0.42395691262250007,0.23624454949824972,0.08809205524242955,28,Man,sad,white
/home/peisze/PycharmProjects/causalgaze/xgaze_224/train/samples/subject0019/frame[6]_cam[0].jpg,0.0687995222005386,0.07148202115527588,0.16732882349550124,0.19105328003679203,0.33319409960342267,0.36216209499983376,0.3557795668472606,0.13330797352848964,2.246014847147313,0.24179081335524744,0.3166474345385376,0.9004896871227581,0.9591461072486772,0.9180620864821437,0.6690408561437488,0.12148503825934932,0.18717342769354928,0.9447036123649203,0.20837247383066487,0.416725360604287,0.23915293023075396,0.08142448316467443,25,Man,sad,white
/home/peisze/PycharmProjects/causalgaze/xgaze_224/train/samples/subject0021/frame[3]_cam[0].jpg,0.0641161677964092,0.06709461367612787,0.1870205714960567,0.1945778787344681,0.3051639999618321,0.3009607024159225,0.37984540194235017,0.12962113786384494,2.310438182899881,0.286137553000535,0.29986757081391063,0.9059926643662746,0.9657371044768253,0.8683760398727425,0.6830865823952491,0.12947719176329947,0.17053308732558453,0.9280310517140716,0.2312766657406698,0.44963242870663567,0.2556022332317648,0.08893290027642652,27,Man,neutral,latino hispanic
/home/peisze/PycharmProjects/causalgaze/xgaze_224/train/samples/subject0021/frame[0]_cam[0].jpg,0.01802030777608722,0.0126264547878167,0.19145312388168692,0.19735015363336725,0.05748770260714611,0.08161416170247025,0.39150635002167633,0.12964896074351936,2.3574137955033363,0.29931476744548824,0.30872391862160165,0.9219999886728235,0.9975332881333062,0.8773481399476277,0.7043084294686965,0.13010618640378038,0.1546717783562641,0.962378923893889,0.23897129504439493,0.46527574861328436,0.27029669104501536,0.08213631357690591,31,Man,fear,middle eastern
/home/peisze/PycharmProjects/causalgaze/xgaze_224/train/samples/subject0021/frame[2]_cam[0].jpg,0.043617058362901334,0.04470561059446356,0.19007245875226583,0.19233539798518323,0.20555116906227397,0.2003019974417159,0.39988169521172784,0.13554250950317276,2.3148650483200077,0.30566647297106414,0.320258242974345,0.9525108245218677,1.0310622954844397,0.8941379685214177,0.7279228670887898,0.13914654457489986,0.14900264186240297,0.9990982756889112,0.22806068246307543,0.4739016196692789,0.27022981625666015,0.09351584994486531,31,Man,sad,white
/home/peisze/PycharmProjects/causalgaze/xgaze_224/train/samples/subject0021/frame[7]_cam[0].jpg,0.025755904761353938,0.02949030530358103,0.19307709685402377,0.19469339567955563,0.13497668187165127,0.11511916808712824,0.3958713928533056,0.13929107653847386,2.283344966148015,0.3046480722970132,0.3172631842094816,0.9429208967556412,1.0137456199359907,0.9045946609589293,0.7238782863531684,0.13682034346134236,0.15066282550789434,0.9818640912371526,0.24132431484589997,0.4853581363585573,0.27929872953481083,0.0874509824146559,32,Man,sad,white
/home/peisze/PycharmProjects/causalgaze/xgaze_224/train/samples/subject0021/frame[5]_cam[0].jpg,0.024662772803326797,0.02287118135435732,0.1952392976583749,0.19809982918095065,0.10301638276525678,0.10977533376578262,0.4074542698449575,0.1356619746824586,2.3429750987299585,0.310483736221297,0.3231097691745192,0.9593397938773965,1.0369908914209898,0.9008576383832507,0.7391495092243511,0.1356992463831443,0.15200405027997657,1.0099406994208457,0.23836596134209875,0.47871935134427895,0.2789838552890326,0.08937747870473636,33,Man,sad,white
/home/peisze/PycharmProjects/causalgaze/xgaze_224/train/samples/subject0021/frame[1]_cam[0].jpg,0.07050267795906236,0.07332362879643577,0.1994181474619078,0.2071156707877358,0.3154574349824584,0.3131119122326285,0.38523844707551513,0.13198189963931278,2.3046798514306124,0.2951213051774498,0.3061091842091896,0.9299843358930336,0.9873613712023668,0.8894220477068586,0.7001013707737921,0.13379263124090277,0.1706586076246395,0.9538951663253878,0.23461763099874117,0.4642132772766324,0.25893197786597244,0.0855343306601163,32,Man,neutral,middle eastern
/home/peisze/PycharmProjects/causalgaze/xgaze_224/train/samples/subject0021/frame[8]_cam[0].jpg,0.06860659734735323,0.06728915289579629,0.19252707145926673,0.19517121066006252,0.3070003483738364,0.314309243053348,0.3856093022010416,0.12763606893367857,2.352769848061391,0.2886272023779565,0.3084187224567843,0.9334771622773407,0.9919033951300663,0.9057049764086343,0.7045969955658505,0.13734539440824686,0.17507858578812505,0.9595988207221732,0.24570584457926886,0.4637725057669437,0.26674165122039606,0.07920470228854355,28,Man,surprise,middle eastern
/home/peisze/PycharmProjects/causalgaze/xgaze_224/train/samples/subject0021/frame[9]_cam[0].jpg,0.0725605158622252,0.07413845256504345,0.2014871448279135,0.20817728605257096,0.3179989835688293,0.31972738724546845,0.3957543947672731,0.14086100555516182,2.2558485016848064,0.29758046487341844,0.3062317487604874,0.9279530054567141,0.9845725204501599,0.8965060031333765,0.7002374887931745,0.13154842076520196,0.16634415430428218,0.9536053555609181,0.23312264627343732,0.4643134186630971,0.2623323235932363,0.0834213560775724,30,Man,neutral,middle eastern
/home/peisze/PycharmProjects/causalgaze/xgaze_224/train/samples/subject0021/frame[4]_cam[0].jpg,0.0643182781164792,0.06599773018561526,0.19669470491298044,0.20300952282727316,0.2903825305892526,0.28936204554985717,0.3948444759848628,0.13189940308287396,2.341780089527606,0.29149896854690516,0.316768238587676,0.9409014497887368,1.0086438772161455,0.8997682236320212,0.7133462670485515,0.13945896453770032,0.16940187302673615,0.9784337808185968,0.24023730029003598,0.4755181055713661,0.2676882207964394,0.06847464887257222,28,Man,surprise,middle eastern
/home/peisze/PycharmProjects/causalgaze/xgaze_224/train/samples/subject0021/frame[6]_cam[0].jpg,0.07172957220967287,0.07356308606574269,0.20685204532717436,0.2146974316358393,0.30549534537483025,0.30716450172460363,0.40071107472008116,0.1352405715538179,2.325718352868261,0.30455003300787553,0.31545621950908553,0.9412836333155203,1.0045102161882737,0.8993446803371223,0.7174139912028071,0.13310813795035742,0.1621082878181134,0.975968114029358,0.23584524611079305,0.48231742974447134,0.26789993880261526,0.08799307428591369,30,Man,neutral,middle eastern
/home/peisze/PycharmProjects/causalgaze/xgaze_224/train/samples/subject0024/frame[3]_cam[0].jpg,0.09758536817768268,0.09735850997588315,0.20828825112112856,0.2238227967597254,0.3874928299578502,0.4155320069207438,0.3704808986999805,0.12332096411556535,2.4575308205925985,0.26543071455182193,0.31316444720601067,0.8651266123391222,0.9575168909695666,0.8887813027055554,0.6895866567189884,0.10528311545151801,0.21653869036739154,0.9475562213478972,0.18780332745495262,0.45994609452746293,0.2313797542521458,0.08588503706646414,32,Man,sad,indian
/home/peisze/PycharmProjects/causalgaze/xgaze_224/train/samples/subject0024/frame[0]_cam[0].jpg,0.08172129102158959,0.07893624099226364,0.21495656084353848,0.23210812384498547,0.3022159871849476,0.335583517340161,0.38582682683222524,0.11186413305904078,2.6690439301562474,0.27906338467178143,0.3211049003533811,0.8729134730739847,0.9818468870580314,0.8742032379299817,0.7140453677921339,0.10347429091775862,0.19834688363714698,0.978159000348914,0.1848703170756907,0.47101417714259863,0.22760343596591875,0.10165748704721769,32,Woman,neutral,indian
/home/peisze/PycharmProjects/causalgaze/xgaze_224/train/samples/subject0024/frame[2]_cam[0].jpg,0.09722829877839538,0.09561507554180662,0.20394670579325477,0.22140159248591476,0.38415592723910763,0.42182282673488536,0.37473532588664304,0.12287789736733278,2.4605716790152816,0.2640851245586213,0.3087119328015137,0.8589733490438748,0.9491633354276378,0.882742759694562,0.6862718924160561,0.10271323669428033,0.21322339479211638,0.9387168769467776,0.1848395030957358,0.4614775163972349,0.22879378491822144,0.09664454707107953,32,Man,neutral,indian
/home/peisze/PycharmProjects/causalgaze/xgaze_224/train/samples/subject0024/frame[7]_cam[0].jpg,0.086989279029279,0.08450460725773207,0.21820571557165291,0.24160400806825194,0.3113442085054086,0.3521533816339196,0.38254191360920264,0.12155883337213176,2.5332355273907967,0.27107794956709136,0.3306803516982736,0.8710316265252711,0.9835917297147191,0.8928946468396913,0.711170130910885,0.10773162013658644,0.20013634373863962,0.9875985594535737,0.18685849118741024,0.4723616118314363,0.22359806176872682,0.1040458229927746,32,Woman,sad,indian
/home/peisze/PycharmProjects/causalgaze/xgaze_224/train/samples/subject0024/frame[5]_cam[0].jpg,0.05171559340627387,0.0538865700293934,0.1936274484832183,0.21364702006982092,0.22424059931427173,0.23679597412717568,0.41197265154906415,0.10103223094623497,2.9776531076402057,0.26642235370138484,0.3318881640031709,0.8986734786854222,0.9995261695680787,0.875046643528758,0.7243576670913355,0.10911221891346068,0.194681555328423,0.9975836535775497,0.19868001417851147,0.46533362854546473,0.24528602837124167,0.07524734860367638,34,Woman,sad,latino hispanic
/home/peisze/PycharmProjects/causalgaze/xgaze_224/train/samples/subject0024/frame[1]_cam[0].jpg,0.0637247398021547,0.0696360082080468,0.20346335791501183,0.22014286154971582,0.28218549193487646,0.2780658788991905,0.3922230167608202,0.12734634387985497,2.496581771883956,0.27245058770055885,0.33097395742558455,0.8712430814573552,0.9937204718108463,0.8747441015015831,0.7101207955641522,0.10902986649627515,0.202024110627527,1.006306795514527,0.17436636930727362,0.45387311604746094,0.2312493982120971,0.07296595644845977,32,Woman,sad,latino hispanic
/home/peisze/PycharmProjects/causalgaze/xgaze_224/train/samples/subject0024/frame[8]_cam[0].jpg,0.09640926866690246,0.09495163624775155,0.21026399601554344,0.23091862032357624,0.3657089521056854,0.40532835335902057,0.3857736117604109,0.12002237047422484,2.557046805422523,0.26399664283738977,0.32527695605500784,0.8684175036283193,0.9794734863094784,0.8857621298840203,0.6988589171973465,0.1028191789937507,0.21175945150025807,0.9779637394693538,0.18373747973809054,0.46853791107883785,0.22780602596836305,0.10013966121013246,32,Woman,neutral,indian
/home/peisze/PycharmProjects/causalgaze/xgaze_224/train/samples/subject0024/frame[9]_cam[0].jpg,0.09654237330403188,0.0956176726359275,0.2045020227856509,0.2236305504196787,0.3800609293799956,0.4176864916851785,0.3801673823974549,0.118805519076987,2.544845137530634,0.26122744027369743,0.3202466739790309,0.8623074806373872,0.968598743088391,0.8837802475216345,0.6887510967638645,0.10356920786903741,0.21353386993907006,0.9654498476426316,0.18946271674197648,0.4565517106359701,0.23020149630516026,0.08988493689509687,32,Man,sad,indian
/home/peisze/PycharmProjects/causalgaze/xgaze_224/train/samples/subject0024/frame[4]_cam[0].jpg,0.10035572359916058,0.09990126779209037,0.21310229803634193,0.2279245278342634,0.3897558149675811,0.4168058475271093,0.3803103274035739,0.12413682222162738,2.4756501028657727,0.2693479041318478,0.3204728040512174,0.8796223294412514,0.9860656102001454,0.8946098363127073,0.7031765137756226,0.10444839191699364,0.2149820369361155,0.980528536657449,0.1872445846953229,0.4712380001745554,0.2349492733784028,0.09441861034487618,32,Man,neutral,indian
/home/peisze/PycharmProjects/causalgaze/xgaze_224/train/samples/subject0024/frame[6]_cam[0].jpg,0.04600970164261201,0.043015863087890134,0.19033557562387732,0.22046093875438444,0.17388986527052044,0.21355532764142698,0.4046696404818459,0.10798846826682046,2.8137449683109637,0.26675880590970447,0.33332706783499677,0.8896864277773118,0.997626526634502,0.8794701831372937,0.7270776134542217,0.10551733207971431,0.19505971781235829,0.995677202112709,0.1920694291493047,0.46706630048291575,0.25065357850783926,0.09058919771684952,33,Woman,sad,latino hispanic
/home/peisze/PycharmProjects/causalgaze/xgaze_224/train/samples/subject0026/frame[3]_cam[0].jpg,0.05234163865497491,0.057857982407486734,0.1880579008843209,0.2014434744468626,0.254165474904105,0.24186964939066305,0.3686082946232574,0.09362836409703881,2.7344703023881793,0.301869763260416,0.325513789364151,0.9495673000102333,1.0210565204864481,0.929385530856882,0.7262840892468878,0.140640678360384,0.20363678314310604,1.0130489890030443,0.2663844698923176,0.48074851121630346,0.26275361771760414,0.0921151692970838,29,Man,neutral,white
/home/peisze/PycharmProjects/causalgaze/xgaze_224/train/samples/subject0026/frame[2]_cam[0].jpg,0.04343584374708307,0.043408532719699966,0.19296053182146464,0.20265618730083168,0.18951393081255707,0.19625601644197999,0.373383811026838,0.09643658684025022,2.7702704802002773,0.29767490304373717,0.33378653084676635,0.9715401586306627,1.058970802545812,0.9332741242119582,0.7472287848316598,0.1472013061586935,0.19548868836093547,1.0559972742525603,0.25448985774139465,0.4859087591621786,0.2708610934503522,0.08385775036798637,31,Man,sad,white
/home/peisze/PycharmProjects/causalgaze/xgaze_224/train/samples/subject0026/frame[11]_cam[0].jpg,0.0746050703135225,0.07793367064672668,0.20182255878182911,0.21297167667236647,0.3255043429922313,0.32520210672057204,0.3602178784730421,0.09375300764603473,2.709673605207797,0.2940515570040381,0.33248600961712454,0.9566732863402776,1.032213300493065,0.9255903013037616,0.7310934510921084,0.1417190896345163,0.22130200820755178,1.0269743895483519,0.2580959356657796,0.4776036056149218,0.26134434782578964,0.07440924678775424,29,Man,surprise,latino hispanic
/home/peisze/PycharmProjects/causalgaze/xgaze_224/train/samples/subject0026/frame[5]_cam[0].jpg,0.06517400326523205,0.0682535106679657,0.19565774320229412,0.2112765661718605,0.28727321212973583,0.2926936801802874,0.35955252087195005,0.09629594454042151,2.647719023354653,0.29661656813763665,0.32701356873053483,0.9668845505814412,1.0297066364923024,0.9430705105199731,0.7317364592672316,0.13951800294697803,0.21041948495515875,1.0178128560454425,0.2738420152563893,0.48408754897783335,0.2651477436963238,0.09191123323752229,30,Man,neutral,white
/home/peisze/PycharmProjects/causalgaze/xgaze_224/train/samples/subject0026/frame[1]_cam[0].jpg,0.07300774706810392,0.07528129930220806,0.19140731787206064,0.2005930902234322,0.33284120250993154,0.33472423906473975,0.3503651432237611,0.0900188755129527,2.701491620677473,0.29526304643247653,0.31372856685647976,0.9289317681043314,1.0007041638718905,0.9126554195135035,0.7060338500543486,0.1384413037097245,0.22220904586012966,0.9937207369917321,0.2545331079022225,0.47519140346569644,0.26257208392588866,0.09089750178203626,30,Man,neutral,latino hispanic
/home/peisze/PycharmProjects/causalgaze/xgaze_224/train/samples/subject0026/frame[10]_cam[0].jpg,0.07652222518201537,0.07825170537099241,0.1983867956866153,0.20959223032390278,0.3316404471626639,0.3391609939289628,0.35283376182404474,0.09281879416911926,2.6924867289996732,0.29017774293691956,0.32979794609252205,0.959167566677068,1.0286455266383896,0.9193227968292987,0.7288793430423879,0.1394025370588481,0.21999861867502582,1.0224590095828068,0.2575781463449412,0.47555852404831533,0.2629229484223714,0.08098238832982087,30,Man,neutral,latino hispanic
/home/peisze/PycharmProjects/causalgaze/xgaze_224/train/samples/subject0026/frame[8]_cam[0].jpg,0.05424313394216168,0.059416338131081485,0.19207267180561183,0.20140559388490645,0.2603774781513235,0.24589119036389054,0.3688030355717751,0.098142460453712,2.7146348097590693,0.29639262582581755,0.32920499741648407,0.9714650034135943,1.0486069336671062,0.9252085836501175,0.7385323572587695,0.13714157859120246,0.20442317193395526,1.0350203015163,0.2588980179227503,0.4825522601886596,0.26888806604163734,0.081470732274786,29,Man,neutral,white
/home/peisze/PycharmProjects/causalgaze/xgaze_224/train/samples/subject0026/frame[9]_cam[0].jpg,0.06106446708808642,0.06636711022408487,0.19628166631774344,0.20689261497146708,0.28486645627701207,0.27277755740194254,0.3632315021740901,0.09311928459118016,2.749791429236544,0.29196062743411,0.3302733691599899,0.9586772610293727,1.033674087895451,0.9284998208882371,0.7323618475240239,0.1431686095774368,0.21050663875931414,1.0247706624313762,0.2623582558750309,0.47933552099600163,0.26485884302854823,0.0734895481181249,29,Man,neutral,white
/home/peisze/PycharmProjects/causalgaze/xgaze_224/train/samples/subject0026/frame[4]_cam[0].jpg,0.07210200290933491,0.07510372507822671,0.18997432227111868,0.2047194310796889,0.3247574600168399,0.3324787900871136,0.34754760090212544,0.09579869849754369,2.592155648970666,0.29030689406482857,0.32155904390288526,0.9450784583811107,1.0161389423596574,0.9228793030755843,0.7168982488029277,0.1377328117788817,0.2195806738579752,1.0056719535659777,0.2553372522002257,0.47636380397993594,0.26339924377694296,0.09538552428750585,30,Man,neutral,latino hispanic
/home/peisze/PycharmProjects/causalgaze/xgaze_224/train/samples/subject0026/frame[6]_cam[0].jpg,0.04212061980058589,0.04227884373630708,0.1949628397752496,0.20145971787633005,0.18457949004732357,0.1873944989095095,0.37535875935098495,0.09653126535004052,2.756040036256843,0.30202924585592317,0.3337052534368899,0.9745830605089779,1.0571949850646363,0.9257602226684295,0.7481135191455275,0.13942953705618097,0.1964171294163232,1.0445084617275506,0.25918888666734224,0.47974623971997943,0.26032539562902385,0.0873610520976711,30,Man,sad,white
/home/peisze/PycharmProjects/causalgaze/xgaze_224/train/samples/subject0027/frame[3]_cam[0].jpg,0.05812710002380747,0.055577819728953204,0.1676386511188908,0.17673812898701818,0.27941641788525684,0.304870263218152,0.39665795768272943,0.11588888355082096,2.5506377396745648,0.27217898288279174,0.3082837399517161,0.9275214677924208,0.989339398358295,0.9510061482208848,0.7103398246287208,0.14078739564944467,0.1811858076168548,0.9568102666566752,0.25896331001056433,0.4363137428601297,0.2647379877201101,0.08618713351636285,33,Man,fear,asian
/home/peisze/PycharmProjects/causalgaze/xgaze_224/train/samples/subject0027/frame[0]_cam[0].jpg,0.048111513857508975,0.04822260453301344,0.18250692454685297,0.19331866240378928,0.22130266338775925,0.2307663232891729,0.3727375937479833,0.17904052411829557,2.0197868216268535,0.2760933162941377,0.3249304088376692,0.9422503150584435,1.0121519016940101,0.9710892759438243,0.7247970839878498,0.14166941839898767,0.17858183348096823,0.9864264046433882,0.2255209174083994,0.44949458832976885,0.24973039767693578,0.07900603060209518,29,Man,sad,asian
/home/peisze/PycharmProjects/causalgaze/xgaze_224/train/samples/subject0027/frame[2]_cam[0].jpg,0.0589482945983173,0.06002297402930712,0.17094141219033454,0.1829089245368614,0.29193935692464296,0.30360239362362595,0.3743149514428967,0.11315024148238771,2.498188359532838,0.269805700967657,0.31340260429846617,0.9150270079994555,0.9863204440753993,0.9552465749430011,0.7049566559649656,0.1495902385193415,0.1808006898300715,0.9618577825942922,0.25062204196085297,0.43753371191856577,0.2624811729656957,0.07737218428891732,31,Man,neutral,asian
/home/peisze/PycharmProjects/causalgaze/xgaze_224/train/samples/subject0027/frame[7]_cam[0].jpg,0.06718861509056932,0.06433146330182811,0.17365326509935058,0.18363295047284126,0.3117148322840649,0.340532922930263,0.3678269964897948,0.1154165566372762,2.4412935372865623,0.2734713399101574,0.3020911280594084,0.8967231927536434,0.9654727949263372,0.9485835031468961,0.6871140075858988,0.1445027089654315,0.17506906039926995,0.9418806887428898,0.24856661690518758,0.43723013830417734,0.25834418841278045,0.08909634197040478,33,Man,fear,asian
/home/peisze/PycharmProjects/causalgaze/xgaze_224/train/samples/subject0027/frame[5]_cam[0].jpg,0.016273633309402166,0.018492464524806077,0.18971659055466358,0.20291616242849073,0.08182170249643009,0.07377834795274393,0.394550040571001,0.12431214975311099,2.4365322651068277,0.28338696420085924,0.3193375099112333,0.9427132700416454,1.0092192969697376,0.9561483156987499,0.7274413730466698,0.14418242418641408,0.17814290927627185,0.9857160310909521,0.2566158700121117,0.4608354128968465,0.2674344347369408,0.08600098176672857,36,Man,sad,asian
/home/peisze/PycharmProjects/causalgaze/xgaze_224/train/samples/subject0027/frame[1]_cam[0].jpg,0.06118239940065496,0.058811965955354976,0.17814518227331977,0.1903886775204503,0.27401292990129505,0.3013973407736783,0.370484928633391,0.17523491315217457,2.026268447175844,0.2745779768132929,0.31020242063467757,0.9065831502733994,0.9784627354600861,0.9502239603125138,0.6975725702037872,0.13719596441150936,0.18378916528822872,0.9550336606913218,0.2167686600439382,0.44469410294133993,0.251012022036845,0.09028352788125249,31,Man,fear,asian
/home/peisze/PycharmProjects/causalgaze/xgaze_224/train/samples/subject0027/frame[8]_cam[0].jpg,0.07045140867462306,0.06583259123831746,0.1817446439011712,0.19122018647081934,0.30673647955023936,0.34250689965327225,0.37526977437446457,0.1199554334496323,2.419836938707935,0.27467394271756257,0.30669454152098274,0.9073473275804692,0.9704308875328794,0.9532159845657464,0.6921704178206886,0.14082967309138675,0.17700116641437907,0.9468856926792385,0.25399644136542315,0.4430667447981272,0.2543527830832985,0.0896728182926945,32,Man,fear,asian
/home/peisze/PycharmProjects/causalgaze/xgaze_224/train/samples/subject0027/frame[9]_cam[0].jpg,0.04375347170537005,0.04329103544713199,0.17375441244948148,0.18584532743633353,0.2061442856066361,0.22037990750113792,0.38163044219530173,0.12622687688967388,2.382047552561945,0.27775169038587777,0.3190397328328258,0.9329945143658025,1.0011866968056093,0.952945707561011,0.7200676408057016,0.14321038734838143,0.18054042037979998,0.9775006766198012,0.2517777917650741,0.44031408153524704,0.25771273652531135,0.08823084212948522,30,Man,sad,asian
/home/peisze/PycharmProjects/causalgaze/xgaze_224/train/samples/subject0027/frame[4]_cam[0].jpg,0.02680993217068397,0.03428596155662482,0.18396168387359957,0.19655559251631805,0.1545592613663107,0.12601867740844486,0.39412676045953976,0.11842113856123751,2.5052327696566556,0.2810981209006611,0.32247117178092394,0.9362736929111559,0.9987385991956679,0.953451319310748,0.7250825706513858,0.15140069378091034,0.17403574194847204,0.9790091807201262,0.25668155042933816,0.4580949790974915,0.26231419333314293,0.0892079709602859,33,Man,sad,asian
/home/peisze/PycharmProjects/causalgaze/xgaze_224/train/samples/subject0027/frame[6]_cam[0].jpg,0.05617023953312848,0.0542734937068937,0.17188211742780019,0.1873667166424856,0.2563636056656611,0.2855374250728443,0.38189284358560494,0.11982030575665732,2.4375320486604406,0.27570178096104203,0.3185454383829824,0.9365813694959383,1.0034598143450726,0.9476086048917274,0.7147185477837762,0.14756969514097198,0.1846562171369537,0.979683218047526,0.24750253976950443,0.443198485447606,0.26090491780524067,0.08952039978931424,33,Man,sad,asian
/home/peisze/PycharmProjects/causalgaze/xgaze_224/train/samples/subject0028/frame[13]_cam[0].jpg,0.05875096105344844,0.05487765677696582,0.1750932232334154,0.18274948207531347,0.26731739132017157,0.29522024576913514,0.3386789233770798,0.0988139853783186,2.6065581126053488,0.2651465312370068,0.3122064738875824,0.8929053197800706,0.988484554662947,0.929053347641498,0.6785810967524004,0.14678391963503037,0.2049440056627153,0.9761235243260106,0.23036955029675543,0.4331001923020054,0.24013555791429841,0.07779973292294762,30,Man,sad,white
/home/peisze/PycharmProjects/causalgaze/xgaze_224/train/samples/subject0028/frame[2]_cam[0].jpg,0.06271866046716501,0.0620487531408839,0.17347131594431156,0.18461502400393306,0.30019246563546687,0.31932555090818043,0.34228420767106854,0.09408080979743849,2.6835370010705923,0.26141294494672107,0.3125942259837545,0.9090642796730224,0.9983783583708405,0.9377860726286956,0.6803160869988367,0.142716302499665,0.20983914091208913,0.976759066298337,0.25241722614596446,0.4320410506295543,0.24346661631217323,0.07335729256216367,30,Man,sad,white
/home/peisze/PycharmProjects/causalgaze/xgaze_224/train/samples/subject0028/frame[7]_cam[0].jpg,0.03598789245896137,0.02727859501833093,0.17288786772258777,0.18931707762449312,0.1283645555241031,0.18195054486804518,0.34148444592080995,0.09712204800438648,2.626607912942352,0.2694887376896426,0.31816148950247636,0.9111155452045994,1.0001042920876773,0.9343860890150237,0.6925517583079115,0.14737378512804902,0.19978997307471963,0.9865775529807561,0.23586761617609778,0.4340811703977324,0.24636041209579032,0.08332110348573633,30,Man,sad,white
/home/peisze/PycharmProjects/causalgaze/xgaze_224/train/samples/subject0028/frame[5]_cam[0].jpg,0.06787307618009776,0.06783307025496706,0.18011226909808495,0.19009107600091874,0.31918780379881867,0.33337124962778714,0.345523236437484,0.09216556315304328,2.732365734381035,0.2623512099548106,0.3117296831700418,0.8925664787575227,0.9868192725098207,0.931490018355003,0.6743617638905302,0.1452836891664163,0.21082318583603024,0.9719788162653794,0.24536592484094832,0.42965836854295986,0.2350123325673597,0.06760277378846576,30,Man,sad,white
/home/peisze/PycharmProjects/causalgaze/xgaze_224/train/samples/subject0028/frame[12]_cam[0].jpg,0.0720973490703966,0.06638333191801876,0.1834641729291761,0.2003223261540047,0.2962086093800454,0.34671375646871405,0.3247423121228274,0.09890538273812975,2.5149745983787537,0.26389579024613663,0.308113738678925,0.8916222141760805,0.978158319710204,0.9343009224780378,0.673031108934699,0.14171135808098043,0.20719780318384537,0.9658770648837129,0.23507218111065195,0.4398372493914674,0.2309939800149429,0.09111555734349014,31,Man,fear,white
/home/peisze/PycharmProjects/causalgaze/xgaze_224/train/samples/subject0028/frame[1]_cam[0].jpg,0.06181312691203498,0.05695786934015361,0.1714209345699366,0.18915296847852486,0.2675487250786149,0.3162977043593255,0.3391554793063344,0.09868110017431259,2.578475908116886,0.2624742942720754,0.30957065241724374,0.8982645522999646,0.986687544254561,0.9375673823205976,0.6774099307690342,0.1396558091577062,0.2103289841076784,0.9686835553432419,0.2475833666643352,0.4335155908915721,0.2379637558841697,0.09092517313419891,30,Man,sad,white
/home/peisze/PycharmProjects/causalgaze/xgaze_224/train/samples/subject0028/frame[10]_cam[0].jpg,0.06019618176382348,0.056810962959578507,0.17797763729237734,0.18762097641478695,0.270079372021659,0.2981948899176069,0.34269619375318305,0.0987464435987825,2.6160847118821264,0.26449458800071773,0.3176547937013547,0.906189839814667,1.0035979180565893,0.9443464352460927,0.6849969443041893,0.1473006915963889,0.20475166872045028,0.9866704121896442,0.24266712294191567,0.43721193835356736,0.24115865077893092,0.073869065539915,31,Man,sad,white
/home/peisze/PycharmProjects/causalgaze/xgaze_224/train/samples/subject0028/frame[8]_cam[0].jpg,0.07229560477228329,0.0739762608860157,0.1802759786200155,0.19399705463816388,0.3427521539947942,0.35643872755159206,0.3287628685178783,0.09632007305694208,2.595844952105043,0.2557173573173634,0.31075097594699214,0.9006026116218565,0.9936735670837528,0.9301019442627263,0.6703833165977005,0.14379524408485997,0.21555384048730922,0.9777831087741709,0.2392780758727759,0.43198498338428276,0.2392671999224103,0.06159585216445933,30,Man,sad,white
/home/peisze/PycharmProjects/causalgaze/xgaze_224/train/samples/subject0028/frame[9]_cam[0].jpg,0.03611722288689473,0.030285250259925872,0.17231658112679116,0.19147402802226177,0.1404102871164533,0.18250553818952506,0.3450813895338233,0.10364580090445229,2.550905721343248,0.26824041484835043,0.31615704591547056,0.9005198699494917,0.9850173089119287,0.9422257389586756,0.689470876380251,0.14459613005189265,0.19986643028440843,0.9702418290411131,0.24314876173468833,0.43208061688264643,0.2458561680769561,0.08668109443003877,29,Man,sad,white
/home/peisze/PycharmProjects/causalgaze/xgaze_224/train/samples/subject0028/frame[4]_cam[0].jpg,0.06241717023801593,0.05570037158761498,0.17576463143802254,0.193978660118138,0.2544330284452404,0.31081580889048327,0.34846394328389374,0.10010501475146905,2.6156971699005767,0.2670786856455295,0.3212473150910317,0.914398519856564,1.0056832437942518,0.9524684489076765,0.6942437034810401,0.1423765478721803,0.2028597294065881,0.9887256881191105,0.25152088709581244,0.4379956699609785,0.24081240030869963,0.09214106109271777,29,Man,sad,white
/home/peisze/PycharmProjects/causalgaze/xgaze_224/train/samples/subject0029/frame[3]_cam[0].jpg,0.07805946876920021,0.07469039634003231,0.1847157675601756,0.19140173988450318,0.3481479999235923,0.3743332618127778,0.3269583222543581,0.1429015244215419,2.078951396002636,0.26605940798803535,0.2962025004982862,0.886158097385124,0.971114853987428,0.9773300450085728,0.6704308334211123,0.14992030595134034,0.2077121596392316,0.9563638552824227,0.20026240244986987,0.4171717514901628,0.22413893550005157,0.08808789643568996,27,Man,fear,asian
/home/peisze/PycharmProjects/causalgaze/xgaze_224/train/samples/subject0029/frame[0]_cam[0].jpg,0.09828153192052712,0.09282953250202713,0.1885362174491192,0.1921719899957044,0.4312472471411562,0.46379111612232454,0.32796269856437577,0.1374805562027934,2.1121223985448583,0.26890994009239516,0.2847880302467751,0.8800288339267553,0.9500445269840446,0.9725176300932051,0.6533304685811383,0.14701788391736773,0.21423467804245552,0.9292389725424968,0.2003946837039025,0.41382093907953876,0.2268572961502117,0.08822179010477497,27,Man,surprise,asian
/home/peisze/PycharmProjects/causalgaze/xgaze_224/train/samples/subject0029/frame[2]_cam[0].jpg,0.05112705327524673,0.05268654893422464,0.17967882093914536,0.18274181770523815,0.2566756608781042,0.25202530106874493,0.33781962411440564,0.14621651747458944,2.094390467335746,0.27295402270735597,0.299269737261769,0.8781344016508316,0.9705622226603042,0.98158578449702,0.6765647696941527,0.14936454365822147,0.19446016803008104,0.9603074644774786,0.19762098571068196,0.41851371968516604,0.23212077487542093,0.07416513351444738,32,Man,sad,asian
/home/peisze/PycharmProjects/causalgaze/xgaze_224/train/samples/subject0029/frame[7]_cam[0].jpg,0.07805572180819573,0.07354273196279039,0.17707840525789906,0.18036501630395851,0.36297275469470414,0.3902035024327914,0.33251193607346746,0.1319301903580041,2.181229477402336,0.2646395275496749,0.29261574978692373,0.8732000606177728,0.9567401837453886,0.971605332903922,0.6622379155565752,0.14970509931053352,0.21404662750571496,0.9410503724845811,0.20717102333692988,0.4162738791206941,0.23474724979438197,0.08884277525557244,28,Man,fear,asian
/home/peisze/PycharmProjects/causalgaze/xgaze_224/train/samples/subject0029/frame[1]_cam[0].jpg,0.055915794072671006,0.058772057523614925,0.17830064556729044,0.17998120676561224,0.2905316587134208,0.2775791816373438,0.3400309362682819,0.1395764594341937,2.1487665121971937,0.27283675120367074,0.29738516212970906,0.8766745538443388,0.9651997552593619,0.9799223683749613,0.6755731829131859,0.1510735638945343,0.19388368231583353,0.955428410622507,0.20312461646838945,0.41572673956621814,0.2319351512698128,0.07587265824447458,31,Woman,sad,asian
/home/peisze/PycharmProjects/causalgaze/xgaze_224/train/samples/subject0029/frame[10]_cam[0].jpg,0.07442366474106984,0.0670113396213504,0.17741715389034293,0.17988927944911565,0.33201287791964906,0.37143302569009357,0.3271875665605609,0.13183580218092977,2.166717796265271,0.26668054551816944,0.2928813074864241,0.8778946655340528,0.9626653743133022,0.9700394647763845,0.6644210952381918,0.1493347805356818,0.21206008259700296,0.945412580066652,0.20478761171722235,0.41843330350133695,0.23527135364157983,0.0886945982471321,27,Man,fear,asian
/home/peisze/PycharmProjects/causalgaze/xgaze_224/train/samples/subject0029/frame[8]_cam[0].jpg,0.05879337624304611,0.06225453240155391,0.18615547024474818,0.18613062463490557,0.2976406902823213,0.279753689712231,0.33742176218689823,0.13896542432540132,2.1400424167244596,0.2736940291971402,0.2994004536538606,0.8776175804303583,0.9672357370108612,0.9801099471295996,0.6735472890050784,0.15393670123601041,0.2014313374235722,0.9548021574003628,0.19812844496350204,0.4253549628010965,0.22906378100079536,0.0716248158698424,29,Man,sad,asian
/home/peisze/PycharmProjects/causalgaze/xgaze_224/train/samples/subject0029/frame[9]_cam[0].jpg,0.06955330024967933,0.0676799445111029,0.1754379950310977,0.18043938674865942,0.3333277230688639,0.35059149346121116,0.33009813150409334,0.13739532061710988,2.1352250749977872,0.26138716909343485,0.2919546453718126,0.8594380304270015,0.9412926079568543,0.9734949356282818,0.6555478827202952,0.14495434185631417,0.20624099068399196,0.9246893881911634,0.21049568092264687,0.4156313374254647,0.23121035697777312,0.08639998507598035,28,Man,fear,asian
/home/peisze/PycharmProjects/causalgaze/xgaze_224/train/samples/subject0029/frame[4]_cam[0].jpg,0.0642282654945399,0.06366952609495258,0.17370496155507942,0.1831742115889314,0.3088781439854676,0.3263092451426513,0.3337559743370186,0.1453376290319593,2.0863576096205896,0.26957455609923187,0.29974209407119784,0.8873356337248018,0.9717749313467348,0.978602881033008,0.6744575997435105,0.1492368020402834,0.20009791259536455,0.9600859470769649,0.1994757252493273,0.4174248385741787,0.23549247597924122,0.08719796593228679,29,Man,sad,asian
/home/peisze/PycharmProjects/causalgaze/xgaze_224/train/samples/subject0029/frame[6]_cam[0].jpg,0.07146769064657439,0.06911768246014204,0.17782191129217162,0.18383207844285118,0.3353824315255881,0.3563632724526128,0.3289706686263616,0.13345372628073793,2.1522392715915815,0.2671711470618017,0.2950269628595656,0.880270165941003,0.9640544540422156,0.9750702840030114,0.6692627644733817,0.15145834714522774,0.21064979135827008,0.9495277936192857,0.2055661721715346,0.4152114448788636,0.233219099912136,0.08665651127190074,28,Man,fear,asian
/home/peisze/PycharmProjects/causalgaze/xgaze_224/train/samples/subject0030/frame[3]_cam[0].jpg,0.0678340733186526,0.06758741719629605,0.18685234201480533,0.19686271508354783,0.3068779791095818,0.32114206311014276,0.33994652713108203,0.13698539327486908,2.151639730330893,0.2820543567388788,0.29847530417429724,0.9304526083793706,1.023904588604161,0.9392766562338288,0.6957635325685401,0.12853023014362902,0.20666583247699352,0.9929702956287804,0.21341894935683922,0.44933549391275673,0.24644708838287616,0.0877688362895287,30,Man,fear,asian
/home/peisze/PycharmProjects/causalgaze/xgaze_224/train/samples/subject0030/frame[13]_cam[0].jpg,0.07065250141361733,0.07027452671691874,0.17821039521608711,0.18443149254530647,0.33997424916074587,0.35079659355104714,0.33180222146709415,0.1356434493659373,2.1464774932546526,0.2675118226210803,0.2893535466348167,0.914848570478526,1.0015793243657478,0.9446361997635921,0.6743638804056733,0.12484295420892337,0.20186182094974542,0.9664378225801598,0.21766262327203117,0.4353546066111024,0.24444818197181917,0.08376224011993177,32,Man,sad,asian
/home/peisze/PycharmProjects/causalgaze/xgaze_224/train/samples/subject0030/frame[2]_cam[0].jpg,0.05661064159513821,0.056930228383548574,0.18043683538835115,0.18496449475293172,0.2739821594008599,0.2767335034084439,0.3468390968166892,0.13722698705415085,2.1845687965587812,0.28107064903222884,0.30293051224381795,0.9383728821723435,1.032427261821306,0.9369726937574601,0.6999064857767124,0.12749147373439731,0.20550045315843443,0.9992912691695006,0.21439984222235875,0.4465025659823957,0.2518876631397382,0.08563600484331604,30,Man,sad,asian
/home/peisze/PycharmProjects/causalgaze/xgaze_224/train/samples/subject0030/frame[14]_cam[0].jpg,0.05219922277031712,0.056124051044973484,0.18650362980093144,0.1918397605431436,0.2615511672831852,0.24843875644306884,0.3467778567356102,0.14255007719578275,2.1558596520007636,0.27902459705986093,0.30426156887755257,0.9223100532418925,1.018847989473879,0.9324847986996451,0.6910607121045268,0.12870223543840287,0.19649260110947311,0.9908314895754222,0.20727596243695523,0.4443516702032492,0.2422732194248543,0.07285735006280586,29,Man,neutral,white
/home/peisze/PycharmProjects/causalgaze/xgaze_224/train/samples/subject0030/frame[11]_cam[0].jpg,0.05496850351471887,0.054935928914567805,0.18220304109312901,0.18377530832001865,0.26540362485878927,0.2653233584470197,0.3454719497417746,0.14123092705872173,2.1490496408306576,0.2904999804265652,0.29059807745183985,0.9287426958230459,1.009559580528527,0.9391332191868315,0.6939138201180993,0.13037496641921495,0.20679459585049081,0.978036835944549,0.2116341733332323,0.44425778598744947,0.24879545428867514,0.08914965317528631,32,Man,sad,asian
/home/peisze/PycharmProjects/causalgaze/xgaze_224/train/samples/subject0030/frame[15]_cam[0].jpg,0.07327403236306777,0.07387985187980829,0.18599581174140845,0.1927628259082658,0.34305820941465776,0.35003592754767654,0.33171016780026313,0.13484997036173776,2.145793717629501,0.26930375801950124,0.2932627279745923,0.9142536616836903,1.0022851537232442,0.9369448623053775,0.6762442986011492,0.12366573123686282,0.20339349251305924,0.9655385331535886,0.21144155542275805,0.4341250903065436,0.23950560451548253,0.07541563726516955,31,Man,angry,asian
/home/peisze/PycharmProjects/causalgaze/xgaze_224/train/samples/subject0030/frame[7]_cam[0].jpg,0.04810179919272082,0.04764369070016609,0.17476918667918467,0.17629265904253516,0.24051235013461225,0.242773148529773,0.34938020431476213,0.1391789881215726,2.188323809619424,0.27997187442690025,0.29697201599255874,0.9270277905019763,1.0232022793547684,0.9352289115746325,0.6914421779491875,0.12550687933764287,0.1965129809084901,0.9899246928573634,0.2138529382442586,0.4424518223213679,0.25139159487291196,0.08390695795676384,30,Man,angry,asian
/home/peisze/PycharmProjects/causalgaze/xgaze_224/train/samples/subject0030/frame[5]_cam[0].jpg,0.043120205460676145,0.04669211310453783,0.17491118014607507,0.17850240224644479,0.23152403823936143,0.21586146498129735,0.3405516066033517,0.14003468701802596,2.1454956106000633,0.28231207264635055,0.29814022832909254,0.9166900687478077,1.012358954548493,0.9259855756902187,0.6879728590848116,0.12725156145463215,0.19736661391437926,0.9836203132049457,0.20852002515699564,0.4347875491491086,0.2441628591516327,0.08523829460413422,30,Man,sad,asian
/home/peisze/PycharmProjects/causalgaze/xgaze_224/train/samples/subject0030/frame[1]_cam[0].jpg,0.04684615906714502,0.0496274036022831,0.1823037887092441,0.18549405798369978,0.23764971919593691,0.22610188751151356,0.3457486805600455,0.13458139531014032,2.1917447752859456,0.2823675421022625,0.3044005671458422,0.9246085773305992,1.0158052376524238,0.9263256142769953,0.6942071820377095,0.133080290522256,0.19766907865392688,0.9898994242681622,0.20160052169051226,0.4424066852863541,0.24558121310240633,0.07953762382901926,30,Man,angry,asian
/home/peisze/PycharmProjects/causalgaze/xgaze_224/train/samples/subject0030/frame[10]_cam[0].jpg,0.04960890213972995,0.05135381835218257,0.1790840516042607,0.19089283826404194,0.23963750792354602,0.24335834618091404,0.3457943731108867,0.13609403555604685,2.1824005173216685,0.2832169346752284,0.30368666731363975,0.9329165875593166,1.0267787172193779,0.922799222308175,0.6955099110580588,0.1313838568984052,0.1951038528594196,1.0015916116060566,0.202179560116281,0.441773038154861,0.24157822246221847,0.0865176384437936,32,Man,sad,asian
/home/peisze/PycharmProjects/causalgaze/xgaze_224/train/samples/subject0031/frame[3]_cam[0].jpg,0.07121297516587886,0.07663216997604999,0.1818968583389956,0.19969601369118456,0.3434391753493579,0.34778344551262985,0.3598786892576651,0.13483312156985536,2.244732839015731,0.2572341202132741,0.31206097972688385,0.8510224923171354,0.9408245143741611,0.9532407132375336,0.6729292532316288,0.1316334656118527,0.18450550570632068,0.9319523703681355,0.21174664757404155,0.4437898700930194,0.2500257976143036,0.0704026940521857,28,Man,surprise,white
/home/peisze/PycharmProjects/causalgaze/xgaze_224/train/samples/subject0031/frame[0]_cam[0].jpg,0.084558925573245,0.0856180851709813,0.19309675846802818,0.19893442940779388,0.3852971574174466,0.3894861740848368,0.36051455751258277,0.13526990196221114,2.236627891478164,0.28545345452560955,0.2930837458212118,0.8559279611432283,0.9431827971371248,0.9479593337303058,0.6663811805732616,0.13619900452310468,0.17799404001098504,0.9428834273905911,0.19463857687990846,0.44107590869734914,0.2434998135885758,0.08320477147058204,27,Man,fear,white
/home/peisze/PycharmProjects/causalgaze/xgaze_224/train/samples/subject0031/frame[2]_cam[0].jpg,0.0691614039010587,0.07181318365436247,0.18682900932088703,0.19107597297548587,0.3341723396606096,0.3272391525589175,0.37067067576823937,0.14880325841498487,2.1706851043450786,0.28466203488796676,0.300351379545202,0.859802810724389,0.9485674623602105,0.9736560691432966,0.6866655528273242,0.13329570198738658,0.1846036535687288,0.9507528492559113,0.20102650901422076,0.4557648213876037,0.2587750668436088,0.08335269814281426,27,Man,fear,white
/home/peisze/PycharmProjects/causalgaze/xgaze_224/train/samples/subject0031/frame[7]_cam[0].jpg,0.0707702835784969,0.07957072892060608,0.18490394404678465,0.20380886413031152,0.34965349349264496,0.3403029775472877,0.36037646783717764,0.1335412253568688,2.2522681249155005,0.2576041748289302,0.3153483522171448,0.8583181445811081,0.9465308196010005,0.9560497770569626,0.675217606196591,0.13543436405494672,0.1778728440709279,0.9387304531272378,0.21568273498180113,0.4417982352761848,0.24523903802149802,0.06373789660420576,26,Man,surprise,white
/home/peisze/PycharmProjects/causalgaze/xgaze_224/train/samples/subject0031/frame[5]_cam[0].jpg,0.07366011234791218,0.07738154516224627,0.1828192980077629,0.1999542601773717,0.3463823086467633,0.35764336014834586,0.36392144973158863,0.1378632627575881,2.2229623352524945,0.25800479614240057,0.3128429363392794,0.8673292994094205,0.9516956542723066,0.9592752847759107,0.6785118265924011,0.1306745655772987,0.1823231904825929,0.938324153043041,0.21265650299187086,0.4496903990100196,0.254627617905502,0.07341755912893201,28,Man,surprise,white
/home/peisze/PycharmProjects/causalgaze/xgaze_224/train/samples/subject0031/frame[1]_cam[0].jpg,0.07141674701206825,0.07121424096163473,0.18790591428326678,0.19573378079267337,0.32541934727508864,0.33665444083055474,0.3684116907739991,0.13742077835952615,2.2427988210883445,0.28905200263363556,0.29828501633157156,0.8605607214961792,0.9492498964819855,0.9599029403890705,0.6757851538023454,0.1388975466236673,0.16560441496470707,0.9536772324784598,0.19563238368824787,0.4466463347368938,0.25121770626403933,0.08400622270164672,27,Man,fear,white
/home/peisze/PycharmProjects/causalgaze/xgaze_224/train/samples/subject0031/frame[8]_cam[0].jpg,0.027259900767872918,0.03320826501041791,0.182519329195731,0.19936872267971614,0.14787757583453776,0.13050504925423417,0.36692442768247985,0.1376261177290899,2.2407904852479645,0.268445022097903,0.31911410718348615,0.8643358799991849,0.9624528449979847,0.9746099294236897,0.6900645890112721,0.1335987403096828,0.171173143904271,0.9601928145114401,0.21603185562479213,0.4486097876039021,0.25398361775522416,0.08315820736166608,31,Man,sad,white
/home/peisze/PycharmProjects/causalgaze/xgaze_224/train/samples/subject0031/frame[9]_cam[0].jpg,0.028742926418787385,0.03393253409222543,0.1810863672417172,0.19781849271458946,0.1519219390474578,0.13871548293473235,0.3686016981097841,0.13953178450541412,2.230023833479049,0.2663941293842546,0.3168102416573069,0.8592415306021957,0.9547083021859517,0.976448768974052,0.6858944667388251,0.13454309274312531,0.17015069020205342,0.9513355426583886,0.21852487029377288,0.4459966314875058,0.2529623219309478,0.08179930927596236,30,Man,sad,white
/home/peisze/PycharmProjects/causalgaze/xgaze_224/train/samples/subject0031/frame[4]_cam[0].jpg,0.04989628100553172,0.05187356166779169,0.17509030556025337,0.1890746825198551,0.2426569268803795,0.25016181754000616,0.3749863702419729,0.14110857976122992,2.2216120705901288,0.26709747106863146,0.316868133749946,0.8699064583357329,0.9586281720560852,0.9818234985034952,0.6840872743434088,0.13691965311433474,0.16163042188771076,0.9546008513275731,0.22272056175234817,0.44219760671603775,0.2520700885058295,0.0824201282875867,27,Man,sad,white
/home/peisze/PycharmProjects/causalgaze/xgaze_224/train/samples/subject0031/frame[6]_cam[0].jpg,0.05721317815700346,0.05991562553532199,0.17534048790642923,0.19637834637124843,0.2707977326647341,0.28628304849734254,0.37305816198121666,0.1408025612742905,2.2182392119759293,0.27516182335079603,0.3199670673947436,0.8793917896632839,0.9770199224470478,0.9753241301712589,0.6879269751133106,0.1396962184627353,0.15714388937209184,0.9760840148098333,0.20728190032613475,0.44607754173300596,0.252479891196481,0.08711767496209907,26,Man,fear,white
/home/peisze/PycharmProjects/causalgaze/xgaze_224/train/samples/subject0032/frame[3]_cam[0].jpg,0.05792271148791499,0.05468610495607268,0.1915534465592304,0.20351342191649247,0.2369852652235587,0.262872658761665,0.40749340643363624,0.11799686868806605,2.577879854705379,0.29545514593701017,0.32250629869936853,0.9547244153704851,1.0290501858447256,0.9401683050429592,0.7299393285030069,0.14072531722342857,0.16356478746595615,1.0087479667331722,0.2625530661692496,0.4607697940217469,0.24325150300410037,0.09217517932401233,30,Woman,sad,white
/home/peisze/PycharmProjects/causalgaze/xgaze_224/train/samples/subject0032/frame[0]_cam[0].jpg,0.04430263399520407,0.04895088118802341,0.18141582351100358,0.18888610077540974,0.22757949974220248,0.21125678378863658,0.39851761473465563,0.11601526607145819,2.537035050901517,0.2939197961819628,0.3058677879297165,0.9210392985479049,0.9747486102903561,0.9112626122279293,0.7122366557531395,0.13620908659596906,0.14032555782993286,0.9523493045463787,0.26518875889294297,0.4603660787689717,0.2558760220361557,0.08877279864366763,33,Man,neutral,white
/home/peisze/PycharmProjects/causalgaze/xgaze_224/train/samples/subject0032/frame[2]_cam[0].jpg,0.03263194078808056,0.030895324112721143,0.19182513075059013,0.1946289887862804,0.14035230047096894,0.14851569387782637,0.39857244728487157,0.10910440548961076,2.671957328489376,0.2892650987259298,0.31689003932213006,0.9298978672496023,1.0085479985117483,0.9304537347544359,0.7276935621960153,0.13910361563741855,0.16390925210512364,0.9991264460671945,0.2546122902482496,0.4543156851383871,0.2531519021443486,0.07648260961545694,33,Woman,sad,white
/home/peisze/PycharmProjects/causalgaze/xgaze_224/train/samples/subject0032/frame[11]_cam[0].jpg,0.051029127148277176,0.04960898512158437,0.19439869286945588,0.19687786542006197,0.2209880768112543,0.2277917358627901,0.411164218996082,0.12185222052273591,2.5467085279236588,0.3105590382158598,0.3136286309945992,0.984291472172411,1.0556978553150271,0.953687184210186,0.7432388062073243,0.13636729340899775,0.16683166687703285,1.0224360516304865,0.27830974594018926,0.4618105839882664,0.24972207330777652,0.0936601645820843,30,Woman,fear,white
/home/peisze/PycharmProjects/causalgaze/xgaze_224/train/samples/subject0032/frame[7]_cam[0].jpg,0.07762076614990038,0.0739594158280201,0.19788857589452785,0.20398412674743024,0.321233223424076,0.34583046672320433,0.4027179100150827,0.1092976002507985,2.704964783380838,0.28925219268857916,0.3141487802235628,0.9627094455151102,1.0297124777144373,0.9478320838270167,0.7307071457963412,0.13108178383495278,0.19576781270039326,0.9923879100006123,0.29155378636701795,0.46046706752313327,0.24942723057572133,0.08515485100469586,26,Man,fear,white
/home/peisze/PycharmProjects/causalgaze/xgaze_224/train/samples/subject0032/frame[5]_cam[0].jpg,0.028208642806641846,0.034956831152248576,0.20181160313137783,0.2032888433778477,0.15124014303719926,0.12032695068049849,0.4143695140150968,0.11938907266288964,2.6006881444532395,0.31012076849674586,0.31898985618373166,0.9799850103467814,1.0561224980328128,0.9422025423854299,0.7492780217664078,0.13445910004942507,0.16473585301848778,1.0313013728395393,0.2648200518204072,0.46729406769042625,0.25419686759429616,0.08941504060414601,31,Woman,sad,white
/home/peisze/PycharmProjects/causalgaze/xgaze_224/train/samples/subject0032/frame[8]_cam[0].jpg,0.04898943546929804,0.04758992733114752,0.19299878327782347,0.19774166715017832,0.21075905637130374,0.21959766818924106,0.41242770198822615,0.12124979802133823,2.549660457159251,0.3066055630425283,0.3237675195038738,0.9744201234064219,1.0513345385701243,0.9456300146953907,0.7459515383166183,0.1369684597700595,0.15932673230591043,1.0284371578712153,0.2647655078081882,0.4637960201061464,0.2492628532226159,0.0948846227949842,32,Woman,sad,white
/home/peisze/PycharmProjects/causalgaze/xgaze_224/train/samples/subject0032/frame[9]_cam[0].jpg,0.03742919553584063,0.044347916195238125,0.1978875349403287,0.20146116792094323,0.19341311400507688,0.1635795002523611,0.4098419565773751,0.11819607178117592,2.596806069184029,0.30806767090028414,0.32302636675657126,0.9760417728615841,1.0502999293820996,0.9369880434171104,0.7481314082449124,0.13853455007354043,0.15898796704845472,1.0294618234483293,0.2588683963154356,0.45985652556781825,0.24751797200699135,0.09339730538623572,33,Woman,sad,white
/home/peisze/PycharmProjects/causalgaze/xgaze_224/train/samples/subject0032/frame[4]_cam[0].jpg,0.07088426335439049,0.06582951303424192,0.18921598256852062,0.19307722824491555,0.3006739401533213,0.3278682965624481,0.39983256362814973,0.11014305134367185,2.636794020455714,0.29589092021848135,0.3013815302304577,0.9601584308278877,1.016168216834609,0.9547380115429149,0.7155823502804296,0.1405881778047713,0.18736700485793614,0.9771363008302256,0.2986046806594254,0.46144224489250946,0.25642532617492925,0.09653705829392634,28,Man,neutral,white
/home/peisze/PycharmProjects/causalgaze/xgaze_224/train/samples/subject0032/frame[6]_cam[0].jpg,0.0428485226320295,0.0454865861670043,0.19544944225525784,0.19907754662371752,0.2006129688159269,0.18987058191494158,0.41026196968387124,0.1188907501764567,2.579950545899393,0.30772269684795484,0.3216274506673698,0.973783289043228,1.0487066262383034,0.9443638500791339,0.7468675263452182,0.13437588956365024,0.16248902033272206,1.0282477449799186,0.2654344846206236,0.4588345130186672,0.2460844414187223,0.0928855229301186,33,Woman,sad,white
/home/peisze/PycharmProjects/causalgaze/xgaze_224/train/samples/subject0033/frame[3]_cam[0].jpg,0.05600714769167561,0.056944873357251985,0.18790228731094744,0.18587057875738344,0.26940180276024084,0.26094341484299094,0.36454198859649023,0.09487072823806789,2.6840330526152347,0.2956990377511462,0.30072242370827107,0.8881162088347383,0.971410439395951,0.9718826372735616,0.6863713638636469,0.13801693756110503,0.18159219339086025,0.9650466116382175,0.2577677774147435,0.4214504986151698,0.22670972025608746,0.08633278881094215,30,Man,sad,white
/home/peisze/PycharmProjects/causalgaze/xgaze_224/train/samples/subject0033/frame[0]_cam[0].jpg,0.0504208451944525,0.05399699263972172,0.1871273143577392,0.18630926633459288,0.25500235548241734,0.23585267205150953,0.3684890185834167,0.09571127803033,2.6928438212216523,0.2984189628397267,0.29896528532711714,0.8795488873665317,0.9675486727152248,0.9627400306646304,0.6876032134078122,0.13332649550187436,0.1702347471874414,0.9621615879601513,0.2536558566559657,0.42510273526891895,0.23058304133799445,0.09032882318943002,30,Man,sad,white
/home/peisze/PycharmProjects/causalgaze/xgaze_224/train/samples/subject0033/frame[2]_cam[0].jpg,0.08832016090978555,0.0848718554024107,0.1852026798554131,0.186494263837987,0.40289972057702644,0.4204738030980947,0.34909810895923715,0.09452810403724604,2.5991242079919585,0.28550966811534567,0.28094771615919806,0.8648302994782656,0.9391143464525022,0.9684550856279627,0.6586743448293776,0.13500967453200616,0.2054873280032209,0.927284316396333,0.26964158193305066,0.4247820829141022,0.23196503526493517,0.09199385395817708,32,Man,fear,white
/home/peisze/PycharmProjects/causalgaze/xgaze_224/train/samples/subject0033/frame[7]_cam[0].jpg,0.07716198229387891,0.07489495731881099,0.1829284631221373,0.1837097754025104,0.36030461685643556,0.37106004046653535,0.3507807795799595,0.09764449144377511,2.5838081981631023,0.2857382262059709,0.28470319338279076,0.8646672775643425,0.9458926625611013,0.9579001522552725,0.6648370289953237,0.13419588853234551,0.19996368144188276,0.9373326710898642,0.2570428997651942,0.42092177661171937,0.2294161657841486,0.09148849484901707,31,Man,fear,white
/home/peisze/PycharmProjects/causalgaze/xgaze_224/train/samples/subject0033/frame[5]_cam[0].jpg,0.07119397649648854,0.07378283008417665,0.1929697663994629,0.1919160394804395,0.340019460075418,0.3251455739194972,0.35292705232883126,0.09121466968650628,2.7028986478042354,0.28666272103294943,0.289159377047676,0.8578016572605558,0.938614107541521,0.9594322482150576,0.6644428416982954,0.14066491547620258,0.19496302757137263,0.9327579275098448,0.25635962816791036,0.4220871776601013,0.2181154220777188,0.07998577025633707,31,Man,sad,white
/home/peisze/PycharmProjects/causalgaze/xgaze_224/train/samples/subject0033/frame[1]_cam[0].jpg,0.07308149589088253,0.06964004027390622,0.19112729302138973,0.18919461753060765,0.3254772352889475,0.3358680924681158,0.3610753596423474,0.09396087901479404,2.6928378962010404,0.29543820968711093,0.29061507050737784,0.8750799513373674,0.960733055859719,0.967434087257622,0.6770145857476856,0.1320706650693192,0.18323909110408332,0.9505908005413438,0.26470490233591615,0.4288595776369943,0.22901952789971175,0.09358254319686181,29,Man,sad,white
/home/peisze/PycharmProjects/causalgaze/xgaze_224/train/samples/subject0033/frame[8]_cam[0].jpg,0.0633763439713002,0.06304867834171485,0.1929155973018728,0.19026192384371948,0.2920925586495866,0.2875914671561637,0.36187198629494643,0.1006745402636183,2.5823964976775615,0.3036182190485754,0.29844205896700776,0.8960018903763597,0.9828600766859779,0.9919349863864662,0.6916679253216806,0.13208335029916365,0.1840740295645481,0.9749829154807771,0.2659288583012337,0.4350061349815576,0.23239822688078446,0.09274512615653105,30,Man,sad,white
/home/peisze/PycharmProjects/causalgaze/xgaze_224/train/samples/subject0033/frame[9]_cam[0].jpg,0.05820963393051225,0.06109671004460714,0.1848037987165704,0.19169070019656226,0.2819794336108829,0.2763565162645613,0.3623688175861104,0.09867538235891721,2.6232044862953434,0.29648733726241217,0.30082664926720865,0.8787343001774229,0.9647622937882212,0.9743706381167988,0.6848907358523546,0.13479966287483688,0.1854167872935615,0.9658315614511129,0.2531647786631383,0.4253176869754961,0.23259581399429421,0.08610820804114382,29,Man,sad,white
/home/peisze/PycharmProjects/causalgaze/xgaze_224/train/samples/subject0033/frame[4]_cam[0].jpg,0.05421449171468211,0.05527622050702173,0.187223543845685,0.18395657321867445,0.2637031240306409,0.2530764799133295,0.35981171435503984,0.09688515616273963,2.635377394847451,0.298084640125204,0.29856219321843974,0.8846769248097178,0.9751756805843956,0.9708045548551096,0.6864601696409844,0.13747229395558158,0.1757931183871008,0.9683686633370369,0.25123765542637794,0.4256082462198833,0.2288944434750577,0.08900412927817371,30,Man,sad,white
/home/peisze/PycharmProjects/causalgaze/xgaze_224/train/samples/subject0033/frame[6]_cam[0].jpg,0.05475378631598276,0.05622565490214836,0.18592356829537718,0.1848085230325312,0.26797834127989256,0.2581934535664308,0.3591662676726718,0.09412069438311017,2.6677312858449866,0.2946969146980274,0.2980662964171667,0.8777206974115658,0.9654746458966201,0.9636156077395766,0.6804035582818087,0.1360537038877107,0.1791375385240851,0.9593408127698103,0.2513368436225404,0.4187688747899888,0.22505511059378575,0.08227398861820209,30,Man,sad,white
/home/peisze/PycharmProjects/causalgaze/xgaze_224/train/samples/subject0035/frame[13]_cam[0].jpg,0.052521852804865606,0.05352285698959972,0.17055200113429997,0.18361351864036585,0.2580825385504542,0.26951857227101533,0.3512938446500122,0.07432846250786838,3.0214315300975647,0.2566503812278039,0.2995333466673365,0.9020325237169651,0.95847200755746,0.8642689291576633,0.6648920230946261,0.15755092855535413,0.1823978842973304,0.9258803347381559,0.2652447201340727,0.4322239098440448,0.24089396606681873,0.07376775275979033,33,Man,angry,white
/home/peisze/PycharmProjects/causalgaze/xgaze_224/train/samples/subject0035/frame[2]_cam[0].jpg,0.04618015478732041,0.0465531003088665,0.17322220507904795,0.18436695424009963,0.22104009434066174,0.2306622018230344,0.35638877528572616,0.07710575118122473,2.9669117402805982,0.26571744244614787,0.2966777922656278,0.8767641353199412,0.9417536200738859,0.8537308741959082,0.666380001642539,0.15694543283081533,0.17770644050323747,0.9156847871161747,0.2544732934614269,0.43200574168257555,0.23394154094080272,0.08738409978944699,31,Man,sad,white
/home/peisze/PycharmProjects/causalgaze/xgaze_224/train/samples/subject0035/frame[11]_cam[0].jpg,0.035040611271891536,0.029174035151737658,0.174866356810459,0.18361913194493568,0.1405806643327427,0.17433993362864322,0.3540518836334735,0.06509049772011981,3.290816443487682,0.26374115073504045,0.2999648522229706,0.8777805250897057,0.9370815182172166,0.8614232785584377,0.6628361718094931,0.1661893367193737,0.17276910618603009,0.9145610435113016,0.27181773996259145,0.4215268822077365,0.23526330703802695,0.07693655621096203,31,Man,sad,white
/home/peisze/PycharmProjects/causalgaze/xgaze_224/train/samples/subject0035/frame[7]_cam[0].jpg,0.036519937812001635,0.03925305199802981,0.16656324422339672,0.1741206497047305,0.1989138403836168,0.1898558943043151,0.35206860246712934,0.06470623425066382,3.274719267607024,0.25858823840791856,0.29197290863095077,0.8815711733397162,0.9420809377116408,0.8514061489351139,0.6553802887578069,0.161700014116982,0.17665224673463295,0.9117175256781419,0.26867158229882837,0.4182774669646849,0.22979306800525787,0.07320225719465098,31,Man,fear,white
/home/peisze/PycharmProjects/causalgaze/xgaze_224/train/samples/subject0035/frame[5]_cam[0].jpg,0.038543268098223095,0.0340730076116952,0.17128711689759435,0.1814314190750679,0.16613478570644177,0.1957423036335927,0.3528358253955489,0.06397789667676194,3.3167015539005615,0.26384209413326315,0.30229880444843993,0.8894368519063582,0.9525279290830801,0.8651295442780642,0.6708656828229868,0.16328808202763298,0.16825529941858858,0.9261364357104888,0.2735210472793242,0.4181208061125442,0.2370172359473617,0.08144954426950127,32,Man,sad,white
/home/peisze/PycharmProjects/causalgaze/xgaze_224/train/samples/subject0035/frame[12]_cam[0].jpg,0.06623268290102356,0.06438326441346913,0.17226509250514857,0.18836618709444253,0.30253916849080875,0.3367822362297845,0.34830878887207206,0.06216275534798619,3.303103452412414,0.25341676622566794,0.2890882660028373,0.8908529474238599,0.9356229058925255,0.866340421329611,0.6542541095344904,0.15714361147093842,0.19278767344562941,0.8992702811406161,0.2827926267788504,0.4338042704242538,0.23120255649927154,0.08980511890985221,40,Man,sad,white
/home/peisze/PycharmProjects/causalgaze/xgaze_224/train/samples/subject0035/frame[10]_cam[0].jpg,0.04972846129121251,0.053156170604407485,0.16871623207804495,0.18903099982721522,0.2480232848178439,0.2551911493828627,0.35164903938028846,0.06154190534635023,3.3372948241612983,0.25777770400503985,0.2946090598369884,0.881827709090242,0.9404865617414756,0.8847384481728078,0.6569748628897889,0.15909413842209402,0.17911164377144823,0.9019692561175547,0.2990646187369627,0.422830080600872,0.22291385217658627,0.08661598210933968,32,Man,fear,white
/home/peisze/PycharmProjects/causalgaze/xgaze_224/train/samples/subject0035/frame[9]_cam[0].jpg,0.04497037566596835,0.046620481565980296,0.17276182596754663,0.17929105630488437,0.22930349099677366,0.22612268178202247,0.35283319341448055,0.05562019122546077,3.550466232133821,0.26116770885019397,0.29863024391253484,0.8885899887160221,0.9537279374104869,0.8590904271222676,0.6635078169422275,0.17259513013799874,0.17950226749297915,0.9283675103245784,0.26852747790943826,0.42520029340025195,0.22982828672131933,0.07352881010373068,32,Man,fear,white
/home/peisze/PycharmProjects/causalgaze/xgaze_224/train/samples/subject0035/frame[4]_cam[0].jpg,0.05050672116912679,0.051298901244190474,0.16952425353215228,0.18423335748047237,0.24654917394265682,0.2593953541767292,0.34505849512719045,0.07015438086827455,3.086020586290896,0.25944461898697807,0.28967476647650436,0.8747610225810691,0.9338459188930922,0.8486719214761087,0.6543187317814033,0.15667799982872038,0.17804811681459634,0.9039963126313195,0.25747562627133214,0.4347085611262458,0.23353674710672126,0.08786027694005015,34,Man,fear,white
/home/peisze/PycharmProjects/causalgaze/xgaze_224/train/samples/subject0035/frame[6]_cam[0].jpg,0.056258294325728216,0.05430003271432142,0.17193344847621084,0.18266743415699419,0.2621549775962668,0.28522910505720417,0.34220953840114676,0.06486573030626797,3.2086125117971283,0.2569269840443367,0.2879033086519978,0.8812742434264049,0.9386084661011526,0.8622122041078173,0.6552238160849589,0.15534319611851183,0.19041632987814086,0.9048611485650269,0.2741681096244521,0.43182153058232897,0.232493587551562,0.08833275408326419,39,Man,angry,white
/home/peisze/PycharmProjects/causalgaze/xgaze_224/train/samples/subject0036/frame[3]_cam[0].jpg,0.04372895982012959,0.033082827364372694,0.1869921872157974,0.19565628571242127,0.14956624559860504,0.2057939387666893,0.39771338344552215,0.11808433342449519,2.5622667164770605,0.27630748985547066,0.31823323951366284,0.9308547327619883,1.0220732345273527,0.9620254881123063,0.7246204848502188,0.12963916922259802,0.17767917953708293,1.00372887036356,0.25078832692637715,0.4418133976224775,0.24474147635030605,0.0770106902641214,33,Man,sad,white
/home/peisze/PycharmProjects/causalgaze/xgaze_224/train/samples/subject0036/frame[0]_cam[0].jpg,0.0711543927865494,0.06708770417592223,0.1893648976617286,0.1993036105463478,0.29806664648899406,0.3305792069583072,0.39848904573615246,0.11289585931794345,2.6287552632105777,0.2722605506821528,0.3154434539428764,0.9194742725279167,1.0020661537159297,0.952924458990359,0.7110156623723302,0.1266727020979156,0.18082119364700136,0.9778878173802427,0.2532404579470041,0.4343708022502945,0.23628697835717644,0.09273541299040139,30,Man,sad,white
/home/peisze/PycharmProjects/causalgaze/xgaze_224/train/samples/subject0036/frame[2]_cam[0].jpg,0.07594062819406676,0.07735927825684931,0.19241788063556517,0.20261138238919424,0.3398545946996967,0.34899157639156864,0.39216705810048236,0.11399650478156424,2.597412980119139,0.2677817164013297,0.31462197707378586,0.9175560513802445,0.9998525453607368,0.9545284242803783,0.7039773501624915,0.13039371106290146,0.18970951104940895,0.9715304595799802,0.2549848501167401,0.4368464160046883,0.2363238537404238,0.07499750536719477,28,Man,neutral,white
/home/peisze/PycharmProjects/causalgaze/xgaze_224/train/samples/subject0036/frame[7]_cam[0].jpg,0.06542942457718456,0.06438474971492306,0.19503894222569587,0.19949962430754695,0.28666806615732127,0.2960682276228733,0.38940489166236686,0.11386182406724883,2.5775532882837395,0.2709271762437028,0.3142270609865824,0.9126718995485961,0.9991294982990966,0.9560148218101703,0.7049179878858776,0.13074404310619078,0.1809202379471121,0.9733951846241918,0.25101627459875075,0.4347504873378421,0.228117935202811,0.07385555759010219,29,Man,sad,white
/home/peisze/PycharmProjects/causalgaze/xgaze_224/train/samples/subject0036/frame[5]_cam[0].jpg,0.04553403018544569,0.04921910257782171,0.1820778394553575,0.1928912358861097,0.22683083360645587,0.21973996117494068,0.3941731891401843,0.11766224981419861,2.546396949735634,0.2750152313358225,0.3181273592484601,0.9242163006625495,1.0096852377829126,0.9501970934250092,0.7179764196231742,0.12839543248190866,0.17025212460276587,0.9931433125530544,0.24508145850637084,0.43138202542642695,0.24276495183692579,0.08894623628358485,32,Man,sad,white
/home/peisze/PycharmProjects/causalgaze/xgaze_224/train/samples/subject0036/frame[1]_cam[0].jpg,0.08639749157721835,0.08298934919392863,0.18779354332509007,0.19746858220989635,0.3725423180385163,0.405199171771624,0.39152093284999184,0.11286926315844388,2.587753369481793,0.26594539048406896,0.30431648749986046,0.9039129466531467,0.9811837554879443,0.946771125760326,0.6903773278966046,0.12571916889393514,0.19866020597017428,0.9530422871544656,0.2559017587027655,0.4262598563622135,0.23007815413721155,0.09322928659986637,30,Man,fear,white
/home/peisze/PycharmProjects/causalgaze/xgaze_224/train/samples/subject0036/frame[8]_cam[0].jpg,0.08787381333096475,0.08570333206656056,0.18995429365644265,0.20073293508984208,0.3782977090135916,0.40771775151141193,0.3874101037609082,0.11906905030970336,2.4970274859973727,0.2668935094370538,0.30689380628546736,0.9102552030822113,0.9894241217366072,0.9567042224787675,0.694864458568757,0.12421378516536385,0.20192693682790266,0.9589431038178814,0.2584637366795643,0.43083971423177797,0.23291337255589453,0.0916037050239252,30,Man,surprise,white
/home/peisze/PycharmProjects/causalgaze/xgaze_224/train/samples/subject0036/frame[9]_cam[0].jpg,0.06858052803394252,0.06750007256129766,0.1944519509096853,0.1994465387961618,0.30061089098233884,0.31138804438410245,0.39264180589707814,0.11717809630771897,2.5573955997961035,0.2713067945994372,0.3123784196179284,0.907348731983002,0.9937970021146597,0.9590728676961388,0.7038371731775162,0.1292931699014514,0.18585469083299042,0.9693739206262355,0.25207363993827314,0.43595469068656884,0.23049765977245487,0.07369035546163755,29,Man,neutral,white
/home/peisze/PycharmProjects/causalgaze/xgaze_224/train/samples/subject0036/frame[4]_cam[0].jpg,0.03153394293897251,0.04254824619063503,0.1866694263492523,0.20068561295410337,0.1893575627896241,0.14774349473405704,0.3929448960285824,0.11981603949725111,2.5210761026212967,0.27736411379158116,0.3197336504473676,0.9286489857735939,1.0115504438251186,0.9576506486510038,0.7205461913123657,0.12654981584822056,0.17383714744173154,0.994997019613004,0.251196646814403,0.45153180485357164,0.2465397523245792,0.08810693174783665,34,Man,sad,white
/home/peisze/PycharmProjects/causalgaze/xgaze_224/train/samples/subject0036/frame[6]_cam[0].jpg,0.05791975767975078,0.057468671197442735,0.18628277600185283,0.20180918330184416,0.2526239889759922,0.27209622440166753,0.3968212790796471,0.1202518766198792,2.515673321707304,0.26992521988411183,0.31869283648802865,0.9299720393083654,1.0098977060205123,0.965959807590718,0.7142399709775024,0.126913834364763,0.1812651770009894,0.9836710338128574,0.25500780900546033,0.43441296767398485,0.22916568259501144,0.08973432303857026,29,Man,neutral,white
/home/peisze/PycharmProjects/causalgaze/xgaze_224/train/samples/subject0038/frame[3]_cam[0].jpg,0.053696935004980954,0.05805634620913232,0.18878710944666235,0.20328984986770762,0.2540825979278647,0.24943968974748118,0.3424501822084731,0.1319091370352291,2.212413257084099,0.2615888674852633,0.33508346341370543,0.9079859100819452,0.9834683484202287,0.8949991775607647,0.6992998518877535,0.12010546661878913,0.1912902006205257,0.9862964891655855,0.19964069536083975,0.4617029632638669,0.24519086158082318,0.0746652185742275,27,Man,neutral,black
/home/peisze/PycharmProjects/causalgaze/xgaze_224/train/samples/subject0038/frame[0]_cam[0].jpg,0.04108348728079893,0.04115106726318372,0.18542098315895625,0.20398062388103638,0.17942750711788588,0.19373010309575384,0.3381823070749626,0.13645118636919507,2.148010206647288,0.2672717251715286,0.33322909385271055,0.9173543924266325,0.983839023845995,0.8978133169848391,0.7043912771158467,0.11843689576707365,0.1890064677373801,0.9865313332310274,0.19747137796002218,0.4630042832259436,0.25287475703761186,0.07992746920930432,27,Man,neutral,black
/home/peisze/PycharmProjects/causalgaze/xgaze_224/train/samples/subject0038/frame[2]_cam[0].jpg,0.07744680121100224,0.08147849935661407,0.18828709451398384,0.2106615030324181,0.3433392237192203,0.3617189879335957,0.35177327421972904,0.1351814114244869,2.1925021034503773,0.2565291912940282,0.33323082712602686,0.9413049063480682,0.9973831602466967,0.9073709067410196,0.7006758811011571,0.1140921818535789,0.1984096681529994,0.9881178149206837,0.2038988726780524,0.4619983515040958,0.24796807948660485,0.08419927467281675,30,Man,neutral,black
/home/peisze/PycharmProjects/causalgaze/xgaze_224/train/samples/subject0038/frame[7]_cam[0].jpg,0.05756409974896002,0.06209895454849122,0.18201210036521523,0.20532324821075568,0.2685379474692459,0.2765677182623707,0.3402233335365859,0.14040536200791337,2.1342883142244187,0.25829492737708404,0.3326258381392952,0.9080212524907171,0.9735420001978109,0.888769222390873,0.6901708326414048,0.11248085688469982,0.18171582076186368,0.9707292831780775,0.19015140675953246,0.45929732085217695,0.24689231819875365,0.08680456597209173,29,Man,neutral,black
/home/peisze/PycharmProjects/causalgaze/xgaze_224/train/samples/subject0038/frame[5]_cam[0].jpg,0.09006408684067958,0.08727231490079168,0.20575990117402707,0.2298857814300031,0.3398192249114389,0.3873526708033423,0.330816702466842,0.13517945177789958,2.114283407513539,0.2580185347014057,0.3333974526947213,0.9342281574298732,0.9701789836195988,0.9181062166105636,0.6897422102287196,0.11299900333980273,0.2089302091243525,0.9652598576223623,0.2152537691071484,0.4719145665262039,0.23845645700226648,0.08956701210058565,29,Man,neutral,black
/home/peisze/PycharmProjects/causalgaze/xgaze_224/train/samples/subject0038/frame[1]_cam[0].jpg,0.05429252512422392,0.05981875905902367,0.1867312559781831,0.21085684114471337,0.25330467451633676,0.25451750828889663,0.34952598142569186,0.1379053670490373,2.1612741087010403,0.25997119383716455,0.33124311797141226,0.9147481216491047,0.9675121435530624,0.9035741335787129,0.6923135578324595,0.11656248791377903,0.18478778280808267,0.9621325016022969,0.20193738521301297,0.46801011015620225,0.2407583476775731,0.08504179108371177,28,Man,neutral,black
/home/peisze/PycharmProjects/causalgaze/xgaze_224/train/samples/subject0038/frame[10]_cam[0].jpg,0.04403781404534067,0.05137862198306205,0.17790301845653003,0.20374535080879336,0.22406578372732322,0.215611263004231,0.3536293290577226,0.1363232585821547,2.2021904193091077,0.2560270203715422,0.34014580633811153,0.9364486252302688,0.9941834887546105,0.9093086664608921,0.7064537209702559,0.1177369617649171,0.18451051586711587,0.9907011768010259,0.21085431464895757,0.4614579828849219,0.25168272392190427,0.08397021637597726,28,Man,neutral,black
/home/peisze/PycharmProjects/causalgaze/xgaze_224/train/samples/subject0038/frame[8]_cam[0].jpg,0.06336818093418096,0.06784081545466332,0.18166731597645303,0.20298788935617376,0.2968439884202229,0.3059260321566118,0.3471067430955555,0.13442665659772213,2.192122262418932,0.2532882830382806,0.33711493187842795,0.9313604107352796,0.9895856277167657,0.9120899541186764,0.6980147864702537,0.1140431773677975,0.19382989984672708,0.9850125722169639,0.21678692788632434,0.4579122873470292,0.24940913204433174,0.07844885496929609,28,Man,neutral,black
/home/peisze/PycharmProjects/causalgaze/xgaze_224/train/samples/subject0038/frame[9]_cam[0].jpg,0.08483357505890614,0.0846574873254415,0.18426449289040245,0.2077804855794935,0.36186619003569787,0.4049663499043634,0.33198457974019757,0.12868209847950962,2.1805794982862947,0.2430060598499969,0.330478534092669,0.9244810710656953,0.9711872696443826,0.9026063969044231,0.6822781826853617,0.11307561287294074,0.20846663813922092,0.9603759113354849,0.21516382012593183,0.4546284581971499,0.24383841809430454,0.08655189997600257,29,Man,neutral,black
/home/peisze/PycharmProjects/causalgaze/xgaze_224/train/samples/subject0038/frame[6]_cam[0].jpg,0.0897746470714635,0.08838924424024121,0.19164573123912707,0.21737690719998537,0.3611035564720236,0.4126435380671841,0.3333166290261896,0.13417928811350613,2.1533312606411523,0.24730138515889047,0.3323976963312976,0.9353918729610002,0.98812426480286,0.9006317704514534,0.6896537849277797,0.10883161322723955,0.20808995901947244,0.97399600923056,0.20777863498312646,0.4582524677572332,0.24149073791310507,0.0927202180088403,29,Man,neutral,black
/home/peisze/PycharmProjects/causalgaze/xgaze_224/train/samples/subject0039/frame[3]_cam[0].jpg,0.05255186641396706,0.057694134891435794,0.1882317373028922,0.21996812317921985,0.23246604140471047,0.24316424287010338,0.3839321108136754,0.12811658903197853,2.3513049559480725,0.25534762622155033,0.3340996404153755,0.8631266630951507,0.9567095163870799,0.9416402763868315,0.6803630880572326,0.14991316018916676,0.1789232121258687,0.9568569293116533,0.22448057611074546,0.4332528690701186,0.20602079855446828,0.09413856997229579,29,Man,sad,white
/home/peisze/PycharmProjects/causalgaze/xgaze_224/train/samples/subject0039/frame[11]_cam[0].jpg,0.06133343315874306,0.06838446775684993,0.1911928399516124,0.2280043865677825,0.2671715042018004,0.2810660183290508,0.3805524680230531,0.1337845898194502,2.29688511927214,0.2556346953508498,0.34048392177611525,0.8783138145727716,0.9691694733916931,0.946401211069618,0.6875777714750332,0.15097764351267326,0.17747021455154277,0.9693978297631104,0.2186914843612496,0.4450954951524111,0.2104180356442938,0.09564573411919594,27,Man,sad,white
/home/peisze/PycharmProjects/causalgaze/xgaze_224/train/samples/subject0039/frame[7]_cam[0].jpg,0.04673271520125363,0.050770237455570334,0.17861168007257014,0.199645638981521,0.22471461596927886,0.22784991998658488,0.37106779465120854,0.12736169162133995,2.3341009192426254,0.2515265559434546,0.32540670138631617,0.8511000496528237,0.9361186450238487,0.9378911230140597,0.6719911894716,0.1533300601255869,0.17092093151549265,0.9396158385064175,0.22044584717084215,0.43183654868723537,0.22203216280889296,0.07793636474498565,30,Man,sad,white
/home/peisze/PycharmProjects/causalgaze/xgaze_224/train/samples/subject0039/frame[5]_cam[0].jpg,0.04699120791864672,0.05361528897128581,0.18689787438040056,0.21681208909036725,0.21918261132139635,0.218812466315866,0.3811330496272908,0.12764101018567858,2.356858294060013,0.25434196896140326,0.3350367473041534,0.8574140328746302,0.9519300952177928,0.9432585513425106,0.6781354895366121,0.151221941749978,0.17493350240339667,0.9575828869300058,0.22205500106733564,0.43264962693379216,0.21152241978457492,0.09266455088033679,29,Man,sad,white
/home/peisze/PycharmProjects/causalgaze/xgaze_224/train/samples/subject0039/frame[12]_cam[0].jpg,0.08287654705021665,0.08527785235256356,0.18390446803435082,0.2101762949740068,0.3606910175705126,0.3969052200661591,0.3689770644639141,0.12797239925690185,2.317506790654399,0.24223146027227505,0.3203682378239762,0.8551097130425709,0.9400523620088266,0.9418314905687197,0.6591626134745746,0.1454695548951874,0.19942906410508487,0.9346129549784846,0.21139857864001832,0.44219846633161025,0.2291527236826832,0.09235968815101418,27,Man,surprise,white
/home/peisze/PycharmProjects/causalgaze/xgaze_224/train/samples/subject0039/frame[1]_cam[0].jpg,0.05627591205197503,0.05886760267013017,0.1841005842540934,0.20740746942901947,0.25135320806873723,0.26642157050672877,0.39012218943747645,0.13160492770095325,2.3472394687150815,0.25634360344704893,0.3360450774610811,0.8751332858856498,0.9825348848399694,0.9477573771575823,0.6910863830875905,0.14899949138976523,0.1869738037668904,0.9861468474434949,0.2066780293312607,0.4540474458400162,0.2320331592819905,0.08674576072812251,28,Man,sad,white
/home/peisze/PycharmProjects/causalgaze/xgaze_224/train/samples/subject0039/frame[10]_cam[0].jpg,0.04300244640144434,0.05305644406541273,0.1805951660759842,0.20691208574379466,0.226240222112463,0.20656871348627076,0.3801357845516494,0.12892951004541173,2.3500745345828844,0.2549780705803355,0.33075282892110436,0.8489351291684996,0.9419126661576699,0.9375495575271429,0.677332215030578,0.15460179930012322,0.17258661824990223,0.9491630348786138,0.21086527370280858,0.43529512182776,0.22190235718930626,0.08870612565586616,30,Man,sad,white
/home/peisze/PycharmProjects/causalgaze/xgaze_224/train/samples/subject0039/frame[9]_cam[0].jpg,0.07349926073218516,0.07904010900167245,0.18063497175816576,0.2062088819434193,0.34182469644939417,0.35958566847117784,0.3741254832195347,0.12470328633049099,2.38023213884327,0.23859370340409258,0.32208398522319204,0.8525091148072549,0.9367093526307604,0.940459442678533,0.6632341041958397,0.145688604270357,0.19703834693176472,0.9365721717770444,0.22354068434704097,0.43914212391466817,0.2301492612533152,0.0755757681738392,28,Man,fear,white
/home/peisze/PycharmProjects/causalgaze/xgaze_224/train/samples/subject0039/frame[4]_cam[0].jpg,0.09019439124287731,0.09383918305583855,0.20026013420688027,0.2378422229698707,0.35282683415266797,0.3990426285450501,0.3720012478538646,0.12753440660418208,2.3333338818646148,0.24832095293905446,0.33172492417303906,0.8627168110891453,0.9535272937012886,0.9364901519880605,0.6695245688053384,0.1462459490171935,0.19234120021003762,0.9519640213213927,0.21458794495435882,0.45175032859150094,0.20996430614427916,0.09487291485898841,27,Man,fear,white
/home/peisze/PycharmProjects/causalgaze/xgaze_224/train/samples/subject0039/frame[6]_cam[0].jpg,0.04254112935797021,0.05291005837574289,0.18090980091022876,0.20645870137785305,0.22577900650659757,0.20389796010250957,0.3897594050533901,0.12845754157420947,2.3817105457533625,0.2539989204301003,0.33089034733415584,0.8512498215249931,0.9408332171383715,0.9393231627577914,0.6764223282569993,0.15306104948959673,0.17189177027861324,0.9480014902531863,0.2141960089830912,0.4347665784785647,0.22185884888228885,0.0873453264660014,30,Man,sad,white
/home/peisze/PycharmProjects/causalgaze/xgaze_224/train/samples/subject0040/frame[3]_cam[0].jpg,0.023228986620397456,0.020686208949350388,0.18960540423444042,0.18896245965970243,0.09780186877279301,0.1065749327982974,0.39004122547696835,0.12779947392839475,2.389814396734528,0.2877577428123919,0.295412287019138,0.9312399929379691,1.0010885455073806,0.9404440601454155,0.6989332589056405,0.13865485408363507,0.15347930400642604,0.970921083804091,0.21895996265895953,0.42247024838593394,0.23507899522543257,0.08240625726147544,33,Man,fear,white
/home/peisze/PycharmProjects/causalgaze/xgaze_224/train/samples/subject0040/frame[0]_cam[0].jpg,0.0661728208228146,0.06335604562620847,0.1873962772985199,0.18769555393726065,0.3000346130756177,0.3114286243345075,0.39014718392434755,0.12475082357673498,2.418746563999579,0.2869164487683578,0.2887399461640967,0.9255070233800338,0.9928893401307155,0.9546070449393084,0.6862237367547845,0.14617459562491034,0.16440969055489602,0.9616724183025376,0.2409257551383372,0.433510505102056,0.22789866667577216,0.09089093663344151,33,Man,neutral,white
/home/peisze/PycharmProjects/causalgaze/xgaze_224/train/samples/subject0040/frame[2]_cam[0].jpg,0.06395555388786824,0.061798638537029084,0.18445837871214776,0.1810304820961932,0.30279522174744566,0.3052563732867128,0.38070628993977773,0.12056994352534357,2.4385693375172144,0.283733021036799,0.2864600049051797,0.922877845159243,0.9896375513371695,0.9538034728125012,0.6778872708130225,0.15212542005075885,0.16772464953320818,0.9558505970269725,0.24215790871812082,0.43228025330132164,0.2267132381980258,0.0877896525830564,32,Man,neutral,white
/home/peisze/PycharmProjects/causalgaze/xgaze_224/train/samples/subject0040/frame[7]_cam[0].jpg,0.0700982416800456,0.0695080249774478,0.19405275511622141,0.1890245506771162,0.3280961342163204,0.32001174479846517,0.38242409640588626,0.12418966419118874,2.3979365645492914,0.27533151377000703,0.29205165678136874,0.9378700252489554,0.9968060167062207,0.9869088886324664,0.682243525757332,0.157521560061667,0.16460033635335455,0.9561767892144593,0.25861815427130663,0.43546908130782375,0.22282590112360137,0.0653630622732665,33,Man,surprise,white
/home/peisze/PycharmProjects/causalgaze/xgaze_224/train/samples/subject0040/frame[5]_cam[0].jpg,0.03983120591644719,0.03817577712079539,0.18190851848500103,0.17722974065384717,0.19103123198974703,0.1911380210857101,0.38297459065472306,0.12492116719425098,2.3866648875926653,0.2854304344471023,0.2938480043008537,0.9333259585235315,1.0009915955168058,0.9522496018716747,0.6911360606367586,0.14882907313214222,0.14901234277213404,0.9636268178120895,0.2318345276362982,0.4201828921022475,0.22511314274920474,0.08464051749320733,32,Man,fear,white
/home/peisze/PycharmProjects/causalgaze/xgaze_224/train/samples/subject0040/frame[1]_cam[0].jpg,0.07546560441695625,0.07268659321677816,0.18708879997185524,0.19096368625473598,0.33986006879040614,0.35708481947812337,0.3899215065076678,0.12389300639343832,2.4389673841748962,0.2853323780036497,0.28569330771029067,0.928223238472713,0.9845144610179957,0.9723144450054285,0.6799780685998663,0.14731445587703434,0.16820193999488495,0.9471401539897959,0.259582843043459,0.4369844354394025,0.2308208858603041,0.08784983757341738,33,Man,neutral,white
/home/peisze/PycharmProjects/causalgaze/xgaze_224/train/samples/subject0040/frame[8]_cam[0].jpg,0.07201298785291767,0.06954497671201287,0.18698988144905204,0.18527669731804175,0.33439649016897893,0.34047031033759717,0.38156351848931325,0.12378347269264837,2.3988910612056245,0.27735074239678226,0.28916436279181645,0.935306009624958,0.992868859958848,0.978936384478089,0.6843182887202306,0.16075085048107382,0.17364267289811613,0.9573255419448847,0.24715694773008276,0.4332956097345571,0.2320593722612392,0.07824971997219159,32,Man,surprise,white
/home/peisze/PycharmProjects/causalgaze/xgaze_224/train/samples/subject0040/frame[9]_cam[0].jpg,0.03093147650022209,0.027640508991509716,0.18818334182841026,0.18648965853280644,0.13158568357704734,0.14354256956024974,0.38754119481834864,0.12158379617015862,2.422638778065809,0.28708474502909415,0.2980122604379687,0.9384106181767699,0.998837209493876,0.9775017767462522,0.693567086097378,0.15444136604152273,0.15278735999855161,0.9645453468384666,0.2517347577813995,0.4325111729773592,0.22543864422295823,0.07676698126896522,32,Man,sad,white
/home/peisze/PycharmProjects/causalgaze/xgaze_224/train/samples/subject0040/frame[4]_cam[0].jpg,0.07192579456077727,0.06914548988622096,0.19009279023717207,0.1882288781185245,0.32601100535239214,0.3333550263981454,0.38546248740759903,0.12281873990344125,2.425449066374942,0.2861366705861882,0.288575492500048,0.9366552674447275,0.9997442986743069,0.9679327218996572,0.689306811763762,0.15281080259103672,0.17238006718434118,0.9638050121349877,0.242812280668681,0.4391302768890306,0.2317288555347344,0.09256002817791753,33,Man,surprise,white
/home/peisze/PycharmProjects/causalgaze/xgaze_224/train/samples/subject0040/frame[6]_cam[0].jpg,0.04730620482333221,0.04690347963376821,0.18919283849684507,0.18193665050935223,0.2286535555790383,0.22043029773311926,0.38570227664087664,0.1171916654995284,2.480247176636104,0.28301565767649073,0.2903424794979886,0.9281073611127832,0.992519769293863,0.9592004794755514,0.6875817644687955,0.15779448897947349,0.15229929454318505,0.9610755746665636,0.2367385127908569,0.4211665034288921,0.21653913238801512,0.06849725751391454,33,Man,angry,white
/home/peisze/PycharmProjects/causalgaze/xgaze_224/train/samples/subject0041/frame[3]_cam[0].jpg,0.04798459672596063,0.04794351655287935,0.19739995293475876,0.19748961182275787,0.21256540359781548,0.211746853224561,0.37129473030971544,0.1033991351556575,2.6774069882567866,0.3086808296665029,0.31286560302564304,0.916234373225122,0.9917042385273269,0.9558722907110504,0.7395576239976754,0.14386958235992095,0.19016039673326657,0.9876685627370654,0.24464929947087036,0.4669370057794108,0.2517337630158189,0.09709894978022897,32,Woman,sad,white
/home/peisze/PycharmProjects/causalgaze/xgaze_224/train/samples/subject0041/frame[0]_cam[0].jpg,0.047894689808121435,0.047751834474154,0.20173492535890483,0.19386261981922098,0.21582268800880255,0.20725121764853635,0.3632827843402179,0.10024908778047555,2.684504874755093,0.32335267147223457,0.306106138477729,0.9309301551566815,1.007920061386479,0.9540988643454519,0.7448787719228458,0.14575931867700856,0.1883922011341964,1.00038118743288,0.24261378314302873,0.46266718024758735,0.2498155369723733,0.0970206542659599,32,Woman,sad,white
/home/peisze/PycharmProjects/causalgaze/xgaze_224/train/samples/subject0041/frame[2]_cam[0].jpg,0.05347922653513611,0.05308119201069396,0.19494111958550997,0.1960421757558069,0.23766190903882073,0.238857067960479,0.36146136691412395,0.10213763734343266,2.655414357015964,0.31123030523789674,0.31054191357877253,0.9165998777979826,0.9942386904752154,0.9521158431404134,0.7336344862852531,0.14367479078574474,0.18658341268493878,0.988803737906921,0.24277068149428704,0.45898124230960047,0.24874866582945324,0.09615926571521645,32,Woman,sad,white
/home/peisze/PycharmProjects/causalgaze/xgaze_224/train/samples/subject0041/frame[7]_cam[0].jpg,0.046247946777427544,0.04237287219435641,0.19614110741950777,0.1956009194726546,0.19034374467658383,0.20647752054609755,0.36594470264583095,0.10780575853976436,2.5825923366028647,0.3038250206022971,0.31979594120040794,0.9270920820994654,1.0106290963825126,0.9630123691553791,0.7411861324129118,0.14640284816149107,0.18192776990411963,1.010360311951835,0.24570514045039715,0.4636683814589541,0.25366577900026516,0.08787283512194773,32,Woman,sad,white
/home/peisze/PycharmProjects/causalgaze/xgaze_224/train/samples/subject0041/frame[5]_cam[0].jpg,0.0772815144110784,0.07305525545088533,0.194513465554264,0.19158646694171433,0.33644052362206267,0.3496279388778325,0.3620376304230085,0.09793345625150811,2.7139434145509473,0.2987377491800947,0.29694113987135784,0.8878056605348215,0.9564011683649932,0.9371578124197115,0.7050930131693214,0.1403297793257001,0.20558623837980292,0.9509520222948323,0.24473693536827604,0.45830700893863446,0.2493668823571507,0.09563081507057253,28,Man,sad,white
/home/peisze/PycharmProjects/causalgaze/xgaze_224/train/samples/subject0041/frame[1]_cam[0].jpg,0.05927960983100116,0.05597205645985338,0.20123729350282335,0.20204900019690147,0.2451787072920006,0.26014893059627564,0.3603740015412612,0.08719907052463528,2.9298936776073115,0.30561146448064047,0.32601045071169954,0.9366120869012453,1.0343836086597706,0.9403200264823134,0.7481355731091174,0.1493817015844724,0.18628114768139437,1.0281800224428275,0.2423364755085228,0.4690334612654379,0.24847310813895898,0.08277720298873625,32,Woman,sad,white
/home/peisze/PycharmProjects/causalgaze/xgaze_224/train/samples/subject0041/frame[8]_cam[0].jpg,0.03908592852966469,0.04398093575278277,0.20064063054884465,0.2008006293773449,0.1921103648164053,0.1688287155500647,0.36789609724678524,0.10775944976812331,2.6007067833266175,0.3111687140821611,0.3156760605558642,0.922461140258494,1.0064540894803036,0.9591109719656786,0.7416524923150716,0.1451237027918775,0.18373584756039815,1.0050594410578473,0.24568522235819462,0.47218589086995383,0.25538126187668475,0.09600121338280959,32,Woman,sad,white
/home/peisze/PycharmProjects/causalgaze/xgaze_224/train/samples/subject0041/frame[9]_cam[0].jpg,0.06371156263395598,0.06096989392116762,0.19471204989217494,0.19869553401981263,0.27106423506528005,0.28735001882480615,0.3615325697356894,0.09954534439665694,2.692116279809132,0.2838386952010353,0.3213656503371367,0.9174293957302787,0.9963757559032115,0.9541292670226031,0.7208504533813502,0.14156628172975713,0.18730030016688068,0.98651416357604,0.25198286436685496,0.4568105315347124,0.24343638909054904,0.08154675778875721,32,Woman,sad,white
/home/peisze/PycharmProjects/causalgaze/xgaze_224/train/samples/subject0041/frame[4]_cam[0].jpg,0.027978770190897197,0.03961596003151762,0.21147048558611872,0.20585808230240574,0.16859294690183602,0.11422223370251779,0.37675942828800524,0.10567590395468757,2.6774522970842054,0.31936689720561545,0.3148561228234411,0.9277376109607496,1.0100685607403483,0.9567548854031421,0.7520965444218289,0.14339457867977878,0.18882461064539838,1.0075094348475524,0.2435335170801749,0.4808618080753043,0.2588901844160554,0.09656044290332247,32,Woman,sad,asian
/home/peisze/PycharmProjects/causalgaze/xgaze_224/train/samples/subject0041/frame[6]_cam[0].jpg,0.07557127817927993,0.07103973892264702,0.19966181746335537,0.20036266243384068,0.31329153706234925,0.3326299814596007,0.3595740966819865,0.10196018313188272,2.6455095646156335,0.30366622506917845,0.3047538107377973,0.9062930138022294,0.983518433241628,0.9464954044898215,0.719277704504738,0.14045259607776478,0.1997273550980767,0.9770038132159687,0.24911695238675993,0.4583782467635153,0.2460250813647799,0.09609599820439961,30,Woman,sad,white
/home/peisze/PycharmProjects/causalgaze/xgaze_224/train/samples/subject0043/frame[13]_cam[0].jpg,0.07326598964890513,0.07993512140746582,0.18701198380375575,0.20664908691585746,0.3436515125595447,0.34552522235707844,0.32971258483302895,0.07977740933059248,2.8866798811740955,0.25764493609870515,0.31489234399191696,0.8946209492390035,0.9682746877757316,0.9506040653882096,0.6898589230505713,0.1361630539091,0.18554972228004707,0.9477163092767195,0.24844240172567686,0.46225704430705983,0.2471109525964646,0.07614086575728238,26,Man,sad,white
/home/peisze/PycharmProjects/causalgaze/xgaze_224/train/samples/subject0043/frame[0]_cam[0].jpg,0.08430180849889705,0.09008641781545927,0.18703771368869657,0.20983770535596236,0.3828737896904576,0.3992647016081167,0.3423688717585381,0.07087870739527025,3.172833660348174,0.2540126812094506,0.31124483871807174,0.9055621461170555,0.978272966728896,0.9437029817197075,0.6926767330592231,0.12446291736902758,0.20020009752170134,0.9493835358500509,0.25899185436675437,0.4570643797703849,0.2476620992449666,0.07341608163898578,26,Man,fear,white
/home/peisze/PycharmProjects/causalgaze/xgaze_224/train/samples/subject0043/frame[2]_cam[0].jpg,0.0697644079001576,0.0702848133711129,0.19573151704250324,0.20286864805549745,0.30618692880642207,0.31274299386171556,0.34053279055511804,0.08141189533485825,2.920263092900377,0.2786660397748665,0.30976919752520743,0.9142762321310463,1.0006697237278863,0.9625273379694398,0.7082474166032707,0.12455582136793401,0.18538531954588586,0.9800838007824411,0.2627568184875242,0.4714878489953335,0.2488289603746285,0.08890988949050643,25,Man,fear,white
/home/peisze/PycharmProjects/causalgaze/xgaze_224/train/samples/subject0043/frame[14]_cam[0].jpg,0.07658353249872696,0.07299324520380678,0.1883064027589938,0.20512391884721407,0.31516417621269976,0.35644558489043515,0.3301760073826184,0.08187493705343107,2.8639250537622987,0.2664059683377782,0.31485604619686963,0.8945371056976317,0.9736784278244325,0.9531384314111827,0.6944289797200273,0.13318880405743172,0.17668751697696916,0.9601860504252335,0.24817202067694938,0.4648513655816006,0.24924313172555437,0.09533739988806163,26,Man,sad,white
/home/peisze/PycharmProjects/causalgaze/xgaze_224/train/samples/subject0043/frame[15]_cam[0].jpg,0.09299786548791265,0.09282735679374363,0.19069928289535784,0.20960471387087887,0.39396402812441084,0.43020541817888924,0.32224185571540054,0.08277045583965578,2.7718363433906945,0.2597570382029283,0.3070977746614596,0.8897186601724111,0.9755684161029594,0.9475269820015872,0.6810237470513187,0.12809796550215236,0.19581458847669114,0.9522803878999092,0.24439825316529032,0.46413699220114035,0.2453085917809779,0.09646196654042177,25,Man,neutral,white
/home/peisze/PycharmProjects/causalgaze/xgaze_224/train/samples/subject0043/frame[5]_cam[0].jpg,0.07447411714125743,0.07168392570449279,0.19352400354427277,0.2066442113890118,0.30703122155715434,0.33731828369204037,0.34361344661891924,0.07923875754094507,2.9802120996514,0.27353468396662955,0.30970792758984406,0.9031582819342493,0.9879745235386673,0.9683293435673304,0.7024331152346456,0.12747592183625187,0.18003113391879286,0.9695012517050701,0.2630339964973965,0.46818244897399214,0.2501872723790929,0.09602497243769041,25,Man,sad,white
/home/peisze/PycharmProjects/causalgaze/xgaze_224/train/samples/subject0043/frame[1]_cam[0].jpg,0.09122268818798306,0.09052756121310102,0.19841918933336178,0.2063970836622233,0.3897591503252704,0.40517785094666603,0.33909391447457543,0.07103808642867686,3.1259255144878004,0.2807335745752311,0.2962221976154929,0.9088930498053439,0.9936636038668237,0.9597670510052773,0.6947236589572686,0.12738586911094749,0.20073336005253253,0.9675458030835141,0.2650446235342673,0.4675415324560478,0.24633526974197284,0.09830338844112899,25,Man,fear,white
/home/peisze/PycharmProjects/causalgaze/xgaze_224/train/samples/subject0043/frame[10]_cam[0].jpg,0.06191523024050252,0.06767586817938372,0.191352590440634,0.20250959454226172,0.29609374034926234,0.28460809096436335,0.3407458771027951,0.07971221999750114,2.9746076048042394,0.2653819906619347,0.3162416674632217,0.8881828123810527,0.9794364619020153,0.9479425998029695,0.699749072750128,0.1348412840550034,0.1805867400387927,0.9617614050291832,0.24066627760338127,0.4568228467595819,0.2423829906257292,0.073724656873415,27,Man,fear,white
/home/peisze/PycharmProjects/causalgaze/xgaze_224/train/samples/subject0043/frame[9]_cam[0].jpg,0.06574032133632136,0.0714298367692181,0.1881141339603645,0.20358699485093829,0.30971843922755,0.30626982534747277,0.3491070421522871,0.10329012730579452,2.593862272713883,0.2634945108836109,0.31852940280841974,0.9001609544760731,0.9838261634838008,0.9609372095856263,0.7007109457923021,0.1287753314013898,0.18098253494341568,0.9601548143795131,0.2439064253082579,0.46857837336857855,0.2485937336583284,0.08078960730754371,26,Man,fear,white
/home/peisze/PycharmProjects/causalgaze/xgaze_224/train/samples/subject0043/frame[6]_cam[0].jpg,0.06416381328327188,0.06484453798249679,0.19326273956414847,0.21001651661389126,0.2729510700985405,0.29012813022306905,0.34373336593313336,0.08080343218804294,2.941312079619563,0.27853231521417543,0.3138993906558921,0.8971242085250162,0.9848479999875427,0.9641990007368427,0.70579501507736,0.13130624244056682,0.18008449193828058,0.9727904531845785,0.2520295650927705,0.46569911350478704,0.2475065068669782,0.09365596582646003,25,Man,sad,white
/home/peisze/PycharmProjects/causalgaze/xgaze_224/train/samples/subject0044/frame[3]_cam[0].jpg,0.08488544513340913,0.08554018914689145,0.19874540218644987,0.21625588722321368,0.3555540492852167,0.38004401306887325,0.3411914937321475,0.1260731396178661,2.2622879978882016,0.24495611192628913,0.3184527115751401,0.87402355218951,0.9479726871206801,0.9076310978479765,0.6508429677319321,0.14051767831101794,0.20931529148021075,0.937770367634719,0.1918300325446197,0.43450277503322965,0.21699463068063596,0.0583274876779827,31,Man,sad,middle eastern
/home/peisze/PycharmProjects/causalgaze/xgaze_224/train/samples/subject0044/frame[0]_cam[0].jpg,0.05983513978736424,0.06326028399874892,0.18973525458332782,0.202932365987937,0.276554964009377,0.2776241805492766,0.34124189100306823,0.14303019486217794,2.1515235490138074,0.25707831404461806,0.32598886402046057,0.8883964852897264,0.9779600329898754,0.9289757267859401,0.6750676159940017,0.14564301715109823,0.18983339764689627,0.9674642992654404,0.1867546033529274,0.4458545622151062,0.22313887811986974,0.06930862441968563,30,Man,neutral,middle eastern
/home/peisze/PycharmProjects/causalgaze/xgaze_224/train/samples/subject0044/frame[2]_cam[0].jpg,0.08585599377594469,0.08546782923987688,0.19718640681123298,0.21648265444891146,0.35111962691145343,0.3844782515447728,0.3488732113129164,0.12854521030640984,2.2756409125799886,0.24812154291120878,0.31827275756068796,0.8808627050846811,0.9582661310774966,0.9118778124074899,0.6551563396871875,0.13195610701257932,0.20880087910371403,0.9357171774134719,0.19046529154056202,0.44125648360684755,0.21364222166227742,0.09117353689281994,30,Man,sad,middle eastern
/home/peisze/PycharmProjects/causalgaze/xgaze_224/train/samples/subject0044/frame[7]_cam[0].jpg,0.05598755563197257,0.056173405730132894,0.18982697634126103,0.2000099428763904,0.2492618398980716,0.2592796310686708,0.35413281859711676,0.1292469876994118,2.2915271056756232,0.2647463770079458,0.3215814786189825,0.8805593524803648,0.9746407970943161,0.937109720782441,0.6784578109292831,0.1501268275068055,0.1841128357627492,0.9612940132759312,0.19202526865387518,0.45623169327448077,0.23447985129695673,0.07605888321169323,30,Man,sad,middle eastern
/home/peisze/PycharmProjects/causalgaze/xgaze_224/train/samples/subject0044/frame[5]_cam[0].jpg,0.05975219877497421,0.061933978892103406,0.19034841666585336,0.20168117109019956,0.27151038328914795,0.27517273293515215,0.35313596175976325,0.12447215553129394,2.3195198711875467,0.26294606519568187,0.31797383553006137,0.871653755189137,0.9569086585639093,0.9116910762939223,0.6667963084022976,0.15357563581559414,0.18997890650595953,0.9451316445326514,0.18597226795238522,0.45601325468301257,0.2287514297272666,0.07869638819043534,30,Man,sad,middle eastern
/home/peisze/PycharmProjects/causalgaze/xgaze_224/train/samples/subject0044/frame[1]_cam[0].jpg,0.05042187793687191,0.051070664296536644,0.18582921724253523,0.20736342842777208,0.21849084383592654,0.23755794487160464,0.36335863436316085,0.13071036306533926,2.3179042728871475,0.265662078294684,0.3283566371924838,0.8770354167339623,0.9709254293924083,0.9408959967640398,0.6809573739329372,0.14562633080178136,0.17882746279634126,0.962743137134985,0.19574502682381748,0.45691771195760883,0.2334335221611885,0.08718349635743011,30,Man,sad,middle eastern
/home/peisze/PycharmProjects/causalgaze/xgaze_224/train/samples/subject0044/frame[10]_cam[0].jpg,0.04618946501695391,0.05098638219120345,0.18266986757282666,0.20679225882657298,0.21930185389305973,0.22105038499449609,0.34978196761907393,0.13292272075866543,2.2517484444137845,0.2636007468616258,0.32535792589513546,0.8747314077631367,0.9704986791748618,0.9256707069410434,0.6773374716114983,0.14954733407415705,0.17442027926511827,0.9638723691898969,0.18097394288922553,0.45168116234767747,0.23383122146879143,0.08693130800771849,30,Man,sad,middle eastern
/home/peisze/PycharmProjects/causalgaze/xgaze_224/train/samples/subject0044/frame[8]_cam[0].jpg,0.04768694272508007,0.04780354844211658,0.18154635679168002,0.19616834590651158,0.2163570806648238,0.2302292643272291,0.3540864019089703,0.1305678063955778,2.275955400298291,0.26306457186905713,0.3184255605737607,0.8668420842391926,0.9529682363892921,0.9254415078287173,0.6713261456912407,0.1490861504157855,0.17252948183995354,0.9448302799155367,0.1846086070919787,0.4613608365669327,0.24229137215514743,0.08154667640139274,30,Man,sad,middle eastern
/home/peisze/PycharmProjects/causalgaze/xgaze_224/train/samples/subject0044/frame[9]_cam[0].jpg,0.06659726115947744,0.06885955370815049,0.19513576375449646,0.21799572897485353,0.2802254261665872,0.2987477269773102,0.3593446191894856,0.12612446595845228,2.3293684574350286,0.26594613577963916,0.32664272357893764,0.8948961929947119,0.9786068032629288,0.9369930462664258,0.6803910426277546,0.1493989107867658,0.19043606524900533,0.9620895649095871,0.20172486326833527,0.4554806840923157,0.21924743712460615,0.09276717173192436,30,Man,sad,middle eastern
/home/peisze/PycharmProjects/causalgaze/xgaze_224/train/samples/subject0044/frame[4]_cam[0].jpg,0.08484106451111059,0.0842916245632615,0.19909654563781704,0.21773896392385184,0.34326728739944284,0.3748384377464993,0.35521142693857466,0.1290167310696295,2.2916458548229124,0.25768942815208545,0.3258616966310702,0.8799872059884837,0.9655778727669483,0.9313221216513967,0.6672874776297035,0.14155942754370288,0.2026533315148413,0.9536346960454647,0.19616502557806578,0.45078454245254246,0.21799325236889033,0.09348509130497383,30,Man,neutral,middle eastern
/home/peisze/PycharmProjects/causalgaze/xgaze_224/train/samples/subject0045/frame[3]_cam[0].jpg,0.02307526500629737,0.014741815007185178,0.17248613088347456,0.20466010250524933,0.06557538199825791,0.11778731216200829,0.38879226259585214,0.10865117914736562,2.650924892213906,0.25559605817351705,0.3359957638612745,0.9350911813475221,1.0099759318326424,0.9324263108686205,0.7171907264644997,0.12075284124567781,0.18433433303575314,0.9968429745052735,0.24747122285469794,0.43029814513752224,0.2489807127960856,0.076727387173301,31,Man,sad,white
/home/peisze/PycharmProjects/causalgaze/xgaze_224/train/samples/subject0045/frame[0]_cam[0].jpg,0.022207168857256654,0.016170994380815564,0.1821695930684385,0.20152787216700188,0.07213854505178631,0.10642506870601079,0.3949837411099325,0.11214129290806425,2.627238127951787,0.2765861621853916,0.3212614540693451,0.9280136231048909,1.0110416100535367,0.9246789976119719,0.7214611835200271,0.12063147204416112,0.18310986873040813,0.9933842196872957,0.24479444536296516,0.4290826708592113,0.24868816805712413,0.08111017116347792,32,Man,sad,white
/home/peisze/PycharmProjects/causalgaze/xgaze_224/train/samples/subject0045/frame[2]_cam[0].jpg,0.031136924197460412,0.03679077752773539,0.1833217308754337,0.1975685267999991,0.1652589017194514,0.1471826420721674,0.3868591294447853,0.1104735521830418,2.5812555810988655,0.2801099225462967,0.32135699215029895,0.9381793315568852,1.017611911633424,0.9402670486886434,0.7211491113630932,0.12293338612747057,0.18034298474199634,0.9962939153709093,0.25577138430028795,0.4475690669677172,0.24864864888746263,0.08544018139904477,28,Man,sad,white
/home/peisze/PycharmProjects/causalgaze/xgaze_224/train/samples/subject0045/frame[7]_cam[0].jpg,0.08514503464714948,0.08292265545995646,0.1718480787674173,0.19413850489468043,0.3795264629348894,0.43696534687599886,0.36877369872238935,0.10569057299997217,2.580749443935193,0.245559339985302,0.30140907767653385,0.8776643667709718,0.9504028051909891,0.9488628326360501,0.6656018316544418,0.1153438477654282,0.1965485410884856,0.9330076743167914,0.2560642269653236,0.4060541194087533,0.21811909302601207,0.08460250249583763,27,Man,neutral,white
/home/peisze/PycharmProjects/causalgaze/xgaze_224/train/samples/subject0045/frame[5]_cam[0].jpg,0.028802097973859637,0.01889049512151412,0.16764037938876167,0.20205329772495914,0.08396047109749563,0.1508404993293932,0.3745472260603018,0.10638065747884162,2.641528596650739,0.242019257623211,0.3327522038940773,0.8999259221951177,0.9788149618186398,0.9337029259827309,0.6991222700734958,0.11813111391471279,0.18421173756909354,0.9681048350116628,0.24577097610937026,0.42400250551681756,0.2447655913180837,0.07972021137651898,29,Man,sad,white
/home/peisze/PycharmProjects/causalgaze/xgaze_224/train/samples/subject0045/frame[1]_cam[0].jpg,0.020233513965158163,0.027181568117357918,0.18322463286988167,0.19775919253904145,0.12250223499284899,0.09524976077452847,0.3907387441815184,0.11031350992713036,2.6186304701440744,0.2768511246163016,0.322943250678771,0.9333670475274339,1.015577987849186,0.935155316903589,0.7208722366295802,0.12210480393665717,0.17731335176643892,0.9979439786508111,0.2540887900671974,0.43858512042131653,0.24945597879166018,0.08327312234372611,29,Man,sad,white
/home/peisze/PycharmProjects/causalgaze/xgaze_224/train/samples/subject0045/frame[10]_cam[0].jpg,0.05318578211661378,0.05552134223035706,0.16933219310411018,0.18480272594600802,0.26738023533286676,0.27607394721658973,0.3759136694302456,0.10057924665182129,2.74297393118852,0.2557040650253655,0.3172006016728842,0.8892381617570272,0.9724492160768635,0.9266042952244599,0.692644030206278,0.12155446606373503,0.18421491176249047,0.9683100245038854,0.2450136542872414,0.4164185418224803,0.23528064078359642,0.07475760884977999,28,Man,neutral,white
/home/peisze/PycharmProjects/causalgaze/xgaze_224/train/samples/subject0045/frame[8]_cam[0].jpg,0.07136213635017756,0.06962609190847696,0.17639352818912185,0.19127850663453974,0.3233464842186326,0.3547140821199543,0.3775829389220485,0.10392543407304343,2.6517003644955675,0.272864187501112,0.30486345713025675,0.9064939014463075,0.995140539327196,0.9358118848325006,0.6962348323666765,0.12118149057125253,0.19344206304367942,0.9806237050342304,0.249070566985842,0.415318590115722,0.2276552747030458,0.08736367790256237,27,Man,fear,white
/home/peisze/PycharmProjects/causalgaze/xgaze_224/train/samples/subject0045/frame[9]_cam[0].jpg,0.08301462222110588,0.07918602456821813,0.1802453798502775,0.19519054834478405,0.36068438969884253,0.40515700902213764,0.3771839354194195,0.10142608468928786,2.692213068583913,0.27005653912244987,0.3030276655640463,0.910948862511031,0.9937910009420716,0.9458881568524071,0.6921462537578295,0.12248318753550612,0.2005449863478332,0.974085575012683,0.25764359931902564,0.42167672769136816,0.2225583333984614,0.08865676063906308,26,Man,fear,white
/home/peisze/PycharmProjects/causalgaze/xgaze_224/train/samples/subject0045/frame[4]_cam[0].jpg,0.037090687905654535,0.02495914455866406,0.15930260450901054,0.1960303224625525,0.11289526328386462,0.20466244852576349,0.3709257953436419,0.10262086605337863,2.7015043381891486,0.23477680580403587,0.33384520434176324,0.8948404986680125,0.9691058287609005,0.9361309549667695,0.6949151519028586,0.1265968441642081,0.1865470855429894,0.9640212301738426,0.2422069661981667,0.4174346927471492,0.24173795302584056,0.07629176082706679,29,Man,sad,white
/home/peisze/PycharmProjects/causalgaze/xgaze_224/train/samples/subject0046/frame[3]_cam[0].jpg,0.05583161248458053,0.05592124319477238,0.18435948366037958,0.18578654286561494,0.2660413902364091,0.2673897876993006,0.3877217565874887,0.10459859780010589,2.631486894689899,0.2778980413841898,0.2903553181642455,0.8911649872475397,0.9707476304442794,0.9259654995851695,0.6820654260637861,0.13963655134907038,0.15988391835802507,0.912497414648255,0.2654778721276947,0.45405266003547556,0.2513175912422692,0.09148946450781659,39,Woman,sad,white
/home/peisze/PycharmProjects/causalgaze/xgaze_224/train/samples/subject0046/frame[0]_cam[0].jpg,0.06371251945384195,0.06263021000324072,0.19077802079447903,0.190277173150628,0.2919834779471493,0.2960140339295623,0.3876290272992278,0.10832023017288289,2.5650358906427515,0.2789978296906055,0.29309445812889834,0.8883862122365375,0.9690168314110048,0.9359208701339073,0.6843395355003339,0.1368099528244233,0.17110013736965457,0.9230266825914192,0.2685661951779132,0.45461745557124866,0.2511394147873737,0.09308506011535264,39,Woman,sad,white
/home/peisze/PycharmProjects/causalgaze/xgaze_224/train/samples/subject0046/frame[7]_cam[0].jpg,0.05130880333195648,0.049325341168492,0.18716185628674117,0.19310471606272187,0.2263460372323127,0.24112168308186557,0.3909460491207746,0.09791581263477496,2.726253276248559,0.27987337791938843,0.28953231906522525,0.9051514398212105,0.9644295928357448,0.9348403844930798,0.6875141269347379,0.14493737288649872,0.1614894707094075,0.9176571790271463,0.27126837223479316,0.4498934928657703,0.24474045741903355,0.0916603652115568,37,Woman,sad,white
/home/peisze/PycharmProjects/causalgaze/xgaze_224/train/samples/subject0046/frame[5]_cam[0].jpg,0.0556629978899709,0.055352553997121384,0.1871382739060818,0.19449011345635603,0.25229373549371936,0.26176187929355904,0.39245581635273363,0.10410188933997176,2.6381697279765373,0.2782058649106974,0.2911572945796961,0.9027315326520756,0.9612532167078457,0.9472961894543508,0.6850434078680159,0.14075972932812122,0.16397851662975016,0.9204996090935265,0.27843923981484675,0.4560090321613797,0.24867461380171374,0.09176817975643814,37,Woman,sad,white
/home/peisze/PycharmProjects/causalgaze/xgaze_224/train/samples/subject0046/frame[1]_cam[0].jpg,0.0730143348257806,0.06840391737153786,0.196938416502812,0.19891469446839807,0.30625922767999764,0.32800204112488146,0.3910593368382067,0.10326580101998595,2.6465777061772964,0.2808495877027313,0.28748718255110783,0.9094215040159601,0.9730993735154437,0.9438406902373765,0.6905168641706217,0.13492122097925568,0.17960090630156048,0.9285679888014419,0.27805583902100245,0.4521218289119504,0.24566629151291483,0.09555262352487316,37,Woman,sad,white
/home/peisze/PycharmProjects/causalgaze/xgaze_224/train/samples/subject0046/frame[10]_cam[0].jpg,0.03393977485093287,0.03548347286626468,0.1773791647516162,0.183777339952794,0.17186433537247808,0.16740525301916426,0.39108871083066993,0.0996048936333719,2.6925339860624518,0.2733702544800893,0.2904118005631016,0.8972698277363103,0.9465371418947047,0.9526623052797725,0.6834617646071675,0.14134061401916995,0.16090984016298887,0.901536516944876,0.28145616677582525,0.4482566821153059,0.2511607111566529,0.08821201737959351,39,Woman,sad,white
/home/peisze/PycharmProjects/causalgaze/xgaze_224/train/samples/subject0046/frame[8]_cam[0].jpg,0.05313167373811451,0.0524277186449255,0.18437975810060395,0.1847835903163124,0.2504614911877448,0.2535363098971184,0.3864687871456573,0.10026695684583713,2.6665309827375157,0.281021780374437,0.28471255462940637,0.8847941249551446,0.95968481653975,0.9379180978666344,0.6801321398386191,0.13873880487686,0.16559624904065867,0.9102797336891495,0.27544145192670483,0.4469114033852408,0.24782878333850086,0.09265087675934283,39,Woman,sad,white
/home/peisze/PycharmProjects/causalgaze/xgaze_224/train/samples/subject0046/frame[9]_cam[0].jpg,0.06879279213781601,0.062113596289313316,0.20301673531875863,0.2041598925589609,0.2708416898993503,0.29980190670008167,0.385361916433031,0.10196050642397111,2.653306285245539,0.28439084696795763,0.29230941733122223,0.9211504331554052,0.9863978069496191,0.932741005148267,0.7002095594109008,0.13565803043906893,0.18203352830680375,0.9468325077331045,0.2680975255208424,0.45403923206345154,0.2396486129528568,0.09547441399057054,37,Woman,sad,white
/home/peisze/PycharmProjects/causalgaze/xgaze_224/train/samples/subject0046/frame[4]_cam[0].jpg,0.059674355858224094,0.05857439024112271,0.1909801366651443,0.19187292687237767,0.27034188990879326,0.27454570260793515,0.39173565927328957,0.1077184865367905,2.6037640756358638,0.2789036739364889,0.28617525967334273,0.887733266912647,0.9472437879259091,0.9186692421304603,0.6827590511174252,0.12865568374537067,0.1674998272090457,0.9132977160170491,0.2555020019893518,0.45276712374133277,0.24447882900715492,0.09384698650076063,37,Woman,sad,white
/home/peisze/PycharmProjects/causalgaze/xgaze_224/train/samples/subject0046/frame[6]_cam[0].jpg,0.04800856971928055,0.04607978846883958,0.1844359190593383,0.18799727426671856,0.2160192671617754,0.22794171878499575,0.3886953714544014,0.09985729865866282,2.694787966239696,0.2826136268200067,0.2882885849847144,0.9002087308682162,0.9651680219205875,0.9396715498136502,0.6889466909972985,0.14365307204127747,0.164502405231198,0.9222962357837502,0.2762199127203788,0.4500917285085267,0.24683310373540837,0.09244862691107823,37,Woman,sad,white
/home/peisze/PycharmProjects/causalgaze/xgaze_224/train/samples/subject0048/frame[3]_cam[0].jpg,0.0520327326153809,0.05307062651405171,0.1833490234499215,0.20161212457513789,0.23333879799727422,0.24904030813290465,0.3642236632665068,0.1638435069761303,2.0736004729019393,0.2714671306714219,0.3160035919867139,0.8811566260475269,0.9726202849884624,0.9546765601446853,0.6924973166436669,0.09342557958285204,0.17188600196956136,0.9717358556274588,0.2014080233489651,0.4464804335939098,0.23496575441738599,0.08583552680373785,30,Man,sad,middle eastern
/home/peisze/PycharmProjects/causalgaze/xgaze_224/train/samples/subject0048/frame[0]_cam[0].jpg,0.0728948357201685,0.07645675860090634,0.1852945682936522,0.19790341283865753,0.34325989438075094,0.3474981993477726,0.3742149372693004,0.16233643343747087,2.1324248523150886,0.2610379295558492,0.30839923217822673,0.8815000268674105,0.9570581361744898,0.9500008940973794,0.6848128370689046,0.09680236408739425,0.18550780027199482,0.9508139209794884,0.20356748704213964,0.4370912572630588,0.23269333911689877,0.06634959271803534,32,Man,neutral,middle eastern
/home/peisze/PycharmProjects/causalgaze/xgaze_224/train/samples/subject0048/frame[2]_cam[0].jpg,0.0248672727320059,0.023127221426729634,0.1882826593142906,0.20125410999233442,0.10125390409643942,0.11548186103620278,0.3579710159690366,0.1560307527968888,2.1074442764897943,0.27118140731637147,0.30534080175821987,0.8610830377356676,0.9441311489128357,0.9410081309693258,0.6769786949798942,0.08898868419395473,0.16744010349938096,0.9419812411492728,0.2060548316000919,0.4406632791473574,0.23874729320791963,0.07725477524737957,31,Man,sad,middle eastern
/home/peisze/PycharmProjects/causalgaze/xgaze_224/train/samples/subject0048/frame[7]_cam[0].jpg,0.05472438795092622,0.05446872397115218,0.18894898399651675,0.19661876623349997,0.24425309166819376,0.2537505961862703,0.35756997397072027,0.1567241118813783,2.0949154023898973,0.27656365349254364,0.3128754106100564,0.8614124817094634,0.9648182035083527,0.9598484697688795,0.6834042853701414,0.10714136927408269,0.17145850541060803,0.9702995553109417,0.20357578306607543,0.4525701574938533,0.23812667633998102,0.08324683038139402,29,Man,sad,middle eastern
/home/peisze/PycharmProjects/causalgaze/xgaze_224/train/samples/subject0048/frame[5]_cam[0].jpg,0.0605047142767767,0.05987352689244539,0.18380191538107318,0.19557826243944051,0.2703637567824426,0.28871096260612655,0.3588813674173319,0.16082820657764393,2.0791782878804166,0.2667916165585146,0.31224737999099006,0.8729998612355616,0.9612762996933919,0.9679520824215828,0.682253083000413,0.10133349199699886,0.17757140476463457,0.9590605891951206,0.21950084866524894,0.44616404689003125,0.2374372983443026,0.083773455606388,29,Man,sad,middle eastern
/home/peisze/PycharmProjects/causalgaze/xgaze_224/train/samples/subject0048/frame[1]_cam[0].jpg,0.07429122239406834,0.07359343190255464,0.1858671183809995,0.19291981317481777,0.33795315904797807,0.3518593834552893,0.36416873775077446,0.15385713585622104,2.1662285718106027,0.2603943279799472,0.3036768210763891,0.8807843736699817,0.9611631272545381,0.9522216125402877,0.6753303503930749,0.09641248767078113,0.19524215294929181,0.9474303887493943,0.21884217087163618,0.4343235743271601,0.23077000713097295,0.07492029706940227,33,Man,fear,middle eastern
/home/peisze/PycharmProjects/causalgaze/xgaze_224/train/samples/subject0048/frame[8]_cam[0].jpg,0.06841307748821635,0.06806667334489433,0.18438336323033225,0.19088855740483718,0.3151543983748841,0.3264082117824456,0.3516946529812002,0.1542054601478429,2.0945606219959156,0.2649647174261579,0.3040246968413665,0.8712669489775116,0.9602000756448793,0.9572245984401924,0.6749367708738195,0.1062079179040374,0.184666716605344,0.9539537954713843,0.21453097938984148,0.4461341961296995,0.24204764180822738,0.08157367838679266,32,Man,sad,middle eastern
/home/peisze/PycharmProjects/causalgaze/xgaze_224/train/samples/subject0048/frame[9]_cam[0].jpg,0.07482603929889503,0.0803285807734079,0.18618836303496245,0.19980462451365943,0.3595729553238998,0.35634206319769607,0.35147762079488887,0.15302179004381716,2.1090024960760476,0.25831673590350124,0.30599419157009533,0.8515406361311597,0.9481616034481906,0.9372827131097331,0.666264925039118,0.10454524352813205,0.18936018428902565,0.9465667057541198,0.20084794233055078,0.43393859534837026,0.23350786762614906,0.05684280114124293,30,Man,sad,middle eastern
/home/peisze/PycharmProjects/causalgaze/xgaze_224/train/samples/subject0048/frame[4]_cam[0].jpg,0.03530947498660447,0.044148266817406336,0.1819994578905951,0.19714834878841794,0.1991070750356824,0.17018071423942704,0.3568171400217051,0.15759092551799928,2.087541026336985,0.27023575153351015,0.3105882933103095,0.8682195458050368,0.9613600870567952,0.9498788842251592,0.6818266214634359,0.09785118162001025,0.16259995905710686,0.9595773067948132,0.20233695097446802,0.44767722419392714,0.2426905261069829,0.08224516397659207,30,Man,sad,white
/home/peisze/PycharmProjects/causalgaze/xgaze_224/train/samples/subject0048/frame[6]_cam[0].jpg,0.06873082986295875,0.07082605500152406,0.18603989524756584,0.19560923557719953,0.32166928364099506,0.32622390890565445,0.3541265959914126,0.15410146153874635,2.1036030383003,0.2601738697722821,0.3080195380256786,0.8696008101606865,0.9558039707808466,0.9569419312758912,0.6722948164076041,0.11158426483902259,0.18422544756214834,0.9534266389413726,0.2135140904461055,0.44479033552917546,0.23873623303196365,0.06678125218434215,30,Man,sad,middle eastern
/home/peisze/PycharmProjects/causalgaze/xgaze_224/train/samples/subject0050/frame[3]_cam[0].jpg,0.08437320785152619,0.0840166829311517,0.21069585471720437,0.20751496397713334,0.35770679152825535,0.3528365714937847,0.3610728333512042,0.11089752732981599,2.517407932783679,0.300983887511043,0.30464557681087234,0.8389100868472332,0.9539937032473752,0.9054813059647536,0.7101267973011395,0.10867480003769642,0.21598735781840184,0.967723024443977,0.1990848323178976,0.4966290031692626,0.26864295840658103,0.09794166760370959,23,Man,neutral,white
/home/peisze/PycharmProjects/causalgaze/xgaze_224/train/samples/subject0050/frame[2]_cam[0].jpg,0.0955445761806294,0.09381989958550717,0.2079371858909858,0.20710539923414337,0.40076213497274293,0.4053710838378659,0.3568607340170649,0.10951483073940715,2.517928683279925,0.2982597544237095,0.3001091333102222,0.8433978651723838,0.9468994955427201,0.904623790833862,0.700369910357507,0.10576112937560515,0.22750944453804922,0.955801715637845,0.20102927130412837,0.48555822940415566,0.26415022874936805,0.09862886831432591,24,Man,neutral,white
/home/peisze/PycharmProjects/causalgaze/xgaze_224/train/samples/subject0050/frame[7]_cam[0].jpg,0.08856224895617006,0.08813353155461251,0.2063264335873444,0.2121448118054302,0.3671577797812561,0.37793553785270234,0.3510016723173313,0.10177573616554415,2.57668790334767,0.2862250173063981,0.30710800247121683,0.8351802728140858,0.9416569866279085,0.907110187778087,0.6935606145817715,0.11167740177335757,0.21994618007134392,0.9472297171596588,0.2091716141320008,0.48227063738559944,0.25594535220791076,0.09768962536522487,23,Man,neutral,white
/home/peisze/PycharmProjects/causalgaze/xgaze_224/train/samples/subject0050/frame[5]_cam[0].jpg,0.03941249201295893,0.03967579898402033,0.20398009300800043,0.21134551461280734,0.165906110625132,0.16916985097936466,0.3643348225514743,0.11366871966979167,2.502923723900351,0.30102749814328783,0.31961449869247766,0.8595440516390822,0.9745525589139624,0.9256728986868891,0.7299555061953192,0.1159788940432349,0.19104518088240496,0.9948988162747825,0.19633276644204525,0.5120663531451379,0.275096554048813,0.09509544327308377,28,Woman,sad,white
/home/peisze/PycharmProjects/causalgaze/xgaze_224/train/samples/subject0050/frame[1]_cam[0].jpg,0.04448426956501601,0.04502665303110395,0.20299502823763932,0.20244374321856198,0.1956334370499393,0.1921399817434921,0.37026885140206184,0.11414798273086685,2.524020906386119,0.3073928592695846,0.30982732872058716,0.8489492408030979,0.9615448101409809,0.9133451328454217,0.7263933046032365,0.11472142660451418,0.19628768855113798,0.9793096384404104,0.19053862861090984,0.508549671964522,0.27278005772049063,0.09616612948528518,27,Man,sad,white
/home/peisze/PycharmProjects/causalgaze/xgaze_224/train/samples/subject0050/frame[10]_cam[0].jpg,0.09046014410348517,0.08781532394231188,0.21089326336939554,0.2208846417052456,0.35105434504178995,0.3779063024313023,0.3582188304753161,0.1100337870523657,2.5141505222536575,0.28435656455887326,0.31627733040599837,0.8473459299563243,0.9557681082350864,0.9068240568828463,0.7024464288099558,0.1079498737952309,0.21031692128433827,0.9592213132486669,0.21215529247523376,0.49013047939156307,0.25805143983191176,0.10081204498832702,23,Man,neutral,middle eastern
/home/peisze/PycharmProjects/causalgaze/xgaze_224/train/samples/subject0050/frame[8]_cam[0].jpg,0.07071069775468602,0.06828595756930927,0.2109653676500676,0.22313814122047326,0.2712249875177491,0.2951849183794524,0.35880189747958874,0.11551881382385405,2.4619746650872836,0.2962695142623948,0.3179744012018873,0.8530270839769768,0.9641047954964806,0.9162632264173235,0.7189232731375038,0.11533335799303354,0.19668897358070977,0.9843539878739305,0.193821680547656,0.49418066431124336,0.2579379631325734,0.09673236040682151,25,Woman,sad,white
/home/peisze/PycharmProjects/causalgaze/xgaze_224/train/samples/subject0050/frame[9]_cam[0].jpg,0.09450653013147066,0.10047713799091387,0.21101675968435937,0.22136150148886694,0.40651769291703227,0.3993055114777066,0.35898605398212174,0.11004468013544574,2.532347606153033,0.2726712961401354,0.30999864768174523,0.8421651683334591,0.9312802756043156,0.9060781548671808,0.6945047225163355,0.11033759212405667,0.22447743308003776,0.9384151997161028,0.20569508326586566,0.4660532200821162,0.25656542359490014,0.05989693371558033,22,Man,fear,middle eastern
/home/peisze/PycharmProjects/causalgaze/xgaze_224/train/samples/subject0050/frame[4]_cam[0].jpg,0.09595281880496492,0.09714730941032193,0.21165759187949063,0.21043533495949102,0.4119737265712545,0.4032041516531962,0.3642473051042463,0.10523229709221557,2.5922927629295147,0.27926681262704545,0.3004455661064676,0.840503850730211,0.9239318992478825,0.9158506498401278,0.6921339131293047,0.11283799936716048,0.2241379928946895,0.9307056246508716,0.21347007133048765,0.47334995680416475,0.2582183312408424,0.07050970277188129,25,Man,sad,white
/home/peisze/PycharmProjects/causalgaze/xgaze_224/train/samples/subject0050/frame[6]_cam[0].jpg,0.09223378931469642,0.09102435842985455,0.20755600268974872,0.21657735079349658,0.3726113717627203,0.3923453395703504,0.359424032190909,0.10489516686961911,2.569728092586419,0.2862989438136945,0.3087630706322254,0.8413005783937403,0.9475787844058738,0.9130301628589961,0.6968546072378191,0.11289579903209689,0.22553054788822574,0.9545310654029351,0.20962387402665836,0.48929422846266446,0.2570315053344812,0.0964223821568236,23,Man,neutral,white
/home/peisze/PycharmProjects/causalgaze/xgaze_224/train/samples/subject0051/frame[3]_cam[0].jpg,0.076735875622146,0.07683475578016775,0.1977938638431541,0.20117381577661425,0.33896795961188386,0.34170676473897715,0.35522709147481724,0.12279206244486728,2.290877520304423,0.2923469473320798,0.30784259347896326,0.9077580967940346,0.9935214598612219,0.9650344180303834,0.6923997923643435,0.14342701172961103,0.1795446369914161,0.9793307215310315,0.25550831759707304,0.4559878165827322,0.254047284710822,0.08282253056534994,25,Man,surprise,white
/home/peisze/PycharmProjects/causalgaze/xgaze_224/train/samples/subject0051/frame[0]_cam[0].jpg,0.038823244944116625,0.044338864811227695,0.187375878969936,0.18833993064649304,0.20802336010801967,0.1795209448336026,0.3615149440892683,0.1392480256651872,2.1777926963363314,0.30651124545733005,0.3146882338230048,0.9048193678131686,1.0000982856033909,0.9687091398395745,0.7060826759080508,0.1387614260246262,0.15465886677530227,0.9939056910655203,0.23807767116424253,0.4545536822131474,0.2623570282977377,0.09090727350719537,28,Man,sad,white
/home/peisze/PycharmProjects/causalgaze/xgaze_224/train/samples/subject0051/frame[2]_cam[0].jpg,0.054919239035825775,0.05660183041102513,0.19234105569263799,0.1946802219232087,0.2568149256967153,0.24871282109156587,0.35078969323553194,0.13276978881360593,2.177098380481895,0.3053483350723634,0.3084301287140437,0.8947275319088338,0.9878036201453327,0.9632568895838638,0.6916881920837318,0.1400195489855049,0.16031722291106054,0.9814073925961257,0.24582911318525433,0.45575800016622703,0.25153640581683606,0.09216938343341978,27,Man,sad,white
/home/peisze/PycharmProjects/causalgaze/xgaze_224/train/samples/subject0051/frame[7]_cam[0].jpg,0.07503316879388744,0.08041420214677247,0.20266174744756668,0.21070140336859425,0.3394650849217035,0.32739583835737723,0.35818171393377235,0.12692224589492526,2.2769623038983506,0.29593246400281986,0.31380760901001087,0.9004016439631022,0.9933979015780653,0.9681506215262773,0.6941071550975528,0.15131309919499839,0.1773937008721261,0.9860193255345598,0.25597333425609065,0.4685887949699412,0.25402833703847677,0.07098084463432508,24,Man,surprise,white
/home/peisze/PycharmProjects/causalgaze/xgaze_224/train/samples/subject0051/frame[1]_cam[0].jpg,0.04542471013796906,0.04374062063815296,0.19108037847411444,0.1884512330956242,0.203756632298228,0.20702169812038634,0.3672336325743052,0.13190549486295505,2.2534105145454726,0.3055940903402373,0.3159199126320968,0.909585104699262,1.0068034715969607,0.9670488642714875,0.7062137015375606,0.1485772541728719,0.15451132863750044,0.9979344757491228,0.24541890597963434,0.46058817539466923,0.2577819721441191,0.0852202130161053,29,Man,sad,white
/home/peisze/PycharmProjects/causalgaze/xgaze_224/train/samples/subject0051/frame[10]_cam[0].jpg,0.0719370492535119,0.07511427832672411,0.20193759352326443,0.20698412839673794,0.32295978143775883,0.31476375083267677,0.3596060842685958,0.12766987017055492,2.2728367516542742,0.29887027189525966,0.31439150434388125,0.9062842864734979,0.9912849361218432,0.9620292411880665,0.6973965808323753,0.15306085032281647,0.17050672540899345,0.9842926772957359,0.24509806419843974,0.4665435060392343,0.25601152047018366,0.07146798524459576,24,Man,fear,white
/home/peisze/PycharmProjects/causalgaze/xgaze_224/train/samples/subject0051/frame[8]_cam[0].jpg,0.0694708620574614,0.06944618474433821,0.19346733195217036,0.19654252268528266,0.31257382594867417,0.3154289197954236,0.3552498377244648,0.12833887405629443,2.2528478827503324,0.297320019949028,0.31051489037829105,0.9018558002938842,0.9968171724646123,0.9644852262535993,0.6980739802161375,0.14543264754995608,0.17701925734760002,0.9884034115096172,0.24991208259888806,0.4628523774709337,0.26155196700102634,0.08440278709405558,25,Man,fear,white
/home/peisze/PycharmProjects/causalgaze/xgaze_224/train/samples/subject0051/frame[9]_cam[0].jpg,0.07893086987690509,0.0764493646832659,0.20314514881533152,0.21202925477827622,0.3214112568611462,0.34386197504132093,0.3558189865428407,0.13105286734299898,2.2186422104405152,0.3001080201937673,0.31173240573723826,0.902654128337132,1.00196936346833,0.9657232463162442,0.6912538942624473,0.13571099548550622,0.1785332113980299,0.9942369503742953,0.2560782790636898,0.4635634993212875,0.24764173828732788,0.09121215374184011,27,Man,surprise,white
/home/peisze/PycharmProjects/causalgaze/xgaze_224/train/samples/subject0051/frame[4]_cam[0].jpg,0.07392343836677266,0.07287949511238685,0.19103856791621138,0.19669031448096672,0.3273769181420308,0.3398657078794049,0.3551616500831183,0.12515884496517582,2.2740026764736334,0.2918298039248873,0.30735490203132165,0.8941013022554508,0.9875164179513556,0.9569425578461684,0.6899682541476208,0.1398509661397082,0.18206928184373403,0.9817058179595612,0.24680387241443413,0.4483681827515566,0.2552457909056707,0.09114414874554927,27,Man,surprise,white
/home/peisze/PycharmProjects/causalgaze/xgaze_224/train/samples/subject0051/frame[6]_cam[0].jpg,0.05289949146492807,0.0518997467671762,0.18985549004606408,0.19365144794650524,0.2357462779565112,0.2422829751896174,0.3705384229896241,0.13269178686513722,2.254995096312999,0.30648774795428774,0.31985135057991443,0.9152935922934509,1.013753419766002,0.971479639752916,0.7110201527225735,0.14559796323668725,0.15604428767648837,1.0031157110622941,0.24135239252708662,0.45846665985781887,0.2588804215832969,0.09391950673514052,28,Man,sad,white
/home/peisze/PycharmProjects/causalgaze/xgaze_224/train/samples/subject0052/frame[3]_cam[0].jpg,0.04036805678544062,0.040950906885038926,0.15813665369121918,0.18292887522524945,0.20245520209125198,0.2253833319355082,0.3337138656177348,0.14840207826132748,2.08074283959408,0.25582691499540866,0.3264624307072716,0.9530215388600051,1.033515853924314,0.9768003104482961,0.7012703905633867,0.12807274105874406,0.16848874770420758,0.9990916380237985,0.22542387891228044,0.4392653078329196,0.25720007514304105,0.0888287474494978,31,Man,angry,asian
/home/peisze/PycharmProjects/causalgaze/xgaze_224/train/samples/subject0052/frame[0]_cam[0].jpg,0.019250350216214747,0.02208857846681374,0.17248535074809737,0.18820899782266567,0.10656130486404286,0.0988549882630079,0.33072964803950716,0.10959813438927897,2.408063739344043,0.2568141672971964,0.3204640633884417,0.9316994332106424,1.0239505127698618,0.9360485494354996,0.6902282995495955,0.1335741808278671,0.17581215034502218,0.9947350735011353,0.23481964213173678,0.4266798677246702,0.2543508958994914,0.08135147870909594,30,Man,sad,asian
/home/peisze/PycharmProjects/causalgaze/xgaze_224/train/samples/subject0052/frame[2]_cam[0].jpg,0.06444432357398035,0.06204321109413053,0.1692843310782277,0.1831045156903912,0.3061821270021692,0.3380050868114047,0.32308462013388467,0.13935251986768132,2.1198007611024465,0.251727527919647,0.29737992731955615,0.8853716655605486,0.9351184126624502,0.9481373496753986,0.6491037785125774,0.12135427376388862,0.1642733903458776,0.9164024528415958,0.21838439186687442,0.42506941328662207,0.24368129874534655,0.08166726732599698,32,Woman,fear,asian
/home/peisze/PycharmProjects/causalgaze/xgaze_224/train/samples/subject0052/frame[7]_cam[0].jpg,0.049153878914389694,0.04805118555243543,0.1647947701192285,0.1872771294709297,0.23277242819031327,0.2639960148710258,0.33202420551830036,0.11614517939086463,2.3344160642332765,0.25424537389172364,0.3136239929610426,0.9163837434161655,0.9918995205985766,0.9455446028197172,0.6760585603967592,0.12392519611967417,0.16513109832118747,0.9661053580194225,0.23315479211979737,0.439013265648292,0.248347462951498,0.08656878729654734,32,Man,sad,asian
/home/peisze/PycharmProjects/causalgaze/xgaze_224/train/samples/subject0052/frame[5]_cam[0].jpg,0.06567698482856263,0.06561017126955872,0.17135413352796014,0.18692756932816942,0.31717797894248895,0.3400580012042374,0.3276338252128203,0.10438345976240702,2.4602306720525076,0.25304177295530633,0.30063274374650645,0.8939230960056014,0.9454218286867442,0.9272923535556988,0.657092487625311,0.12329829226406593,0.16156363308552066,0.9232840340870637,0.22452660976011393,0.4324019574992547,0.24665601516874602,0.08441960138025509,32,Woman,sad,asian
/home/peisze/PycharmProjects/causalgaze/xgaze_224/train/samples/subject0052/frame[1]_cam[0].jpg,0.06233423704066192,0.0661774640927145,0.17055663372539173,0.17816862101181485,0.33575682590331224,0.3251776717949753,0.3246180248527738,0.10441416611478835,2.435317286000937,0.25102375628778706,0.2858956094706785,0.8684679505720492,0.9290672838847605,0.925697149220068,0.6383331756388432,0.12141627460154136,0.16591036606281329,0.9050955163815411,0.22653714360575417,0.4162052560494232,0.24228721675815962,0.06975245848972927,32,Woman,fear,asian
/home/peisze/PycharmProjects/causalgaze/xgaze_224/train/samples/subject0052/frame[8]_cam[0].jpg,0.03232067389488167,0.03932858434272568,0.16203513559980154,0.1752497544548779,0.20204694978323012,0.17636767290483923,0.33722173011158646,0.11092331077628306,2.40077245829285,0.2577764732494977,0.30648413061818475,0.9126511043343468,0.9874469876609417,0.9379386196040091,0.6783752463352808,0.13212763794482538,0.16390185037729343,0.9592539027532635,0.23566259898747488,0.4181679016916694,0.25143742705802385,0.08212826582608726,32,Man,sad,asian
/home/peisze/PycharmProjects/causalgaze/xgaze_224/train/samples/subject0052/frame[9]_cam[0].jpg,0.038339388395302224,0.044794554853325896,0.15845403614866044,0.17489490543400302,0.23020633473694097,0.21354087209589315,0.3316422890485108,0.11443336905896208,2.356934452353197,0.2561561638072382,0.3081384075728427,0.9144518919690119,0.9974463051955611,0.9370171296708265,0.680881133231704,0.12436606398438303,0.16557998426004658,0.9721595847497735,0.2324382446505356,0.4214179555189131,0.2509779747307948,0.07784306113728826,32,Man,sad,asian
/home/peisze/PycharmProjects/causalgaze/xgaze_224/train/samples/subject0052/frame[4]_cam[0].jpg,0.039299770903840854,0.037944812719371904,0.15476490953547092,0.17775539606546337,0.19348115624339113,0.22441527130917246,0.3330615491670146,0.11320510494132849,2.3755070165485637,0.248061335681501,0.3136803778490705,0.9280125726631063,1.0058760578811952,0.9389748248282374,0.6827338065549102,0.12884947094334692,0.17449820269062036,0.9734902028341812,0.23703662479469256,0.4247200565843633,0.250852079332427,0.08732963377338616,32,Man,sad,asian
/home/peisze/PycharmProjects/causalgaze/xgaze_224/train/samples/subject0052/frame[6]_cam[0].jpg,0.04951006233019192,0.04727327522908871,0.16163993651521336,0.18078303992441022,0.23697579159719204,0.27057023018416404,0.33168550342348363,0.11381004879872922,2.352611381022208,0.25267151183270475,0.3118398728198724,0.9253499382587935,0.9938630704844152,0.9440925167012413,0.6792458131679335,0.12453657704166742,0.17168430640172652,0.963873119210174,0.23464245261526223,0.42912185087596133,0.24958397131520077,0.08648447116932965,32,Woman,angry,asian
/home/peisze/PycharmProjects/causalgaze/xgaze_224/train/samples/subject0055/frame[3]_cam[0].jpg,0.03599060988529661,0.031149842542301024,0.1907304385383188,0.1998972594993578,0.1387873911716031,0.1675299800321743,0.3461441698371888,0.13662689122422286,2.1973145462726813,0.26986352576379413,0.3172780434069429,0.8761354460182386,0.9744680781442441,0.9087337200288002,0.6790809335411148,0.10372658751805783,0.2154099943822601,0.9746701290165406,0.19096201875108934,0.440904793323394,0.2374028038257871,0.07127194735583003,22,Man,sad,asian
/home/peisze/PycharmProjects/causalgaze/xgaze_224/train/samples/subject0055/frame[0]_cam[0].jpg,0.0554990760588671,0.05737544062836978,0.18791992243769015,0.2004285709675187,0.254571816986593,0.26054018789640165,0.357025995062664,0.13399722967397468,2.275642814866586,0.27322278592466687,0.3253801862402667,0.8975493657106846,0.9917966882030635,0.9315786098741751,0.6967489809535911,0.11360327033187553,0.21927771795361636,0.9926504629675823,0.19877497973085417,0.4463479482145245,0.23978859345390116,0.07788501766221566,22,Man,sad,asian
/home/peisze/PycharmProjects/causalgaze/xgaze_224/train/samples/subject0055/frame[2]_cam[0].jpg,0.05772638524979739,0.060223744924959646,0.18681752571110377,0.19832607463682944,0.27085857567208005,0.2734779429883046,0.35083749901095845,0.1367767425199339,2.2351856357955513,0.26894315734476104,0.32250933015928307,0.9007681340887927,0.9860161217996077,0.9347740153138466,0.6932909880510436,0.11162650172556098,0.221733018363776,0.9823730066913384,0.19971420877084836,0.4442358457291013,0.24151533055023122,0.07142721870532706,22,Man,sad,asian
/home/peisze/PycharmProjects/causalgaze/xgaze_224/train/samples/subject0055/frame[7]_cam[0].jpg,0.08863380816132864,0.0877701046793065,0.18149655893785255,0.19671408107416383,0.39642427290277404,0.431480167488681,0.34076856041059217,0.13540769085321924,2.197062644868383,0.26074755750864675,0.308462311002587,0.8654701448066727,0.9497391829590606,0.9226485822196435,0.6662228249466411,0.10858803749976673,0.24086116194029963,0.9474859734678901,0.1916375872586727,0.4256033503558801,0.2400958078056111,0.08864204453688594,22,Man,surprise,latino hispanic
/home/peisze/PycharmProjects/causalgaze/xgaze_224/train/samples/subject0055/frame[5]_cam[0].jpg,0.06139198676270463,0.057846065139949596,0.18869482602502277,0.2062993419248727,0.24991605399940378,0.28676128619080393,0.3523719249605046,0.13433405665244247,2.2504933923557386,0.2725465999080528,0.3220030974514551,0.8817741408030854,0.979075625267878,0.9302956896518141,0.6875436663321058,0.11259221951966925,0.22156504018819245,0.9828001876377199,0.20122338064397813,0.45122211210056135,0.23758730802856484,0.0906067066329606,22,Man,sad,latino hispanic
/home/peisze/PycharmProjects/causalgaze/xgaze_224/train/samples/subject0055/frame[1]_cam[0].jpg,0.037529994500431575,0.03237864898869476,0.19210636195098116,0.20806340934428033,0.1381352996817755,0.17240933222970165,0.35449629158284535,0.13660808221986262,2.2384347171482997,0.274131689673901,0.33007502805139854,0.9051328753373679,1.000141374792186,0.9297079162380872,0.6998860312793623,0.11015920740895468,0.2197612089835024,1.0001438494205415,0.1964460637758778,0.4511815938855864,0.24243860720199686,0.07928779897565415,22,Man,sad,asian
/home/peisze/PycharmProjects/causalgaze/xgaze_224/train/samples/subject0055/frame[8]_cam[0].jpg,0.05075038772848213,0.045623660472233964,0.1945897985215553,0.2049535685537946,0.1978081975242793,0.23080523285000817,0.34985533504987054,0.14065115312193643,2.182667566337427,0.27500933544071116,0.3233338364792859,0.8969218659602762,0.9916532447902497,0.9345013329444803,0.6909593706246332,0.11235006031941787,0.21636438258313442,0.9925015998623634,0.19534788005712822,0.445467324426627,0.2337916125800688,0.07157751128983163,22,Man,sad,latino hispanic
/home/peisze/PycharmProjects/causalgaze/xgaze_224/train/samples/subject0055/frame[9]_cam[0].jpg,0.0514312099537967,0.05351470551851657,0.1866386274874251,0.1996584206459829,0.23799393729578117,0.24279930581153564,0.35072164595524574,0.1411920218924953,2.1848877896859,0.2735424011069373,0.32382956861069884,0.8883160903574105,0.9811260014915635,0.9368714328701716,0.6914477595004302,0.11116881985208088,0.21906770383474658,0.984416472158986,0.20191863353043044,0.4474011515919316,0.23948617099817662,0.0812851803821972,22,Man,sad,latino hispanic
/home/peisze/PycharmProjects/causalgaze/xgaze_224/train/samples/subject0055/frame[4]_cam[0].jpg,0.03905347727367086,0.02968277049447406,0.18881720490590953,0.20299637490002384,0.12975725770162802,0.18286914387628392,0.34936603259630916,0.1371934331947062,2.210069000658242,0.27165942755163586,0.32316354407965087,0.8831716070219807,0.9829727957580402,0.9242814026908803,0.686275523614995,0.10850384269618697,0.21290241244946004,0.9846458846582804,0.1994772776324647,0.4417982107450736,0.23794063533919133,0.07702553617659552,22,Man,sad,asian
/home/peisze/PycharmProjects/causalgaze/xgaze_224/train/samples/subject0055/frame[6]_cam[0].jpg,0.07794414699027641,0.07816815986566282,0.18551423780512163,0.20045542382587309,0.34814001543296036,0.3720452157779575,0.34639106874254616,0.13592517706197374,2.210341627197191,0.26457800188498,0.31481475753254273,0.8873148940352821,0.977643054693419,0.9209757964173167,0.6777693723236056,0.10551938410713117,0.23734017543847336,0.9702982239095232,0.19232340297732686,0.43876937874139615,0.2434510224279766,0.07760537022934211,22,Man,neutral,latino hispanic
/home/peisze/PycharmProjects/causalgaze/xgaze_224/train/samples/subject0056/frame[3]_cam[0].jpg,0.05819054068828095,0.05871377133090148,0.18280846510751644,0.1923280640219652,0.2703047740321839,0.27879618515805343,0.3898635947421352,0.09162346944565973,2.881308030817099,0.2735586894342781,0.31499766091375675,0.8966529089594306,0.9988412880618633,0.9010479079146472,0.6967998354829285,0.14057027247941925,0.19926258856184328,0.996560856594573,0.22084699166463603,0.437933448899985,0.23131539166342985,0.08177607183591225,27,Man,neutral,latino hispanic
/home/peisze/PycharmProjects/causalgaze/xgaze_224/train/samples/subject0056/frame[2]_cam[0].jpg,0.07495011719247219,0.07108081141856758,0.1923625422769081,0.20853314829348368,0.3036211649760135,0.3433484468272693,0.40016796957161976,0.09470660866235235,2.8135479661697853,0.29306228931892514,0.31715377715258314,0.9469945461030781,1.0505243161068567,0.9244176320528765,0.7232183527818041,0.1394631261583155,0.20268168267008332,1.0387057666610298,0.23903139883405375,0.4452879340288825,0.2412382034873673,0.09217253224176832,33,Man,neutral,latino hispanic
/home/peisze/PycharmProjects/causalgaze/xgaze_224/train/samples/subject0056/frame[7]_cam[0].jpg,0.08117373187742181,0.07648336690131842,0.19501253275799743,0.21262722358654346,0.3192227329085067,0.3665639475062187,0.37196968152744564,0.10279693395100314,2.6339411756191744,0.26778672574609,0.3258660580505896,0.9160884735520559,1.0010744759704047,0.9431624682292404,0.7052324318890105,0.13347106241283382,0.2195666609546596,0.9896712101030718,0.24318324864096466,0.4528108166391604,0.22954773514474364,0.0972063439334882,28,Man,sad,latino hispanic
/home/peisze/PycharmProjects/causalgaze/xgaze_224/train/samples/subject0056/frame[5]_cam[0].jpg,0.04202291743072839,0.037636615825314496,0.18462314794370605,0.20158837949850147,0.16566592974901445,0.19952157851522961,0.37582583568460043,0.11053949247918896,2.556345038181706,0.27259400301866143,0.32369149157173965,0.9122832772623868,0.9981541929022362,0.9295669533112642,0.7143609656460674,0.13540896333691232,0.19431531168745675,0.990026034894993,0.22698383363330904,0.4430356091098539,0.24416439099169393,0.08784954832370806,27,Man,sad,latino hispanic
/home/peisze/PycharmProjects/causalgaze/xgaze_224/train/samples/subject0056/frame[1]_cam[0].jpg,0.09855468165501463,0.0917802300146851,0.20561496445717148,0.22077969955542304,0.3690409102033974,0.42326709505437987,0.4073110832884675,0.09475448037796645,2.8306206340146436,0.29849540671061703,0.3190170679394181,0.9696637092816074,1.0599517974612063,0.9450854939511601,0.7273875547485905,0.14004719448742153,0.20637501497887045,1.0433993772228727,0.2556460732859561,0.4482201707668487,0.2462178576150076,0.09364819702879829,34,Man,sad,asian
/home/peisze/PycharmProjects/causalgaze/xgaze_224/train/samples/subject0056/frame[10]_cam[0].jpg,0.05693128466433371,0.05647720225797541,0.18461559323659082,0.1977093483688871,0.2530089602354956,0.27137918877760914,0.3634402427420851,0.1039742781532992,2.621349782720252,0.26366783965698176,0.32452585999384015,0.8956979145035057,0.9875092390184798,0.9275622806686828,0.6996138844894131,0.13800546707079672,0.2051281746673002,0.9828646517821935,0.22890937278661644,0.4342166506180649,0.2291418667922122,0.07788333054081868,24,Man,sad,latino hispanic
/home/peisze/PycharmProjects/causalgaze/xgaze_224/train/samples/subject0056/frame[8]_cam[0].jpg,0.07347546456622615,0.07480448790372766,0.1830175315681569,0.21201644090835478,0.3156941286166518,0.35501782448683283,0.3519860528841794,0.09727848492031684,2.639624349837869,0.2318103707222288,0.3414443927310348,0.8861675519047564,0.952878939232841,0.9284991028990934,0.6757678046920967,0.142529105094225,0.21868727140874264,0.9518159054180338,0.2344797662169496,0.42754250496376434,0.2205433898104658,0.062277589505821226,26,Man,surprise,latino hispanic
/home/peisze/PycharmProjects/causalgaze/xgaze_224/train/samples/subject0056/frame[9]_cam[0].jpg,0.07455770552040461,0.0734536545834959,0.1873591542965582,0.19991662627702944,0.32556281827295525,0.35046133949740177,0.3654913410871074,0.09570089466856165,2.7244628648573097,0.2611979860821509,0.32307023141934316,0.9038409862011372,0.9882526182513443,0.9314560185732088,0.6972102182836889,0.13650434957315866,0.22403132860323285,0.9812875740366337,0.23710571774713543,0.4455729397048453,0.23296391898034638,0.08153612537804744,28,Man,fear,latino hispanic
/home/peisze/PycharmProjects/causalgaze/xgaze_224/train/samples/subject0056/frame[4]_cam[0].jpg,0.05115750326691782,0.051259319575721066,0.1823588627694773,0.19948972550590677,0.22806499016224696,0.2468234363443969,0.36869671745576466,0.10121443592745404,2.666135170970518,0.2570484494976107,0.32705352094357165,0.8836052676089677,0.9675240784515344,0.9275255403768556,0.6968361198499233,0.13871608505212027,0.19289148817528773,0.9659285433886736,0.2310865318761775,0.4341315593730658,0.23156805941373554,0.07556001947396568,25,Man,sad,latino hispanic
/home/peisze/PycharmProjects/causalgaze/xgaze_224/train/samples/subject0056/frame[6]_cam[0].jpg,0.0465455799441891,0.042244040333361536,0.18195666403086175,0.19709789854513068,0.19036129453768472,0.22417057208224622,0.37686124804596727,0.10323092576752502,2.660396832867247,0.27307751775787226,0.3214517128428801,0.9091456996709316,0.9928039752995914,0.928709556819825,0.7086918022834996,0.13983009117495623,0.19448437443294772,0.9861586392124205,0.22662228655782032,0.4388150996899609,0.23599589665676976,0.08869388172141009,27,Man,sad,latino hispanic
/home/peisze/PycharmProjects/causalgaze/xgaze_224/train/samples/subject0057/frame[3]_cam[0].jpg,0.06887556506169465,0.06599785390193934,0.17796859022832004,0.18161430016329674,0.3221263463008508,0.3416158355642997,0.3605870591145171,0.12206785869023862,2.373402441870636,0.28468175502823767,0.29761573890118853,0.890911141450173,0.9645196765692525,0.9809830411702062,0.6975066326650894,0.12715431621477938,0.19031361486639345,0.961638922600296,0.2416528016508793,0.41755503608459626,0.24760764342633065,0.09059980252023075,25,Man,sad,asian
/home/peisze/PycharmProjects/causalgaze/xgaze_224/train/samples/subject0057/frame[0]_cam[0].jpg,0.07616479757489249,0.07292708869723524,0.18317118874338478,0.18280050508028042,0.355984688687188,0.36875161065058815,0.36639524905227594,0.11219980683750584,2.5334983117470733,0.2771901902595428,0.29700121869353185,0.8905597592251118,0.9648150560365537,0.9849092993794377,0.6960336691966048,0.13137480223069892,0.1934476487567266,0.9563654622626632,0.2410722588763586,0.427654602982597,0.24669583388096997,0.07992724553285893,26,Man,fear,asian
/home/peisze/PycharmProjects/causalgaze/xgaze_224/train/samples/subject0057/frame[2]_cam[0].jpg,0.07748718079363003,0.07424023020883834,0.17957272684050693,0.17988727069973767,0.36802257598454546,0.3826717433579002,0.3629611076140909,0.11908236404529955,2.4338049239040966,0.27534975960862024,0.2903804211193982,0.8792485986550708,0.9528165848604427,0.9855134449741368,0.6849903828122219,0.12700739587774998,0.19759767095249667,0.9452881207846187,0.24056891731352123,0.4198359854189228,0.24492253210562748,0.0843427199634568,26,Man,fear,asian
/home/peisze/PycharmProjects/causalgaze/xgaze_224/train/samples/subject0057/frame[7]_cam[0].jpg,0.08404296527724223,0.08871068118183696,0.19209081623231186,0.19295605560048695,0.4139585333619134,0.3910897989691293,0.36400237230615534,0.1238969829222444,2.3753518495981507,0.272928424751956,0.2891540147417807,0.879842743626925,0.9481699418140342,1.0087988144780853,0.675784006128586,0.13408950889307938,0.1872152185370061,0.9344078382021377,0.24227563510750763,0.4275202583460969,0.2397992554400795,0.062495165117090745,25,Man,fear,asian
/home/peisze/PycharmProjects/causalgaze/xgaze_224/train/samples/subject0057/frame[5]_cam[0].jpg,0.06789485888370575,0.06405467863599204,0.18291392442921628,0.1863480348870616,0.3048049931850202,0.32738565242267886,0.3637761774636999,0.12619946085096143,2.3491813362372183,0.28667647977423705,0.2986337441051314,0.8932080933176687,0.9658329085259367,0.9836637224023179,0.6978825531510333,0.12644506806227201,0.18769281619283723,0.9619219135963031,0.24118474534844625,0.4231228732413362,0.24397413198218973,0.09022004744801193,24,Man,neutral,asian
/home/peisze/PycharmProjects/causalgaze/xgaze_224/train/samples/subject0057/frame[1]_cam[0].jpg,0.07913272344989257,0.07937209315899205,0.18199679726799126,0.18267130523740896,0.3883405239297691,0.38679180123120677,0.3643217972247592,0.12064764004511822,2.4184648586868303,0.2730557063335394,0.2897258247345123,0.8703599114427086,0.9438828614867898,0.9877129422395001,0.6788321625059172,0.1269781608742595,0.1978940983460865,0.9365556325153419,0.24389665294807134,0.41971348312615686,0.24695775694151828,0.07920068535838524,26,Man,fear,asian
/home/peisze/PycharmProjects/causalgaze/xgaze_224/train/samples/subject0057/frame[8]_cam[0].jpg,0.05754356461304716,0.05752166608093086,0.17744662076935533,0.18226599728626464,0.2791375402342648,0.2854575720283257,0.35691199893628756,0.12464741657736896,2.333671465263574,0.2871702665449138,0.2980338355192257,0.8903931819964996,0.9637250489869416,0.9736142939981222,0.6958603054617473,0.13097032376234016,0.1825401996678761,0.9601929805261129,0.23549484578103894,0.41613565663324364,0.24515479806641777,0.0889538843859844,24,Man,neutral,asian
/home/peisze/PycharmProjects/causalgaze/xgaze_224/train/samples/subject0057/frame[9]_cam[0].jpg,0.03836186465112198,0.03972472525169136,0.1883514589267476,0.19222486847550865,0.18338746681704587,0.1800373552421109,0.3625031595021835,0.1268496009806071,2.3345657910668827,0.29249762685271125,0.30600003071705273,0.9137337466754962,0.9878215332719423,0.9775581810602304,0.7113539285067069,0.1310897954684592,0.17395991272593103,0.9782673368114801,0.23153988505245054,0.42013879186640835,0.2473704885248884,0.08665051436497391,26,Man,sad,asian
/home/peisze/PycharmProjects/causalgaze/xgaze_224/train/samples/subject0057/frame[4]_cam[0].jpg,0.06662583674424813,0.06554412127613703,0.18630870236280167,0.188628361792314,0.3087497470513826,0.31640917969593824,0.36429049585816015,0.11999608154294045,2.4123103986572505,0.28850091120725163,0.3000943543064956,0.9048807611945568,0.9787270682393704,0.9882209670050025,0.7057357761414542,0.13172406193550518,0.17835304817018524,0.9664022404918762,0.2437372149361215,0.42129853461430417,0.24464278904114853,0.08466045711204491,25,Man,fear,asian
/home/peisze/PycharmProjects/causalgaze/xgaze_224/train/samples/subject0057/frame[6]_cam[0].jpg,0.04183307046866252,0.04758373254842546,0.18392419521786815,0.19026721736257787,0.22166233712727507,0.20032713898820675,0.3652393177583312,0.13022018668366406,2.3218678104765718,0.29053042023227715,0.3033739593612231,0.904640547557614,0.9751281140123583,0.9786925142508995,0.7030710580387035,0.1259990719791964,0.17609975774675338,0.9687760607506872,0.23359679601356154,0.42726464897306954,0.24465532038674737,0.08693865094977686,25,Man,sad,asian
/home/peisze/PycharmProjects/causalgaze/xgaze_224/train/samples/subject0058/frame[3]_cam[0].jpg,0.052104484902435085,0.04629511532498379,0.18880330450885366,0.20804980779729354,0.19550084458576,0.24146083411893615,0.3600890840524543,0.13526676653918665,2.294035996466675,0.2759172708494567,0.33845037307841214,0.918646642084676,1.0096977644180571,0.9351149159928485,0.7270714750824347,0.1360739375602282,0.191626182131507,1.0087290006037317,0.20714620948937287,0.4649356470154415,0.2521299644517355,0.08961620396111751,30,Woman,sad,white
/home/peisze/PycharmProjects/causalgaze/xgaze_224/train/samples/subject0058/frame[0]_cam[0].jpg,0.07557131970922837,0.0758841994641838,0.18972690587854,0.20171741810033234,0.33621698072688944,0.3534050148134359,0.35044568582849545,0.13220200061814877,2.286826919959565,0.26438555789371,0.3209763392597599,0.8859554565840433,0.964524832820178,0.9010423429536933,0.6958004293570549,0.12946992605114624,0.2093414699429425,0.9650385873550005,0.19365023678680388,0.4599418318282392,0.2541438939290846,0.06704151082271839,23,Woman,sad,white
/home/peisze/PycharmProjects/causalgaze/xgaze_224/train/samples/subject0058/frame[2]_cam[0].jpg,0.08550265355888957,0.08208068462022548,0.19522719256538007,0.2139943262644398,0.3398132218230751,0.38651101898602164,0.3470368175755538,0.12518823066609733,2.329120629622143,0.2638123163930424,0.317888298409897,0.8798287843547473,0.9485682129015851,0.9025777774220174,0.6854274321155226,0.13184887042002633,0.21981841874298663,0.9478346713155387,0.19623085406705118,0.46321143158119044,0.24356516022163135,0.09482963194188578,26,Woman,neutral,white
/home/peisze/PycharmProjects/causalgaze/xgaze_224/train/samples/subject0058/frame[7]_cam[0].jpg,0.06159526949780699,0.05758858642574143,0.19106747922437486,0.2113846101222727,0.23964045657282065,0.2816688006390097,0.35919865558151337,0.13548240066763517,2.279331501741869,0.27569941282617233,0.33690677892872695,0.9107469388185122,1.0015795401845562,0.9385430804396758,0.7225096029257664,0.1361198608879622,0.19107282599209707,0.9991997056201545,0.20983244424101086,0.4687628592154623,0.24660036671125532,0.09726234907224722,28,Woman,sad,white
/home/peisze/PycharmProjects/causalgaze/xgaze_224/train/samples/subject0058/frame[5]_cam[0].jpg,0.07693370801135171,0.07412427395555618,0.20166303968522645,0.23062855923710376,0.28481609587157425,0.3353841871500894,0.3577600395191661,0.13309366187109434,2.3153807679623233,0.27655692689061706,0.34036836366215834,0.9166356458352225,1.0068468176678764,0.9301281294337244,0.7232927976327103,0.13445598636476486,0.20000003509623404,1.007341483212419,0.20348995078578602,0.4715408416715029,0.23589296555400313,0.0998928743047815,26,Woman,sad,white
/home/peisze/PycharmProjects/causalgaze/xgaze_224/train/samples/subject0058/frame[1]_cam[0].jpg,0.06875405535843572,0.06847622288296383,0.19127155634679344,0.2055323998154179,0.2959557750521094,0.317195565350786,0.35678678560703625,0.1326758024475248,2.3031183891774742,0.269991611487622,0.3313851044230891,0.9097396267099715,0.9922035264743366,0.9247629689402596,0.711613332924495,0.13407681081455985,0.20482505228243125,0.9885817819733849,0.20680633868086604,0.4611508110770665,0.2468412526455717,0.07524635434985953,25,Woman,sad,white
/home/peisze/PycharmProjects/causalgaze/xgaze_224/train/samples/subject0058/frame[8]_cam[0].jpg,0.0606836075548635,0.05807540943222919,0.19388088104591356,0.21737538687466443,0.23501997515573564,0.2732651883538059,0.36355113878045897,0.13289055213064055,2.313434427453347,0.2728786200336036,0.33790435085280957,0.9106990071312348,0.9932757617598554,0.9278917852112565,0.7208948691778245,0.13409638172124252,0.19710711764939068,0.9897840510219719,0.20656901602830152,0.46941347181289483,0.23917207357547035,0.09888330691467952,27,Woman,sad,white
/home/peisze/PycharmProjects/causalgaze/xgaze_224/train/samples/subject0058/frame[9]_cam[0].jpg,0.06193393429435553,0.0566417401512814,0.1794323439274156,0.19533899009186126,0.25659623655101604,0.30337152144842217,0.3506424810039754,0.1341760068759435,2.282408624163131,0.2619200798195016,0.33223777189461096,0.9108002698286614,0.9943186516805141,0.9238330675643389,0.7056833160191964,0.13320997321520953,0.2024423564305426,0.9946747830910344,0.20733140681332168,0.46078715022996,0.25545204423558626,0.08346273943312353,25,Woman,sad,white
/home/peisze/PycharmProjects/causalgaze/xgaze_224/train/samples/subject0058/frame[4]_cam[0].jpg,0.07462622219426414,0.07406063678912901,0.193981665719868,0.2088241381457573,0.3162860885767464,0.3405328798634891,0.3487499308149938,0.13442391002201273,2.26424125150839,0.2654278126219371,0.325111957703149,0.8950068618801549,0.9716294177654743,0.9038043351936985,0.6981715742418662,0.1307251522037954,0.2083015465876322,0.9686686307258089,0.19732975264901248,0.4564837326071448,0.24636635408391913,0.07121488827241278,24,Woman,sad,white
/home/peisze/PycharmProjects/causalgaze/xgaze_224/train/samples/subject0058/frame[6]_cam[0].jpg,0.04289875244306442,0.03462996631367884,0.18999501837832886,0.21522548823565654,0.14148793095958537,0.19762357422460064,0.36287796783819853,0.13424198131754758,2.320840134361225,0.2769431807964523,0.3493027430391584,0.9323849601521632,1.0270987736076258,0.9387373939093794,0.7408362944712003,0.13666817558142336,0.18778811999097317,1.0306126955274435,0.20455493368180994,0.47198584961681855,0.2569842288600465,0.08878735322300788,31,Woman,sad,white
/home/peisze/PycharmProjects/causalgaze/xgaze_224/train/samples/subject0059/frame[3]_cam[0].jpg,0.0796547266106729,0.07497951870252868,0.20237487929172754,0.1963885477226878,0.33969128777287616,0.34986946326059143,0.38519090092984865,0.07644988584559449,3.3100213382151065,0.2914581666599377,0.30946201364905296,0.9963474165069895,1.0397661344397264,0.959620676402293,0.735642747134191,0.1459945032303978,0.18380630525615493,1.0060314011004616,0.28427124540466026,0.46188417600941306,0.25714637670247464,0.07575159007901044,30,Man,neutral,white
/home/peisze/PycharmProjects/causalgaze/xgaze_224/train/samples/subject0059/frame[0]_cam[0].jpg,0.05551733549556345,0.049161776825999974,0.19351511968450083,0.19094024749228525,0.22783120268562387,0.2520407927576236,0.3913129651936021,0.07629939528576964,3.30714539831292,0.3075959989591713,0.2964786909339426,0.9588236951295254,1.0097144975256849,0.9224766039176612,0.7217789828168925,0.14520599173614263,0.15361390880314713,0.9760344261431069,0.24268972835305247,0.4595819619995829,0.25444417341748954,0.09374782023941676,30,Man,neutral,white
/home/peisze/PycharmProjects/causalgaze/xgaze_224/train/samples/subject0059/frame[2]_cam[0].jpg,0.08120431496231494,0.07149600509150417,0.19857844276269673,0.20138325532170276,0.31535668849127113,0.3609855466517338,0.3878684636754697,0.07474979847738386,3.321987201097665,0.29849247394913797,0.31252377323876696,1.009563650656808,1.0691042512563877,0.9645295493119547,0.7413438601122566,0.14408925016328905,0.17173558683509788,1.027548519251421,0.2797501992634942,0.4756516675325159,0.2566141822426017,0.09882883765539498,30,Man,neutral,white
/home/peisze/PycharmProjects/causalgaze/xgaze_224/train/samples/subject0059/frame[7]_cam[0].jpg,0.0701442528636942,0.06710506988396542,0.19830361438109737,0.19108262048125216,0.3122295011046179,0.31422344122642776,0.4031899260104727,0.0749825727603111,3.468216355060661,0.28976744980252594,0.30716832592287313,0.9950633431727542,1.0386281346944821,0.9315510908135676,0.7373863507397778,0.13928220765798258,0.1711666561551069,1.0011329943325253,0.27302736227949986,0.463619610475121,0.25498061951781686,0.07216760649823083,29,Man,neutral,white
/home/peisze/PycharmProjects/causalgaze/xgaze_224/train/samples/subject0059/frame[5]_cam[0].jpg,0.08341196726597622,0.07519517115324624,0.19927914350349699,0.1991116078533125,0.3356966960743866,0.37150494759737474,0.4207321681740999,0.07072365706593192,3.6493809866657516,0.29732475832211974,0.30434250124201423,1.0288345196898117,1.0747903133995924,0.9495665193962803,0.7584012961561838,0.14230566673596762,0.16812931342040763,1.0281059437396312,0.2743758243327341,0.47495581669584036,0.2639292607216023,0.09764734916881393,30,Man,neutral,white
/home/peisze/PycharmProjects/causalgaze/xgaze_224/train/samples/subject0059/frame[1]_cam[0].jpg,0.08143675952654689,0.07696481973965157,0.20544233634767298,0.19759898571957754,0.34674704957648333,0.35207695698695135,0.39082292370708976,0.0733247986597375,3.4295664256579053,0.2961929266251237,0.30932651316500853,1.0059212451376756,1.0501488296225763,0.9605187323897436,0.7430824700204364,0.14478033209364938,0.18150132840626956,1.0123624501949886,0.2831938671873486,0.46288082518593254,0.2561504150188709,0.07458633636580174,31,Man,neutral,white
/home/peisze/PycharmProjects/causalgaze/xgaze_224/train/samples/subject0059/frame[8]_cam[0].jpg,0.08170416200414585,0.06796412681720139,0.2001786022058153,0.2020616713106579,0.29857286380206893,0.36046414363861806,0.40222685472899555,0.06707076813409049,3.702074850547821,0.2957595345772516,0.31255238524151313,1.010873583727468,1.0593687064381305,0.9522034112965171,0.7440907915601198,0.1471080562266804,0.16666844783177517,1.025751304152064,0.28893815884888685,0.46817762591176937,0.25140483248115925,0.09693291329094952,30,Man,neutral,white
/home/peisze/PycharmProjects/causalgaze/xgaze_224/train/samples/subject0059/frame[9]_cam[0].jpg,0.055639921137510304,0.04902970641765739,0.1869738523188582,0.19715697779811356,0.21998876685679059,0.260606195601186,0.39977634933716144,0.0766274342658621,3.40567627522757,0.2837408193506575,0.31933927526055494,0.97589824413472,1.0187889452263232,0.9349886331347976,0.7330809667800697,0.14217684749674991,0.16023618404332932,0.9863007335269561,0.2754600577401794,0.46162994945485303,0.25377133479586633,0.09078319311299428,29,Man,neutral,white
/home/peisze/PycharmProjects/causalgaze/xgaze_224/train/samples/subject0059/frame[4]_cam[0].jpg,0.05847476110542126,0.049991557753638796,0.19385290655275547,0.18722450418967596,0.23655541381447467,0.2668475378912417,0.3984287119239363,0.07339196809257154,3.4971014217912115,0.29272277776088734,0.31273736674978625,0.9959157506020261,1.0458342089290287,0.9421655787507819,0.738052301625677,0.14427535013381496,0.1566911401895814,1.006469524117612,0.2781228265472361,0.46263062346331263,0.25568083181783563,0.07638764080395398,30,Man,neutral,white
/home/peisze/PycharmProjects/causalgaze/xgaze_224/train/samples/subject0059/frame[6]_cam[0].jpg,0.036440002995130796,0.023559405338009272,0.19326392807838358,0.19849823928618804,0.10437175313339857,0.16542804330945524,0.41317966985848126,0.07268053322749966,3.620164753025857,0.2941725420162034,0.31751235339969336,0.9873126887062139,1.0343020963869065,0.9160590448969793,0.749392925203725,0.13457064954345044,0.14960265650903373,1.0002910107401473,0.2616765611215678,0.46863080712689625,0.2601689906225347,0.08538972479773606,31,Man,fear,white
/home/peisze/PycharmProjects/causalgaze/xgaze_224/train/samples/subject0060/frame[3]_cam[0].jpg,0.04726230304605884,0.04550297476875551,0.1803204993879594,0.18788963651944296,0.21382133752477533,0.22846971810674954,0.35614376233227096,0.1291030864903042,2.266724840343025,0.27255137464143353,0.3255748378843362,0.9061680942481076,0.9819064426301254,0.9492450749057082,0.7047167519213434,0.13722956081388493,0.15970007183264848,0.9785744597486911,0.2399143132644797,0.44898203080658855,0.24901432103035445,0.08678502086634644,32,Man,sad,white
/home/peisze/PycharmProjects/causalgaze/xgaze_224/train/samples/subject0060/frame[0]_cam[0].jpg,0.05944949700313325,0.057414803503234045,0.18080286757091693,0.19389414895820486,0.2610792962459396,0.2873143736481526,0.3575717581597715,0.11796409180408655,2.3695567530861985,0.2668527497397216,0.32131742611723996,0.9055738179313261,0.9792095779200324,0.9550741068966618,0.6981552130504595,0.14266787008553583,0.17418455450609158,0.9679305598137707,0.2553974102905098,0.4484981919846521,0.24590595341477064,0.09199286322538403,29,Man,sad,white
/home/peisze/PycharmProjects/causalgaze/xgaze_224/train/samples/subject0060/frame[2]_cam[0].jpg,0.07876489389261304,0.07742443978252692,0.18959023070470077,0.20588355708092396,0.3324745802124831,0.3644518435272058,0.353632250856077,0.12945848607702054,2.2342334873298992,0.2665828991883689,0.3204040125512787,0.9123880026237771,0.981454992891574,0.9473962655433202,0.692756763738312,0.13625909406260456,0.19048107541756665,0.9631984732569455,0.24344859702871507,0.44898799064549405,0.23773931853252991,0.09505741270278038,27,Man,fear,white
/home/peisze/PycharmProjects/causalgaze/xgaze_224/train/samples/subject0060/frame[7]_cam[0].jpg,0.03316623048076506,0.04644596700699372,0.18501784338909857,0.20148879811561418,0.20372199390579385,0.15477152575133982,0.3582351141986824,0.12329112830448033,2.3215573853030276,0.2728155202541209,0.33048556764308745,0.9064377922317671,0.9863562344438965,0.9529834586738462,0.7066545739537218,0.13600225241177255,0.16188116553532073,0.98164943730543,0.24620300469055426,0.45755583820981677,0.24825963987689778,0.09023409782059962,32,Man,sad,white
/home/peisze/PycharmProjects/causalgaze/xgaze_224/train/samples/subject0060/frame[5]_cam[0].jpg,0.05859391052863419,0.058998494879265555,0.1830095829524513,0.1993378789259952,0.2612368607351267,0.27911627842185965,0.3560548740735198,0.131834880727731,2.2385401202530297,0.26922927983135253,0.3269673001700479,0.915913771442731,0.9896885869466879,0.9641892120608324,0.7064259002320098,0.14056216512500683,0.16662270437461232,0.980308103143052,0.24681972210791286,0.4516193495931424,0.24563606365883986,0.09247131803855847,31,Man,sad,white
/home/peisze/PycharmProjects/causalgaze/xgaze_224/train/samples/subject0060/frame[1]_cam[0].jpg,0.05210151922840846,0.0568158767746074,0.18046057834817372,0.20049497859369073,0.25031374052413685,0.2514399770389263,0.3605201023709052,0.12360138023588103,2.319910285172639,0.2712177591267374,0.3269365001793972,0.9037597387346384,0.9815128300115368,0.9530019825857471,0.70053881979537,0.14094616101947005,0.1627566417815878,0.9735160684279961,0.24167285371225078,0.4485843613863046,0.24281728811237874,0.0909633743539742,31,Man,sad,white
/home/peisze/PycharmProjects/causalgaze/xgaze_224/train/samples/subject0060/frame[8]_cam[0].jpg,0.06245853467776042,0.06255214367176172,0.18529393140549041,0.19967947154574095,0.2766950581850539,0.2944835820070717,0.36249095055358566,0.12699680608297026,2.2878158185917927,0.27189003479575186,0.3256324565671601,0.9153971873797598,0.9946260807715899,0.9611518539412885,0.7049565281967345,0.1417179269382323,0.17762274943419082,0.9823688203227221,0.24373606452024338,0.45328122281424105,0.24594957916155682,0.09246447025126345,31,Man,sad,white
/home/peisze/PycharmProjects/causalgaze/xgaze_224/train/samples/subject0060/frame[9]_cam[0].jpg,0.058274114966317,0.05940543226546429,0.1798831710058286,0.19227725730829112,0.2740507062610069,0.28492116358211267,0.3541719590666206,0.12315173599178955,2.3249467483204893,0.26269392940767766,0.32334165098737044,0.9084863211822023,0.9774482243036802,0.9466255569879487,0.6958090719361062,0.1413386200771101,0.17375051133640942,0.9654955840922052,0.24381678625044098,0.4511135382782643,0.2481000910790713,0.07395767187553248,28,Man,sad,white
/home/peisze/PycharmProjects/causalgaze/xgaze_224/train/samples/subject0060/frame[4]_cam[0].jpg,0.07566233261918168,0.077953947004809,0.19584169259839607,0.22067914388373366,0.31567092338265407,0.34155334527131337,0.3556322126429192,0.13263084624926208,2.228238583166169,0.26660334202643443,0.3253984760729196,0.9166909050645575,0.9864206969340287,0.9486228566452902,0.6961445746696595,0.13719514578915898,0.17717982526117745,0.9717729671514822,0.23557863393831086,0.45555995691574974,0.23058297588307458,0.09077606273943613,28,Man,sad,white
/home/peisze/PycharmProjects/causalgaze/xgaze_224/train/samples/subject0060/frame[6]_cam[0].jpg,0.07817776754987549,0.08179088532401302,0.18367661991356726,0.20221207043728823,0.3607037640144493,0.37645440783601164,0.3487566724890934,0.1222137530840262,2.300573870808509,0.25505845303615515,0.3184283197685493,0.9085355884082341,0.9748279422961311,0.9539598171815387,0.6871302110828075,0.13921620147656488,0.19930443629096695,0.9575483355358878,0.25315366404144374,0.44546137703474264,0.2450680266584605,0.06841599686274294,26,Man,fear,white
/home/peisze/PycharmProjects/causalgaze/xgaze_224/train/samples/subject0061/frame[3]_cam[0].jpg,0.03552090515139747,0.027019934977131982,0.1881335972947181,0.194018233214932,0.12404462435499512,0.16657345189787923,0.40158229362929765,0.12848769562872073,2.4582056564653865,0.28700332070466134,0.30525245236538395,0.9018862903923406,0.990124030227944,0.9443257397470745,0.6895660133718086,0.15676696239268015,0.1952771429900283,0.9788307071901419,0.20839438028366286,0.42525809641655526,0.23308441642586547,0.0808330417509114,31,Man,sad,middle eastern
/home/peisze/PycharmProjects/causalgaze/xgaze_224/train/samples/subject0061/frame[13]_cam[0].jpg,0.06718192844956904,0.07272850752696677,0.17967661425186043,0.19488674138854525,0.3346886951655685,0.3335137387429671,0.396407589768658,0.12987695516166384,2.418366507417291,0.24339738541103442,0.31452810911595,0.8817805589509711,0.9483947477762497,0.9364546378422323,0.6652824258369023,0.14991884196466065,0.20262503403798515,0.9378959891405091,0.22585804137745594,0.4137959683189346,0.2150342699677593,0.0686788542391368,29,Man,fear,latino hispanic
/home/peisze/PycharmProjects/causalgaze/xgaze_224/train/samples/subject0061/frame[0]_cam[0].jpg,0.07066173442455165,0.07251415642613807,0.18964799170391725,0.19042771409037193,0.3409483568315079,0.330896552487114,0.39452823619960564,0.12632133860381367,2.451545295841957,0.2725256099019695,0.29432025362318714,0.8797837071994181,0.957462715122615,0.9232024274129141,0.6613266015495828,0.1496269959260045,0.22151001874422901,0.9511702503581144,0.20248985088969604,0.4140298725290018,0.2153006002214729,0.07141367961871828,31,Man,angry,latino hispanic
/home/peisze/PycharmProjects/causalgaze/xgaze_224/train/samples/subject0061/frame[14]_cam[0].jpg,0.04052858422153212,0.031221000328338553,0.17547029994751087,0.1895738213322914,0.14731826586211785,0.20487810627837294,0.40083179128142593,0.1294523491492569,2.4449956444846426,0.2637582988781744,0.3154388565709098,0.8819775103969848,0.9658670239349815,0.9184725472761299,0.6887186160102132,0.14999570940140952,0.19217692941148534,0.9559215994279796,0.19978308774270032,0.4242838660320528,0.23213484678431512,0.07472218083386296,29,Man,fear,middle eastern
/home/peisze/PycharmProjects/causalgaze/xgaze_224/train/samples/subject0061/frame[5]_cam[0].jpg,0.055920099480281704,0.05560981506117739,0.18295199558591163,0.18320581212097728,0.27009327500705577,0.2697219082581471,0.3980811711770682,0.12319372947576746,2.5217951507981766,0.2914649058945057,0.28592566749950754,0.8955944855343052,0.9789949134149473,0.9312653429472774,0.6774419151493772,0.15334688019800405,0.2016053780106445,0.9657164298621334,0.20576394649136404,0.4088089814584077,0.21778521424844013,0.08478012387894797,31,Man,neutral,middle eastern
/home/peisze/PycharmProjects/causalgaze/xgaze_224/train/samples/subject0061/frame[12]_cam[0].jpg,0.06820485345348533,0.0677311593237223,0.19544717242831866,0.18890578762725024,0.3207318123506834,0.3104356168592957,0.3983133479055996,0.13500882666637812,2.371903377881164,0.30142857582355637,0.2699103742632924,0.9199899963619175,0.9907486774183575,0.9432966305712167,0.6801656309235241,0.15412261995658721,0.1924935070282514,0.9647183901191663,0.2206422624013399,0.4189807152158254,0.2184043438353142,0.08092425749815713,29,Man,angry,asian
/home/peisze/PycharmProjects/causalgaze/xgaze_224/train/samples/subject0061/frame[8]_cam[0].jpg,0.048030965641965816,0.04980223019556458,0.16984526553907558,0.17256891740068503,0.25672189135208906,0.24870089528208617,0.39711008746187276,0.10827805315047886,2.715953896069272,0.27985057838241134,0.28744435251447753,0.9036050247380581,0.9879705901086486,0.9072706778679434,0.6721779826816576,0.14883011730741874,0.2128987754101263,0.9699276215776738,0.19913929926134852,0.40722363132009787,0.22610806906723582,0.08277394568615944,25,Man,neutral,latino hispanic
/home/peisze/PycharmProjects/causalgaze/xgaze_224/train/samples/subject0061/frame[9]_cam[0].jpg,0.05107636449730508,0.05314134710419703,0.18497700733934339,0.18836428051432696,0.2509251555048972,0.24300439682881353,0.3938044474913206,0.12932016690275358,2.4343145027928523,0.2899495052637129,0.2930819281264113,0.9023265328534273,0.9777771176069194,0.9289637259663156,0.6776312409953368,0.15565902405531667,0.1951150663442789,0.9622303624422771,0.20287317019684264,0.412308926404216,0.21514738333087308,0.08522165040251344,29,Man,neutral,middle eastern
/home/peisze/PycharmProjects/causalgaze/xgaze_224/train/samples/subject0061/frame[4]_cam[0].jpg,0.031706882120954516,0.03471093038942431,0.1836720155860385,0.18003850619466927,0.17208423587859967,0.15137831043959488,0.3976280921027078,0.12794266264974943,2.4583948300526557,0.2924790200706507,0.2950089225716716,0.9131652635270185,0.9919763671430528,0.9489227901775656,0.6919649281708574,0.15877352239672535,0.20214319224528515,0.9734874005904162,0.21648589701752188,0.4097831415502809,0.2341326845700713,0.08272924142595249,31,Man,neutral,middle eastern
/home/peisze/PycharmProjects/causalgaze/xgaze_224/train/samples/subject0061/frame[6]_cam[0].jpg,0.07879728689765976,0.07508516957904034,0.18842079078533358,0.1852177957513705,0.36025481139375554,0.36970551902686294,0.3849845267095312,0.1171767062823459,2.5300088467872883,0.28620110689880457,0.27846998658170574,0.8805809041195183,0.9657900811778077,0.9272748807023988,0.6567450402581484,0.1444877245314066,0.22380277449899877,0.9527256940227902,0.21314243944259167,0.4051932896136406,0.20715087657029962,0.0887465029140994,30,Man,angry,middle eastern
/home/peisze/PycharmProjects/causalgaze/xgaze_224/train/samples/subject0062/frame[0]_cam[0].jpg,0.09095218646243,0.09209499987197753,0.20459942723090913,0.20461429188606878,0.4046811338240784,0.39697963564402744,0.3798325972367235,0.18040461028160187,2.0300348383886426,0.2776870420749729,0.2925960002967499,0.8909511628895491,0.9578150966165011,0.981274519133796,0.6944134364159986,0.08952521673560669,0.1954900281844902,0.9345466742665489,0.2181704077372267,0.4401370706540317,0.2415626171466569,0.061391783214512836,26,Man,happy,asian
/home/peisze/PycharmProjects/causalgaze/xgaze_224/train/samples/subject0062/frame[2]_cam[0].jpg,0.052057109007556855,0.051087992349462624,0.20244810287979645,0.20002084211026958,0.22602312985092127,0.2263643784807118,0.402737747017525,0.15068373261688678,2.270474053963331,0.30799673581951564,0.31150936043254757,0.9363243067112951,1.0105510246856275,0.978249929131833,0.7492404469537604,0.10415535125478297,0.17581154573118055,0.9933289994116064,0.23967859235447947,0.45035280512377696,0.2490500461652335,0.09109726205779145,29,Man,sad,asian
/home/peisze/PycharmProjects/causalgaze/xgaze_224/train/samples/subject0062/frame[7]_cam[0].jpg,0.06923933420814109,0.06719972383590138,0.19745398802964603,0.19561826540649732,0.30352812544410873,0.3088292073979127,0.3783692047425817,0.1553417142128897,2.1654125966704876,0.2961358865058606,0.3009813780701208,0.9053323831348423,0.9853418827585952,0.9587031768903274,0.7162280686080802,0.09338548352815612,0.19566568459062356,0.9675599001143942,0.24176950628634894,0.4492635373897288,0.24768625069864617,0.09450124872193495,28,Man,sad,asian
/home/peisze/PycharmProjects/causalgaze/xgaze_224/train/samples/subject0062/frame[5]_cam[0].jpg,0.07668825985967148,0.07574070403302151,0.2006826634067708,0.20444614721376964,0.3290864655899053,0.3379761181211002,0.3818994360776178,0.1511152655566753,2.203370277465335,0.294842120096036,0.3038938662256386,0.9061201940722537,0.9842950320983749,0.9613032818981954,0.7171472566698441,0.0915188859892155,0.19740507282046327,0.9692410103052091,0.24321167399595928,0.44488088043170304,0.24284297805924202,0.09262620926101989,27,Man,neutral,asian
/home/peisze/PycharmProjects/causalgaze/xgaze_224/train/samples/subject0062/frame[1]_cam[0].jpg,0.07442304630071113,0.07133041670121615,0.1947059030899795,0.1937732217181136,0.327065721216492,0.3379991357882287,0.4011093141745262,0.14150023508003257,2.350315959316167,0.28843496219507814,0.298215982928076,0.9014002390720663,0.9654944990384109,0.9627056018826052,0.7189518641041303,0.09712942472325369,0.19503999380271408,0.9473833501616746,0.2470374741821613,0.4427426604945268,0.24827192501558426,0.08494907624971931,28,Man,neutral,asian
/home/peisze/PycharmProjects/causalgaze/xgaze_224/train/samples/subject0062/frame[10]_cam[0].jpg,0.08471513235761832,0.08305321757212576,0.1997691184856207,0.19963824214462658,0.3710435693059786,0.37644616125999936,0.37172052498125263,0.15535878364672207,2.1516256974115064,0.2882557893084989,0.29810366349361644,0.8962236185387901,0.9715380172031699,0.958460119564646,0.7041586612982517,0.09237727228459429,0.19854173282126478,0.9511390504327629,0.2353049887774289,0.4442247331397788,0.24587477949859818,0.08010382963145518,27,Man,fear,asian
/home/peisze/PycharmProjects/causalgaze/xgaze_224/train/samples/subject0062/frame[8]_cam[0].jpg,0.07273571110805795,0.07163170866319259,0.19797322921122973,0.20298347112708345,0.31334023952699513,0.32465021832011765,0.37916186547419334,0.15480998246417615,2.1661383957923563,0.294480383854057,0.30417479183399726,0.9104863237457735,0.990713422299728,0.9632857549579971,0.7191238644433056,0.09275664552841856,0.19715123700143763,0.9734402729622944,0.2419447546773375,0.44915130499272443,0.2474627660524891,0.09193133850720833,27,Man,sad,asian
/home/peisze/PycharmProjects/causalgaze/xgaze_224/train/samples/subject0062/frame[9]_cam[0].jpg,0.09250750916885903,0.09116775199772799,0.20629063812521922,0.20878338038427052,0.388749354677986,0.39794073040557204,0.37274914397965025,0.15261442564353858,2.173123928579921,0.2935211646274668,0.2976517540904857,0.9057924511020785,0.9791827607652495,0.9548653125372559,0.7060399436450465,0.09079577914136135,0.1974484680949351,0.9620632528670745,0.2365092819856747,0.44347054064209707,0.23837673517732713,0.0918818947157563,27,Man,neutral,asian
/home/peisze/PycharmProjects/causalgaze/xgaze_224/train/samples/subject0062/frame[4]_cam[0].jpg,0.06258069039290473,0.06052139060020408,0.19828549995282427,0.20142544904784346,0.26544088302045726,0.2772943034955026,0.3959121687190932,0.15182452685428205,2.2375617942682524,0.30097437366605895,0.30811875179850357,0.9253923492756112,1.0052288565074674,0.9726334557597617,0.734934959772433,0.09866388634931202,0.18362920740263822,0.9908486656437598,0.2427072536296807,0.45102896923695307,0.24923101247362348,0.09579587027911599,29,Man,sad,asian
/home/peisze/PycharmProjects/causalgaze/xgaze_224/train/samples/subject0062/frame[6]_cam[0].jpg,0.08436004341203944,0.08039826990127177,0.196361423865298,0.19567903244720553,0.3651518997704783,0.3801455038375573,0.381845176192121,0.1581660326150047,2.162195804534266,0.2900688895125527,0.2990474491829483,0.9073999129357322,0.9827499770414573,0.9619178855205015,0.7118813494655188,0.08742184025352294,0.20238724344560435,0.9612644974703385,0.2378768135345907,0.4521693288498555,0.25333225387477826,0.08833920794607067,28,Man,neutral,asian
/home/peisze/PycharmProjects/causalgaze/xgaze_224/train/samples/subject0063/frame[3]_cam[0].jpg,0.06460132554503047,0.058207287228788596,0.1943100883937029,0.18617368013278457,0.2766321247246098,0.2939251310245323,0.3485766003612443,0.13092298058520654,2.2673061409862303,0.28248573882582895,0.3038539127343345,0.9556698181721738,1.0335551385133153,0.9436064219405218,0.7104095656752284,0.137856123848477,0.20840703203096064,1.0027727996839852,0.21050553602829344,0.41934458075875486,0.22162465062489164,0.08144411821864611,27,Man,neutral,white
/home/peisze/PycharmProjects/causalgaze/xgaze_224/train/samples/subject0063/frame[0]_cam[0].jpg,0.07785557456671535,0.07505612459117667,0.1978612814537667,0.19400070995056,0.3430055865938905,0.34798125695368476,0.36085995560332346,0.13239904685837123,2.2831631780958004,0.28938206175018966,0.28574250586737804,0.9470401074690045,0.9900166557498696,0.9355339873551891,0.6896201611257194,0.13293883159323594,0.2003501891286267,0.9475793152363621,0.21673663063754064,0.4266034370483466,0.22171646360941083,0.09133851334858999,30,Man,neutral,white
/home/peisze/PycharmProjects/causalgaze/xgaze_224/train/samples/subject0063/frame[2]_cam[0].jpg,0.0784804366551188,0.07704322158694547,0.19969591038095183,0.19758348780424398,0.34718513535013257,0.3494066618940735,0.3508412693916246,0.13875575715165575,2.205897650110957,0.27874105757507467,0.3047435796803804,0.9679166014783477,1.0279195671471006,0.9529629281635384,0.7073511923725443,0.13694287036554345,0.21905381631781515,0.9966009885111891,0.21117063091024973,0.43048233526734525,0.22656268807105595,0.07087975219163056,28,Man,neutral,white
/home/peisze/PycharmProjects/causalgaze/xgaze_224/train/samples/subject0063/frame[7]_cam[0].jpg,0.07208172354153401,0.07289267572909618,0.19645851379538698,0.20209848482780046,0.32074466278828,0.32419855078160364,0.3478178901055253,0.13067949004386512,2.2482330327068416,0.2793214154862004,0.29165305202933184,0.9329555692195388,0.9815338495303073,0.9178081394116777,0.6825139374175563,0.13257146445441936,0.20904829457226687,0.9452559888566505,0.19534390305964594,0.4249058698957997,0.215258948930494,0.08881038827004453,27,Man,neutral,white
/home/peisze/PycharmProjects/causalgaze/xgaze_224/train/samples/subject0063/frame[5]_cam[0].jpg,0.058284700063686565,0.05450869623003717,0.18775320002133733,0.18554167627981974,0.2597827793747669,0.2737801307704106,0.3458927798490689,0.1292091601901204,2.274174388694603,0.27951121244772004,0.3029673910315119,0.9537084331329575,1.0212288116539774,0.9338346095586301,0.7037898509649102,0.13857756152598585,0.2055718853123847,0.9919652028224607,0.2071872433492974,0.41964642262095847,0.2257126674370221,0.08215358568374491,28,Man,neutral,white
/home/peisze/PycharmProjects/causalgaze/xgaze_224/train/samples/subject0063/frame[1]_cam[0].jpg,0.033868794829478896,0.042252514876216486,0.1948649030559308,0.18329609536331268,0.20418583760510006,0.15293642695493498,0.3594205427862366,0.1380445333588035,2.23365170173345,0.3001274114190695,0.28026552124388565,0.9470400965344141,0.9998725379359923,0.9278942919509572,0.6986158739389842,0.13580986963003988,0.19476076511255505,0.9681020255301793,0.1951089353059214,0.4283481881353487,0.2278824688386694,0.08107909329402203,29,Man,neutral,white
/home/peisze/PycharmProjects/causalgaze/xgaze_224/train/samples/subject0063/frame[8]_cam[0].jpg,0.08400513217134484,0.08088459284110337,0.19357513744917992,0.19511668403365504,0.36846904655487905,0.3839418843622012,0.3450639264773346,0.12809197860107668,2.2618552917362944,0.2717770474110877,0.29061556323468296,0.9224527164275609,0.964980108528366,0.9203497369072423,0.6740539586364043,0.12912733058111814,0.22307982211506228,0.9313946121100423,0.2034645710811364,0.4154666827701278,0.22114828342641435,0.0859801099430537,29,Man,fear,white
/home/peisze/PycharmProjects/causalgaze/xgaze_224/train/samples/subject0063/frame[9]_cam[0].jpg,0.08642687370304052,0.08477356615778893,0.19058700045158974,0.1966931058372117,0.3850448052326503,0.4018561505572017,0.33973152631511216,0.12874812475499575,2.248585199155465,0.2577095930399616,0.29195294726561294,0.9161868973239278,0.9605511389003879,0.9573839381307961,0.6709787016123357,0.13321474825185894,0.20675375757449596,0.9264259520708172,0.22121299873339412,0.41145018625693563,0.2217144653520564,0.0733882147252619,29,Man,fear,white
/home/peisze/PycharmProjects/causalgaze/xgaze_224/train/samples/subject0063/frame[4]_cam[0].jpg,0.03752599893555012,0.04193325704215848,0.18843226043300632,0.19202177042883115,0.19394880495884667,0.1755791304789426,0.35551716650206466,0.13656864273588437,2.230990964626979,0.27965116375925325,0.3077418034792084,0.950578575062355,1.0245301164068825,0.9341388822238418,0.7088411934682844,0.13270699001962352,0.20437128169891847,0.994365367552144,0.20269308300385377,0.42804998071202854,0.23039341724840862,0.08402290913882896,30,Man,neutral,white
/home/peisze/PycharmProjects/causalgaze/xgaze_224/train/samples/subject0063/frame[6]_cam[0].jpg,0.07996906555552019,0.07890905759982027,0.19562771143273175,0.20094865825678623,0.34944044842615524,0.3618887546070658,0.3466765353486281,0.13008735054256432,2.2551977131677745,0.2732823649626933,0.28985193690850536,0.9238520676165437,0.969729708283164,0.9166594894320998,0.6762596135195316,0.12729527559758314,0.21705729604277427,0.9377973364336707,0.20011751713290926,0.4238124170273691,0.2180010556187372,0.09036804069913199,28,Man,fear,white
/home/peisze/PycharmProjects/causalgaze/xgaze_224/train/samples/subject0065/frame[3]_cam[0].jpg,0.05313761516863766,0.05058802099426039,0.18899079393514606,0.1944822740070258,0.22996621012832572,0.2473727511411396,0.4084588184119902,0.14052898030238065,2.3903229341644745,0.28351533704728976,0.3116409531784963,0.8871769116002198,0.9996892893376245,0.9591894877319038,0.7245421690464384,0.13718096564609336,0.18009871976815062,0.9915433902540719,0.20933715866967423,0.47020927459449086,0.261039187863311,0.09123412062355915,29,Woman,sad,white
/home/peisze/PycharmProjects/causalgaze/xgaze_224/train/samples/subject0065/frame[2]_cam[0].jpg,0.08258659334682217,0.08324373267059819,0.200497274726599,0.20396595265929304,0.3653959708705968,0.36601980396791794,0.39799588293491556,0.12865895648280884,2.4668053880783414,0.27541174045697897,0.3131250260895149,0.8965768828574423,1.0037276915303261,0.9499222423591306,0.7140983377887657,0.1327312985078047,0.20626149787553127,0.9897695180244953,0.22648110389288476,0.4631707602655449,0.2544067861957638,0.06595125654012508,27,Woman,fear,white
/home/peisze/PycharmProjects/causalgaze/xgaze_224/train/samples/subject0065/frame[7]_cam[0].jpg,0.08266734570358833,0.08168969279370152,0.19894246119440606,0.19929173915542867,0.3666753256518865,0.3689270258681736,0.40870948969760384,0.12706160541206765,2.5396044166016036,0.2775365649030267,0.3027166863511207,0.8823505068759532,0.9799118188281323,0.9301410419387236,0.7052662725936791,0.12850958066139892,0.2100799927078216,0.9683050158793275,0.21381785779696685,0.45553990317584386,0.2479220068805187,0.06991603794559398,27,Woman,sad,white
/home/peisze/PycharmProjects/causalgaze/xgaze_224/train/samples/subject0065/frame[5]_cam[0].jpg,0.07379160842034815,0.0711782974354318,0.19488287043589742,0.20482788016074682,0.30938042028518115,0.33405889012236106,0.4022288076665946,0.12755013740128623,2.4960804606477716,0.28532010795298357,0.30777820991093946,0.8955366406373432,1.005503269381139,0.9365177263700835,0.7195221111203962,0.13400027001801046,0.19784081180097624,0.9937532303606247,0.2120716283970425,0.46035310958081915,0.25013503774143236,0.09430143865631425,28,Woman,sad,white
/home/peisze/PycharmProjects/causalgaze/xgaze_224/train/samples/subject0065/frame[1]_cam[0].jpg,0.05312992218410698,0.05255102274392046,0.19150929087010424,0.19603265849024282,0.23633934883944974,0.24319174869105284,0.4082502821302392,0.1245867105236776,2.554254402850068,0.2953288158866417,0.31872628262636243,0.902769992826587,1.012581136478245,0.9538237774795179,0.7347522639791689,0.1402846313209765,0.17484693945063695,1.013381329906111,0.21493482579050388,0.47587046731086313,0.2675366361217227,0.09179668979977472,30,Woman,sad,white
/home/peisze/PycharmProjects/causalgaze/xgaze_224/train/samples/subject0065/frame[10]_cam[0].jpg,0.05551134564352848,0.05542385310894423,0.19037429943717105,0.19606426635660562,0.24984156897060586,0.2557758866885603,0.39526794511559954,0.12461400244589324,2.5272126986364256,0.2945935722443677,0.3158487157249637,0.8963678558910106,1.0100323933055715,0.9428085770229805,0.7303344370960795,0.13778208355211544,0.1786581446322092,1.0078745116322885,0.20726057567728884,0.47654811553090254,0.26664195741315916,0.0922664696339002,29,Woman,sad,white
/home/peisze/PycharmProjects/causalgaze/xgaze_224/train/samples/subject0065/frame[8]_cam[0].jpg,0.06136389685086205,0.06237623987038619,0.1972025887943322,0.19990811369627337,0.27657174765762355,0.27471482431091504,0.4014615076536059,0.12255347036119091,2.5627460158513866,0.290508415933763,0.313275049043202,0.8960677867187633,1.0026693875157016,0.9437898307197861,0.7288549568273543,0.1373316174009352,0.18274557498171365,0.9973371552613649,0.2147568843776024,0.46779851049505083,0.2566450716829486,0.08187634618716742,28,Woman,sad,white
/home/peisze/PycharmProjects/causalgaze/xgaze_224/train/samples/subject0065/frame[9]_cam[0].jpg,0.06803783825954952,0.067408393067976,0.1977289242674779,0.19934613623107308,0.300610641223203,0.30445656945478405,0.39564854754036494,0.12421672641687967,2.5238197706238417,0.2856480351129558,0.3107310533678139,0.8915893976900902,0.9961308592495498,0.9422055235699848,0.7193077281669177,0.13905137794583444,0.1884094016809647,0.9876128723489535,0.21434680582668353,0.46887363796765485,0.25592220974472424,0.07726135106532461,28,Woman,fear,white
/home/peisze/PycharmProjects/causalgaze/xgaze_224/train/samples/subject0065/frame[4]_cam[0].jpg,0.07367773213525647,0.07022150236634186,0.1880733530169182,0.1942468888991423,0.32088333290994536,0.3454068846704528,0.3920213059819204,0.12308701364567651,2.5196172326546793,0.2799657534946142,0.29827970404015314,0.876372637015137,0.9778925291768235,0.9307930405077733,0.7042471030336692,0.13607881421485502,0.19835917096899186,0.9674075068632987,0.21173427925443994,0.453695169524636,0.25423931004384087,0.09568398755229818,27,Woman,sad,white
/home/peisze/PycharmProjects/causalgaze/xgaze_224/train/samples/subject0065/frame[6]_cam[0].jpg,0.04750831906773925,0.045261204180971105,0.19194576667731936,0.19557354444667915,0.2043556538554878,0.21714274163618028,0.41968068776884615,0.12797875807259712,2.5826858615185024,0.29356933025757537,0.3173161543199216,0.9050187580652738,1.0101940649546923,0.9472954807065553,0.7397457867127974,0.13229286961750464,0.17396988887787085,1.0099214756561379,0.21281362851394628,0.476311231627159,0.26414865264404774,0.09096543965146567,30,Woman,sad,white
/home/peisze/PycharmProjects/causalgaze/xgaze_224/train/samples/subject0066/frame[13]_cam[0].jpg,0.05890036813550069,0.05516483474633596,0.19845905206447506,0.1940557325624218,0.25140239939751313,0.2608707230180261,0.38263735362306556,0.14583286803071113,2.207311671393635,0.2987851088565362,0.29823777421494146,0.9250969031252309,1.0148056830571366,0.9147194201746547,0.702745280032251,0.13950140978213768,0.15024484180585546,0.9787962013434512,0.22425133929829227,0.484389835552778,0.2640927600311613,0.09486764636510822,31,Man,neutral,white
/home/peisze/PycharmProjects/causalgaze/xgaze_224/train/samples/subject0066/frame[0]_cam[0].jpg,0.06710959927914172,0.06603809449364267,0.1932929452797503,0.1956045491355411,0.2993558333258286,0.30606830293749376,0.38636543266010587,0.13502103587872863,2.3155943635071017,0.2912775835590911,0.2966633129020379,0.9229124912359278,1.0003936373057025,0.9170156016188282,0.6957591603841844,0.13357884201599116,0.1646213823509154,0.9671486591779397,0.2456562609299052,0.4789250905459375,0.26081334018193636,0.09268840953848032,31,Man,angry,white
/home/peisze/PycharmProjects/causalgaze/xgaze_224/train/samples/subject0066/frame[2]_cam[0].jpg,0.07244241625886104,0.07156342594110743,0.20144343436789908,0.19703365367825154,0.32345019203377184,0.3189692085178392,0.3928858080609189,0.13388593759041756,2.3382454349676647,0.2952952901238523,0.2916726570690677,0.9158440398962011,0.9911083835594334,0.9137431161908164,0.6945995886249302,0.13475613281617999,0.15835845449132674,0.9621054037075751,0.23905596541844512,0.47852046792557007,0.26070871650106076,0.08303905587275881,30,Man,angry,white
/home/peisze/PycharmProjects/causalgaze/xgaze_224/train/samples/subject0066/frame[14]_cam[0].jpg,0.04593027688996278,0.03739383713197152,0.1977189942834972,0.18817115013798147,0.174573276966562,0.203592969535733,0.3933341562443334,0.14479709641305935,2.2441925491210877,0.3040720350682159,0.30076488939969975,0.9204560681404775,1.0095923382077034,0.9201719526389012,0.7086482002578317,0.1380635489041734,0.14839809923180822,0.9835324926531326,0.22576604903732458,0.4743425874932034,0.25712055869669564,0.09167317254606727,31,Man,sad,white
/home/peisze/PycharmProjects/causalgaze/xgaze_224/train/samples/subject0066/frame[11]_cam[0].jpg,0.06379395532857217,0.06133888003713971,0.19136148281824095,0.19372932465852652,0.28139313063734755,0.29421891875650424,0.38678676607344453,0.13889475051784658,2.295017315528598,0.29240768343900314,0.29339462894371277,0.9223785365672522,0.9974832024685757,0.9221473713657258,0.6909408905136448,0.13540645858729708,0.16186127607811598,0.9565626840515365,0.2383724972215423,0.4752176878825636,0.2619873037520485,0.09252154067079509,30,Man,fear,white
/home/peisze/PycharmProjects/causalgaze/xgaze_224/train/samples/subject0066/frame[15]_cam[0].jpg,0.04811197909457151,0.04182210363035445,0.1977160729651627,0.1880339528976417,0.196132421089395,0.2137593959018739,0.39002409266676746,0.1448624234411737,2.2398885805263666,0.2998319774989084,0.29942582474568696,0.9190960684444736,1.0030059964732974,0.9253488945900841,0.7054383273356465,0.1368480306604011,0.15169189524507934,0.9812094500334662,0.23334962891319683,0.4662897699131603,0.25357212126969186,0.08363024650494685,32,Man,sad,white
/home/peisze/PycharmProjects/causalgaze/xgaze_224/train/samples/subject0066/frame[7]_cam[0].jpg,0.0655562718140256,0.0652500434860813,0.20598677572893348,0.19295106808538223,0.30135473711251176,0.2823016690151134,0.3924781173419207,0.1497795960962484,2.2247572130734747,0.29303853420696,0.2917539091159258,0.9405342895011559,1.002585886423947,0.92839048902371,0.6995138904479475,0.13919171049308285,0.16288193587265004,0.9646893286709707,0.2327676722808141,0.46972404314905614,0.2528046226526693,0.06834912113371688,30,Man,surprise,white
/home/peisze/PycharmProjects/causalgaze/xgaze_224/train/samples/subject0066/frame[12]_cam[0].jpg,0.049182442596346534,0.043223541785390056,0.19451625695896252,0.18783694560303285,0.20197701519301853,0.22000663910538862,0.39034502649092034,0.147617054016146,2.2074461706594577,0.30175949186930107,0.2987583148309737,0.9217354594271102,1.004192284996962,0.9108594394449763,0.704473424086711,0.1425850011286873,0.14751821848167246,0.9828341332184451,0.217742862127077,0.4785715712179071,0.25977736459477613,0.09198445438226992,30,Man,sad,white
/home/peisze/PycharmProjects/causalgaze/xgaze_224/train/samples/subject0066/frame[10]_cam[0].jpg,0.06551954982783463,0.06507956100978023,0.19140714658120167,0.1968859140703593,0.29445719414593235,0.3032910264655897,0.3998380946638682,0.13072637527687977,2.407237282403431,0.29390604536741044,0.29690949427742785,0.9335993606807714,1.0086068234324088,0.9313498262473006,0.6998970741646776,0.13786625625209165,0.16123977501982859,0.9650400589785266,0.25443392845674767,0.47913850710771144,0.2641618148912235,0.09281591877751245,30,Man,fear,white
/home/peisze/PycharmProjects/causalgaze/xgaze_224/train/samples/subject0066/frame[9]_cam[0].jpg,0.06070798574449403,0.06004326874384374,0.19050915764270895,0.19174440724876404,0.2787841709905425,0.2818610858956707,0.39589660777298485,0.13895935885282204,2.322181972612906,0.2900480187535398,0.2907924911517519,0.9172835191693637,0.9915480838251365,0.9082093733091141,0.6937020778987073,0.13590484380776674,0.15718183475576078,0.950209745965402,0.23172591881741642,0.4706244530178858,0.2607535814456695,0.09150727422134981,30,Man,fear,white
/home/peisze/PycharmProjects/causalgaze/xgaze_224/train/samples/subject0067/frame[3]_cam[0].jpg,0.05514707316971321,0.05412624627576813,0.1923596484899046,0.19712132370620963,0.24300215212539217,0.25277607514017925,0.37850777709999167,0.15470799400623567,2.1491619678432334,0.2849331975445464,0.30418963425516404,0.9073867025300987,0.9651960031954588,0.9333775893446903,0.6989639274414333,0.12184256959341745,0.15234332924227834,0.9342659166400343,0.24593691115799526,0.46688708083052316,0.24782315808979946,0.0941875045244115,26,Woman,neutral,asian
/home/peisze/PycharmProjects/causalgaze/xgaze_224/train/samples/subject0067/frame[13]_cam[0].jpg,0.08211583517551689,0.08449871864415737,0.2176553129699108,0.2147542336634606,0.3513432099189225,0.3365882612091861,0.38538874595427863,0.16244925972877178,2.114237257533056,0.30075536760983274,0.29197810233226107,0.9166692728296605,0.9629425958195473,0.963252179553674,0.7020108440980494,0.12073269697331315,0.16707536998246136,0.9355767580092311,0.25432464786938275,0.4849065748384409,0.2528782939706408,0.09549184527552662,40,Man,happy,white
/home/peisze/PycharmProjects/causalgaze/xgaze_224/train/samples/subject0067/frame[2]_cam[0].jpg,0.0623222975435538,0.058736945343858746,0.2011199471864263,0.19870692437468357,0.26265060339227114,0.27417890577784726,0.3837033218811477,0.14844167924375304,2.2124003742285216,0.2889416122084115,0.30545374736511477,0.9077491008415791,0.9682359199825712,0.9391274478411872,0.6999687177844154,0.12422093607210549,0.1388382183878575,0.9377721029952221,0.26573912892309204,0.4708243848013974,0.2520213475862182,0.08194994483953083,25,Man,fear,asian
/home/peisze/PycharmProjects/causalgaze/xgaze_224/train/samples/subject0067/frame[14]_cam[0].jpg,0.044552960794414946,0.04140434477718755,0.19144715845929466,0.1918172895462083,0.19235043924961487,0.20703905771566528,0.38383114299630405,0.15961199581739427,2.1361382587376756,0.28884531075418973,0.3097827411256426,0.8944139198436185,0.9622494046112523,0.9290080534983516,0.7035030931816477,0.12505883610242557,0.1433553164705541,0.9348150582684792,0.23384274127932758,0.46287482022403886,0.25683877377018943,0.08346846820773889,40,Man,happy,white
/home/peisze/PycharmProjects/causalgaze/xgaze_224/train/samples/subject0067/frame[15]_cam[0].jpg,0.05646015859947976,0.05618184084181201,0.2018409142440145,0.20239190275303093,0.24787187649689835,0.24880249458857834,0.381139469371709,0.15011167312235318,2.197386762950071,0.29504710109711324,0.3092430366872434,0.9030372835781318,0.9758132268920049,0.9226657744506774,0.7080787464975846,0.12989612210039767,0.1424752190051701,0.9471326044923107,0.23602455708331202,0.469119792930798,0.2520160894800318,0.0783695197414698,40,Man,happy,white
/home/peisze/PycharmProjects/causalgaze/xgaze_224/train/samples/subject0067/frame[5]_cam[0].jpg,0.04555047079886616,0.04327181508079856,0.19015458186880257,0.18847411080561566,0.20299164723955804,0.21154939159290131,0.37829252487529835,0.15604882679579596,2.1421886668265904,0.2919115574181221,0.3037258136281436,0.9066365464128454,0.9666021551540934,0.9233347174666287,0.7042280035222662,0.11966288320143069,0.14560722752086522,0.9367801279629218,0.23803394825316826,0.45207177738882365,0.25182012272315346,0.0903429977703084,28,Man,neutral,asian
/home/peisze/PycharmProjects/causalgaze/xgaze_224/train/samples/subject0067/frame[1]_cam[0].jpg,0.07933925000303355,0.07992058150338993,0.2107960343369171,0.2086564706853389,0.3424850864749205,0.33580217465808,0.37370278561664255,0.16686625031216734,2.0540208868266188,0.29727742657225936,0.28862315818299794,0.9178125847377181,0.9524109998999315,0.9570838550680811,0.6921799329381428,0.1276068734315834,0.15269129857629937,0.9235900699964357,0.25613028292089374,0.4781868901065937,0.2538895794203412,0.0913998082218753,41,Man,happy,white
/home/peisze/PycharmProjects/causalgaze/xgaze_224/train/samples/subject0067/frame[10]_cam[0].jpg,0.0500514838151758,0.05085986989418018,0.18267850029885344,0.19285035832248718,0.23388867265915633,0.24236905169352554,0.3799710474787145,0.15797318888280118,2.135705390117794,0.28298976218961636,0.3055266633609314,0.886572056651732,0.9491892908115052,0.91971966259348,0.690151555130108,0.12394747617986647,0.1401912119170058,0.9205510148160532,0.228865198498551,0.4638157961316923,0.25348389401803556,0.09183730781984198,39,Man,happy,white
/home/peisze/PycharmProjects/causalgaze/xgaze_224/train/samples/subject0067/frame[8]_cam[0].jpg,0.08765222359746513,0.08700242253311612,0.2230316940091415,0.21737504987303924,0.35806967130335626,0.350499345947349,0.38432555610049723,0.15609337208373414,2.160787437168359,0.302423148931726,0.3082507890538807,0.9204762764887113,0.9876271362432532,0.9687339175055147,0.7145950981120407,0.12253352671820494,0.16875683006355702,0.9665379448537538,0.260005052422258,0.4801100865604252,0.2507876409369064,0.08663856599490828,40,Man,happy,white
/home/peisze/PycharmProjects/causalgaze/xgaze_224/train/samples/subject0067/frame[6]_cam[0].jpg,0.07482223294285277,0.07650667851546164,0.20778488277338336,0.2055519393056511,0.3316845861296628,0.3200213541292919,0.3866931816709554,0.15972122151245427,2.1261746224605638,0.29724429303873406,0.29384059039907556,0.9087591508837906,0.9554031761221942,0.9705077362248731,0.7016593736077055,0.12288907129856153,0.17763399838318553,0.934058763884439,0.26654216109193585,0.47655420736248316,0.25362160237666304,0.09712171688487145,41,Man,happy,white
/home/peisze/PycharmProjects/causalgaze/xgaze_224/train/samples/subject0069/frame[20]_cam[0].jpg,0.0257070211189051,0.02300074743103039,0.1881696477785598,0.19615510952956963,0.10362704959815458,0.11716193804765752,0.36121840434226876,0.08778166691692593,2.840999463244751,0.2994834303343898,0.30892385174360437,0.9305386903423664,1.0336954205113897,0.9376835249228477,0.7046120660682241,0.14527401395019368,0.2074547421641325,1.0191330767012337,0.26039830568744515,0.4468361413136611,0.23906291310286634,0.08418994598807109,37,Man,disgust,white
/home/peisze/PycharmProjects/causalgaze/xgaze_224/train/samples/subject0069/frame[2]_cam[0].jpg,0.06386594561230226,0.06321481389178428,0.1859812562067475,0.1854170541027948,0.30272612495328133,0.3035458773082089,0.3552295383499277,0.09115009974696912,2.754193105573348,0.28748712467612736,0.29085134047157213,0.9075454124215131,0.9953936393295816,0.9200653345949613,0.6825377647519293,0.13687575940065622,0.21254189947368674,0.9838225629227862,0.24953431527653397,0.43613597703554474,0.23805571881257268,0.07159098312936538,32,Man,angry,middle eastern
/home/peisze/PycharmProjects/causalgaze/xgaze_224/train/samples/subject0069/frame[11]_cam[0].jpg,0.008666304241154733,0.0062938489327102895,0.19407595848118783,0.20395328064863666,0.027155766756080276,0.036720743910665134,0.3666008443642621,0.09484440634390308,2.739792104445634,0.29037933072590705,0.3131489340441682,0.9277774941085931,1.0350175339812697,0.937325865490614,0.6986554535378792,0.14435210802869988,0.20750269968568277,1.0194090917074117,0.2570046267061121,0.4406559305630882,0.23933809790860924,0.07615402361443127,37,Man,disgust,white
/home/peisze/PycharmProjects/causalgaze/xgaze_224/train/samples/subject0069/frame[18]_cam[0].jpg,0.010212297586806326,0.011605766846798619,0.194142038606121,0.20118243963547242,0.05138371809199058,0.04357063224281502,0.35270335791550433,0.08449288332064825,2.8818171125126972,0.29573691541902547,0.3128559460179607,0.9195880354243532,1.0246179558022137,0.9102805986030711,0.6995250142210597,0.14850117426241496,0.20083622522170033,1.0146653143275295,0.24147740768183698,0.45090447066466977,0.24584008128341145,0.07984501673618322,37,Man,disgust,white
/home/peisze/PycharmProjects/causalgaze/xgaze_224/train/samples/subject0069/frame[12]_cam[0].jpg,0.004618243045904728,0.005716414873757675,0.1983794199590251,0.20690832350677382,0.023746882371282887,0.02064931786101823,0.3537997449909833,0.08712187885301705,2.808975287689132,0.29490390651613857,0.3058741354223471,0.9009899549856993,1.0098356600185157,0.9235785364611654,0.6887403462824092,0.1399939651310516,0.2072361631706689,1.0007366370188557,0.26524332076642004,0.4324609367295137,0.23271144477818362,0.0783254707716792,36,Man,disgust,white
/home/peisze/PycharmProjects/causalgaze/xgaze_224/train/samples/subject0069/frame[1]_cam[0].jpg,0.053468818797424135,0.04791174729325429,0.18150569977761696,0.18468935235320555,0.2299548013259732,0.2574557293472387,0.3603180425232976,0.08728111272738688,2.872475344526835,0.29721829369762576,0.3028276123000414,0.9524233105502242,1.0481570241666835,0.9259285392273474,0.714011504310681,0.15090959251617447,0.20591996673769294,1.0303999182580947,0.24451492986273077,0.45096824652039297,0.24690920916799838,0.08622281850442583,32,Man,disgust,middle eastern
/home/peisze/PycharmProjects/causalgaze/xgaze_224/train/samples/subject0069/frame[9]_cam[0].jpg,0.060968109218543134,0.06089704744969151,0.18856823073559675,0.19031970641620208,0.28471444640506494,0.28587280488227307,0.3613094499304964,0.09101805113191629,2.782030102809209,0.28789597781746806,0.3016648071528418,0.9141811041491772,1.002872113578631,0.937758846507998,0.6864107524974575,0.1432147020516304,0.21420943988162192,0.995740200815782,0.2608874268379263,0.43562824970477976,0.23454414255112674,0.0658624520559706,33,Man,disgust,middle eastern
/home/peisze/PycharmProjects/causalgaze/xgaze_224/train/samples/subject0069/frame[17]_cam[0].jpg,0.054080996552275565,0.04827910860010617,0.18037087542975877,0.18773284994821463,0.22732721096457903,0.26126435763796363,0.3499597557534511,0.084174398341075,2.8768157965061,0.289882951766334,0.3052431256399904,0.9110173447713363,1.0130156876934429,0.912196259279968,0.6932229711705288,0.1426667352586375,0.2107285422222066,1.0084414695990607,0.24667578452628477,0.44573521063010413,0.23693533083294033,0.08819188658477639,32,Man,disgust,middle eastern
/home/peisze/PycharmProjects/causalgaze/xgaze_224/train/samples/subject0069/frame[6]_cam[0].jpg,0.054115262364673115,0.05054331914226478,0.18944384062374417,0.19765041077362291,0.22794435623294698,0.2504639347641655,0.3657497732821118,0.09517954979351081,2.72453039347158,0.2964537331284621,0.3112796885741013,0.9258670978911174,1.026028941633656,0.9524823167586166,0.7025163054005857,0.14280478852990064,0.21595506728134475,1.013157346583121,0.2727159379896295,0.4568128168957191,0.23523021966953472,0.08793070291755876,32,Man,disgust,middle eastern
/home/peisze/PycharmProjects/causalgaze/xgaze_224/train/samples/subject0072/frame[3]_cam[0].jpg,0.06416732886386829,0.0589576759600504,0.20536320153452844,0.2194784690888247,0.23752533447585364,0.2740915170680485,0.3773120481449491,0.14211024937186517,2.313233700759573,0.28872786831347136,0.34618638429434795,0.9625284010939928,1.0640061658788484,0.9309464825993358,0.7478296476140336,0.10749761487881791,0.19145152905263854,1.0549678283097155,0.23181844454630007,0.4961047410205073,0.2601768118373291,0.09626828461667111,29,Man,sad,indian
/home/peisze/PycharmProjects/causalgaze/xgaze_224/train/samples/subject0072/frame[0]_cam[0].jpg,0.056544853064422015,0.051283558046297056,0.20519305261100806,0.21957272518129112,0.2070142894350798,0.24314483677601628,0.38158370567961253,0.1417287653305341,2.3430551835867046,0.28712370913517565,0.34684298865473057,0.9563027373692997,1.04980403795491,0.9181845188362134,0.7489866420407759,0.10757028740448568,0.19215454770921472,1.0501197408187604,0.22143744642660879,0.4842299151802537,0.2606899916039266,0.08069848022370271,30,Man,sad,latino hispanic
/home/peisze/PycharmProjects/causalgaze/xgaze_224/train/samples/subject0072/frame[2]_cam[0].jpg,0.08540027576346114,0.0866133693738441,0.21095439379647915,0.227111019754407,0.340098983070997,0.3582525338664458,0.374222001311991,0.14074671392327634,2.2924502590094047,0.2801304452854708,0.34513581744844396,0.9649663380377982,1.0453673542882762,0.9148812858074398,0.743370952861254,0.11109101003002071,0.2065862044591617,1.0362691844362129,0.22226077694493981,0.48971651918895137,0.25884294953314574,0.07291967776937645,29,Man,neutral,indian
/home/peisze/PycharmProjects/causalgaze/xgaze_224/train/samples/subject0072/frame[7]_cam[0].jpg,0.07837197932572067,0.0724829327743342,0.2114519949373661,0.22705123807485006,0.28253464158209113,0.3259412022955548,0.37302982594035194,0.14043379949374685,2.3196892337201733,0.28678860634284786,0.3433519725945267,0.9556168328390761,1.0531515145625292,0.9213984177009792,0.7410936446258664,0.1048798872363645,0.20110363113641888,1.0384363992385415,0.23163033061324698,0.49745589353120756,0.256216229405423,0.1000281669341566,29,Man,sad,indian
/home/peisze/PycharmProjects/causalgaze/xgaze_224/train/samples/subject0072/frame[5]_cam[0].jpg,0.06771362294214832,0.06274583886250405,0.20785277451362116,0.21964219913464575,0.2525304410183861,0.28650426948922686,0.3786227163678797,0.14412854924059731,2.307758462154976,0.28828174182304367,0.3445877247308749,0.9590970832645713,1.0549994187723835,0.9287683450026203,0.7467413238445562,0.10677661921213469,0.19257150035672746,1.050874793766752,0.2276135875275635,0.4969752137251763,0.26106576231645956,0.0931885473004074,29,Man,sad,indian
/home/peisze/PycharmProjects/causalgaze/xgaze_224/train/samples/subject0072/frame[1]_cam[0].jpg,0.10750209681972554,0.10280938793535316,0.2143851015918378,0.23004688157455486,0.39875583691706434,0.44415937709507985,0.3648877204143966,0.13408698142763104,2.3200959055410744,0.27375431829770397,0.3362736465323388,0.9581064869949335,1.0407350089507597,0.9139589798729665,0.7279640596653101,0.11173888366247355,0.21450183010804788,1.020126819387146,0.22785460255050066,0.4769065687413018,0.25512009933765745,0.07855244413864997,28,Man,neutral,indian
/home/peisze/PycharmProjects/causalgaze/xgaze_224/train/samples/subject0072/frame[8]_cam[0].jpg,0.050696872766697675,0.04188269999779861,0.20436666075183121,0.2192094464531311,0.16842447413418046,0.21853205501155268,0.37873108009329176,0.13880461091842441,2.3327812771224723,0.2907443418008083,0.34330789586788985,0.9527170885792476,1.0500394324153575,0.918143395460444,0.7485356970779445,0.11035492020740416,0.19062366765645283,1.0459641515377336,0.22481856067674533,0.48643084827468275,0.26097199396009857,0.08427329493508233,29,Man,sad,latino hispanic
/home/peisze/PycharmProjects/causalgaze/xgaze_224/train/samples/subject0072/frame[9]_cam[0].jpg,0.10203247186932142,0.09672165138030699,0.21362795463604653,0.22784082567557482,0.37782003069660114,0.4225940128631453,0.3631417825612857,0.1381641565886191,2.288060217001769,0.2758971656230621,0.3395326285672623,0.9582417236188562,1.0481070945262472,0.9098578835340944,0.7312574344247263,0.10663918669887434,0.21743672306763587,1.0284747561398109,0.23061600491633727,0.48392016145242545,0.25526214203661096,0.08230349407265009,29,Man,neutral,indian
/home/peisze/PycharmProjects/causalgaze/xgaze_224/train/samples/subject0072/frame[4]_cam[0].jpg,0.10556453514608961,0.10175724053380053,0.20873241676066898,0.23320711424855015,0.38986461142643214,0.4504336100465368,0.35241373800615866,0.1341652540821158,2.27311810354113,0.27389717774227673,0.32982012095190494,0.9412250393976808,1.018730522415983,0.9075032564464901,0.7198156582972579,0.0953730799736486,0.21136909268636941,0.9990841660789954,0.2202708387241777,0.4952179334490507,0.25968578572330514,0.09006515572253432,29,Man,neutral,indian
/home/peisze/PycharmProjects/causalgaze/xgaze_224/train/samples/subject0072/frame[6]_cam[0].jpg,0.07801999720596711,0.07107421203743142,0.2137216084897104,0.23532698356577234,0.26861325336878966,0.32180763448246685,0.37777704962994835,0.1421926761465102,2.329873610929808,0.28564225508110247,0.3541739773842238,0.9691888553627085,1.069137206137281,0.9213790157076713,0.7525935707716739,0.10666814853342732,0.20075600589954415,1.0599570668403855,0.22614251523628445,0.49796862060950065,0.25347510079538904,0.10176543579363385,29,Man,sad,indian
/home/peisze/PycharmProjects/causalgaze/xgaze_224/train/samples/subject0073/frame[3]_cam[0].jpg,0.0581440992273129,0.055246930716258164,0.19315906693522125,0.19002875974953706,0.25738800269704,0.2647562127623861,0.3894174828436219,0.1244567745211283,2.392691905600915,0.3160386963311993,0.29910095793854535,0.9270227621602085,1.0123018255976373,0.944677932411894,0.7033761094965022,0.16223431318265594,0.1676827025611701,0.997435492667345,0.24917830142726544,0.47957781073667266,0.2651923948737401,0.09079026569181624,27,Man,surprise,white
/home/peisze/PycharmProjects/causalgaze/xgaze_224/train/samples/subject0073/frame[0]_cam[0].jpg,0.05378753645573657,0.05264316344345143,0.1964265479114929,0.18587277390465415,0.2477286806811664,0.2393089718738506,0.3793314002426212,0.14870867786996156,2.1783411204919623,0.326717621276572,0.2884986561167232,0.9176629737942901,1.0022850713569638,0.9253498126330563,0.6947882827700559,0.1637925336606603,0.1605060122796124,0.9909943842865793,0.2335029024767833,0.46328078244907855,0.25424042776294425,0.09435603878256317,27,Man,surprise,white
/home/peisze/PycharmProjects/causalgaze/xgaze_224/train/samples/subject0073/frame[2]_cam[0].jpg,0.05189058655112496,0.04718465603591546,0.2013236401715854,0.1894236058031043,0.21777750391097955,0.224907557176218,0.40145477581886474,0.11840265321217869,2.4988483123270453,0.32460792836190205,0.304770746099585,0.9372576816229117,1.0187988032963218,0.9255604840831023,0.7229314880400123,0.16695228700300566,0.15965352208178132,1.007463239041474,0.23706855775698507,0.4803818275804591,0.26557015971222053,0.09632844780689737,28,Man,surprise,white
/home/peisze/PycharmProjects/causalgaze/xgaze_224/train/samples/subject0073/frame[7]_cam[0].jpg,0.05448462600300292,0.05314682102366328,0.19833221675269289,0.19504996759899362,0.2415928697888961,0.24183296609220015,0.39498528384919623,0.12871381554009015,2.3506403602385753,0.3220734388534093,0.3027896049438309,0.9396889668932737,1.0232355367864496,0.9458164577443382,0.7125901211797778,0.16330938272897147,0.14679502479936354,1.0070222945355505,0.24652363222199772,0.48368804303556756,0.270183461761569,0.09318236980463179,29,Man,surprise,white
/home/peisze/PycharmProjects/causalgaze/xgaze_224/train/samples/subject0073/frame[1]_cam[0].jpg,0.07991883339713898,0.07376125728352426,0.2097530285386653,0.19623139932437858,0.33230739288032385,0.3377909725876119,0.3943540240916279,0.1706631627613814,2.097613645553443,0.32485486674516656,0.28509290104332724,0.9494324963788178,1.01376138748739,0.9585278253470306,0.7051374723671967,0.16058310809894494,0.17085103379495364,0.9926890044100195,0.23808401482485672,0.4800253690057096,0.26372247843695007,0.09380466779600576,28,Man,surprise,white
/home/peisze/PycharmProjects/causalgaze/xgaze_224/train/samples/subject0073/frame[10]_cam[0].jpg,0.07801123907231933,0.07536798489545338,0.19633505732642045,0.19349507642506988,0.345895758868353,0.3524978480839763,0.3737968313720839,0.12980487017005898,2.2858813681629164,0.31064237207509005,0.2901052659455531,0.9030284353391039,0.9808977899159865,0.9310954573919131,0.6806152062006134,0.15846953442359524,0.17874058742084137,0.9642364957769585,0.24719186237194535,0.4742785400618836,0.2653041866087189,0.08921099175900706,26,Man,surprise,white
/home/peisze/PycharmProjects/causalgaze/xgaze_224/train/samples/subject0073/frame[8]_cam[0].jpg,0.07107694980368966,0.0684883929122543,0.2054098354261873,0.19231146503823143,0.31548263960036926,0.30564538776286065,0.37838218709758165,0.1198124438222599,2.3780915105288774,0.3141697171079017,0.2916080012231762,0.9348933757783632,1.0085920428395598,0.9394974645367663,0.6990637883624864,0.16060885792684876,0.18260794305994357,0.9906675852842018,0.25446889301902104,0.4790549675506818,0.26225863678002753,0.08468482397094687,25,Man,surprise,white
/home/peisze/PycharmProjects/causalgaze/xgaze_224/train/samples/subject0073/frame[9]_cam[0].jpg,0.05731783292549202,0.05539353751966333,0.19587914045510302,0.18849491859146028,0.2583483264147938,0.25604511951098546,0.3873482820721,0.11816750706433028,2.4380126842353915,0.3177322881663502,0.2965036519914503,0.9219121480432033,1.0094447267211781,0.9343250136219491,0.7001585187900541,0.16187194928566567,0.16626474160517282,0.9896520458625885,0.24933346859783942,0.4786067320203343,0.2605651199351213,0.09479953470277265,26,Man,surprise,white
/home/peisze/PycharmProjects/causalgaze/xgaze_224/train/samples/subject0073/frame[4]_cam[0].jpg,0.06989536565211897,0.07066373856748866,0.21012551708321853,0.19905069406829762,0.3146947905582271,0.29390443080921264,0.38459528097351486,0.12485148156850573,2.3555735863567695,0.3163796752528303,0.2960952256651282,0.9410376843181032,1.01034135423422,0.9504752618066984,0.7057722122786012,0.16191644109871406,0.18172605507738668,0.9947299061170157,0.25510768174438536,0.4775128337689952,0.25417924784366563,0.08004094744858241,25,Man,surprise,white
/home/peisze/PycharmProjects/causalgaze/xgaze_224/train/samples/subject0073/frame[6]_cam[0].jpg,0.05483599383895922,0.05404087344132707,0.19800860565349776,0.19401457896071306,0.24623414764819204,0.2433969797404417,0.3887470897539773,0.13302229538343038,2.2927577873755935,0.3231844621726224,0.3011237859863729,0.9431042493203065,1.0297258296573146,0.9462032042137379,0.7091209546022904,0.16526959314556053,0.14698741267673576,1.009701259078233,0.2455986186012999,0.4872163092875495,0.26855837861567516,0.09394241956522116,28,Man,surprise,white
/home/peisze/PycharmProjects/causalgaze/xgaze_224/train/samples/subject0075/frame[3]_cam[0].jpg,0.08446332293997749,0.08625403007313705,0.19231424102231082,0.21601625826602575,0.35596755717148953,0.38778141775070585,0.345084083353161,0.12127538996441924,2.3051374653534977,0.274410367450348,0.32803526891340695,0.9320470841161588,1.0330662797796557,0.9615150283549421,0.7117973820981072,0.13294543903636918,0.20265688711744528,1.0191657315853435,0.23980974605378375,0.4587954144802301,0.24931445445793948,0.09368037964965874,30,Man,neutral,asian
/home/peisze/PycharmProjects/causalgaze/xgaze_224/train/samples/subject0075/frame[0]_cam[0].jpg,0.06411680822872529,0.06258944126783234,0.1852728136449435,0.20154456945709304,0.2745349144586439,0.3032333431544856,0.3627062437993993,0.12184311055877625,2.392073248307827,0.2782470895045026,0.3346969924220201,0.9305944759620639,1.0425409043662994,0.9450095671990977,0.7201114861834211,0.13528854320224493,0.1973156322512317,1.0404833942321148,0.23340726534441927,0.45805350906869285,0.2521408109773793,0.0915971242287888,27,Man,sad,white
/home/peisze/PycharmProjects/causalgaze/xgaze_224/train/samples/subject0075/frame[2]_cam[0].jpg,0.07860876965372333,0.0812466830505166,0.18763670359264112,0.21053357949518886,0.3430783648997846,0.3689915710846227,0.34309512216564003,0.12244860631418002,2.284423109813256,0.27388073576525,0.3250975365025344,0.9226948076238687,1.0177275162006225,0.9456104650251427,0.7065888574940298,0.1283721390511616,0.20355542266414664,1.0071995360344599,0.2327367512064838,0.4547379119255505,0.25008481292626117,0.09390259021426363,29,Man,neutral,asian
/home/peisze/PycharmProjects/causalgaze/xgaze_224/train/samples/subject0075/frame[7]_cam[0].jpg,0.07942212234359526,0.0772673354434912,0.18858318840464003,0.20617828742542665,0.3320659940316423,0.36958923937099064,0.345762597878958,0.12220411528475758,2.3123188182421996,0.2755797578174675,0.3257279519331457,0.9226718016550544,1.0266804626565473,0.951574034248189,0.706218366393835,0.12911144561754595,0.19982867991480222,1.0154901711710846,0.24195066466497617,0.45223125604436054,0.2439670081724364,0.09639045463159679,30,Man,sad,white
/home/peisze/PycharmProjects/causalgaze/xgaze_224/train/samples/subject0075/frame[5]_cam[0].jpg,0.07942901620737212,0.0808610070584579,0.18660512121545134,0.20561286724203912,0.3495264726302949,0.3749605260041028,0.34257986967740384,0.12396260301516134,2.2874465871062535,0.2724069118184424,0.32305462656881323,0.9104849692258927,1.0115000105766145,0.9587652088001318,0.7026285962080469,0.12870241610622515,0.19638717292020103,1.0035496963924824,0.23719505598229396,0.45301903003665267,0.24972214210686305,0.08721286862800301,30,Man,neutral,asian
/home/peisze/PycharmProjects/causalgaze/xgaze_224/train/samples/subject0075/frame[1]_cam[0].jpg,0.061114396591697984,0.05985358163907976,0.18389954038512474,0.19902504142485522,0.2662788617279229,0.29163612800731553,0.35935424351458856,0.12043576450557567,2.397048864358708,0.27733725183792124,0.3341696499562612,0.9318264264015725,1.0429247032907798,0.9454781995608914,0.7166625466184803,0.1373703287907881,0.1924415785959798,1.0408078017024316,0.2354946358293615,0.45812342808628936,0.2556106750499854,0.08478266620594613,27,Man,sad,white
/home/peisze/PycharmProjects/causalgaze/xgaze_224/train/samples/subject0075/frame[8]_cam[0].jpg,0.07342534456254127,0.07663966038706267,0.18815700123053275,0.20539617682158115,0.33212418478179523,0.3442250162236627,0.3521157016694583,0.12470327261903989,2.319984050294432,0.27378262354195004,0.32775823885899574,0.924769204808388,1.029240571755313,0.9618825051541823,0.7064672670856802,0.1329464373632596,0.19472370141880113,1.021967378264804,0.2458647630274143,0.45620075573577085,0.25156683232752836,0.07732655183900103,30,Man,sad,white
/home/peisze/PycharmProjects/causalgaze/xgaze_224/train/samples/subject0075/frame[9]_cam[0].jpg,0.08134278675178007,0.08321789814777038,0.1895986335539532,0.2061097990676559,0.35872772087778226,0.3775881892380749,0.34324587714834437,0.12205501442667616,2.2901638779491478,0.2786285590023861,0.32206311688615563,0.9182725386900493,1.0164645166782684,0.9487912086271549,0.7011360200019178,0.13255407561043342,0.1958405043748119,1.0095148608136006,0.23164861541295406,0.4548479074836672,0.24951411869370177,0.0939726961000877,30,Man,sad,white
/home/peisze/PycharmProjects/causalgaze/xgaze_224/train/samples/subject0075/frame[4]_cam[0].jpg,0.040835507446882295,0.04424984511905533,0.18419272028029668,0.20021830498148316,0.1960528468502557,0.19366176337594881,0.34199807345914135,0.12774630034890105,2.269076763164036,0.2844523584213472,0.32789741636149183,0.9101900489471549,1.0113290558417614,0.9412256766044486,0.7118238357763059,0.13592495823651926,0.16787234625757858,1.0122208115334204,0.2196357498418371,0.4495701449590812,0.24997949452054619,0.08217101482941194,30,Man,sad,white
/home/peisze/PycharmProjects/causalgaze/xgaze_224/train/samples/subject0075/frame[6]_cam[0].jpg,0.07658305486593896,0.07439861131578088,0.18995522733611012,0.20876909651211065,0.31613635739234675,0.3539694770513331,0.3481504320078894,0.12540035900938976,2.292081730903576,0.2787212555196739,0.3282513148678047,0.9194195186476936,1.0275025519033223,0.9586565905702006,0.7077304318665567,0.1323722505219263,0.18908794177556798,1.0226521496618852,0.23760524608621747,0.4609810057460469,0.24813811408885894,0.09608799764335026,30,Man,sad,white
/home/peisze/PycharmProjects/causalgaze/xgaze_224/train/samples/subject0076/frame[3]_cam[0].jpg,0.04922719523751952,0.054493907994329016,0.19489171585404266,0.2064897772849353,0.23287921292944594,0.22000906269792925,0.3836350182574819,0.09818503439690038,2.799583525976491,0.29013299397941994,0.3268364116149978,0.9235790960511099,1.0042120179157232,0.9689432264882748,0.7310517649204215,0.15452905889184326,0.1673724726069915,0.9999418552375088,0.2418814730323815,0.46840125684927936,0.24084379512205745,0.09581528804375006,32,Man,sad,white
/home/peisze/PycharmProjects/causalgaze/xgaze_224/train/samples/subject0076/frame[0]_cam[0].jpg,0.06107106646630521,0.06454942723642464,0.20195393395823044,0.2032571794776202,0.2806974625822689,0.26599388501643245,0.39635424181568824,0.0938803932323727,2.972007586900684,0.28753487048537385,0.315053758445309,0.9212857502375544,0.9919915063712963,0.9663423164955713,0.7251522221434223,0.14684305271787643,0.180552878219277,0.9773959836025352,0.25564430997842374,0.46520377371369637,0.23650881561059028,0.08102604284250994,32,Woman,sad,white
/home/peisze/PycharmProjects/causalgaze/xgaze_224/train/samples/subject0076/frame[2]_cam[0].jpg,0.06959026310180827,0.07045809073387133,0.19511544208834236,0.20055008226933685,0.309844473852461,0.3129576180033612,0.3707568549336425,0.09123209396678444,2.8993912366093677,0.27963451140246987,0.3076499976119606,0.8843728801726215,0.9462528621172741,0.9401391473023307,0.6968161076596001,0.14401274768133276,0.18548239555938215,0.9334002296164683,0.2415509114375097,0.4513467172092677,0.2287702253252133,0.09279473952633345,32,Woman,sad,white
/home/peisze/PycharmProjects/causalgaze/xgaze_224/train/samples/subject0076/frame[7]_cam[0].jpg,0.08348816921582423,0.08712780816723578,0.20555609642119388,0.21082169620337338,0.36782752518705675,0.35936116411247965,0.37187661683021406,0.09119682952283178,2.8839969964533423,0.2777240503320537,0.3135258322197338,0.9122579967598475,0.9808072963779728,0.9579966989787563,0.7049229967740955,0.15496286247564858,0.197162497987818,0.9596854983659794,0.24650480489165902,0.45429578444094826,0.2272803781609229,0.07558387707488101,30,Man,surprise,white
/home/peisze/PycharmProjects/causalgaze/xgaze_224/train/samples/subject0076/frame[5]_cam[0].jpg,0.050752888578469046,0.05539331800559201,0.1962101110732721,0.2032040361086068,0.24046855494022484,0.22642006288858083,0.38145517166659787,0.08903644259261434,2.927477442554585,0.28714439215830795,0.3214214216705744,0.917107447991715,0.9975328326614973,0.9682446274915475,0.723179953425476,0.1554281389778188,0.17760926927391427,0.9882105064768694,0.25526831346302664,0.46799746608513765,0.23851912737954642,0.0899141245098663,32,Woman,sad,white
/home/peisze/PycharmProjects/causalgaze/xgaze_224/train/samples/subject0076/frame[1]_cam[0].jpg,0.045083467248303116,0.0490452574651199,0.19716019990815126,0.20105274178571364,0.2152744411694784,0.20015326301182368,0.39208357311962316,0.09412377888527819,2.9180529230780556,0.293426068477462,0.3230496513344556,0.9332196723703743,1.0110088223441613,0.9722449583087743,0.7392901192364814,0.15281891311106452,0.16737154485155337,1.0032549945147144,0.24821859766684387,0.46538715100638456,0.2441481920898714,0.09118354144258095,33,Man,sad,white
/home/peisze/PycharmProjects/causalgaze/xgaze_224/train/samples/subject0076/frame[10]_cam[0].jpg,0.09485216092144096,0.0974483434519976,0.20583224544963,0.2259663104814763,0.3851307020773626,0.4095640781721674,0.3654410216150125,0.09059395230758671,2.827036606923714,0.27122191581503097,0.31036865944324304,0.9036705360691178,0.9642996601564089,0.9427186080275645,0.6879396397327403,0.14861535977784926,0.1990357517630171,0.9445935361282828,0.23888042691422903,0.4470759690168844,0.2196017839799521,0.08923541602552448,29,Man,fear,white
/home/peisze/PycharmProjects/causalgaze/xgaze_224/train/samples/subject0076/frame[8]_cam[0].jpg,0.08744179295286016,0.08814048485521002,0.19983358138440951,0.20718069560185978,0.38084803819925606,0.3889305565615555,0.36523461294774323,0.08561444566553568,2.9857517725454823,0.264930386268773,0.3061798519943601,0.8875838794355384,0.9391571790919864,0.9402050128359452,0.6851448319812936,0.14954911029936055,0.20104622714492357,0.9176192040568876,0.25024893277850024,0.43743080835258463,0.22445417351458155,0.06466210694609167,31,Man,fear,white
/home/peisze/PycharmProjects/causalgaze/xgaze_224/train/samples/subject0076/frame[4]_cam[0].jpg,0.09287522023275242,0.09313545334337445,0.19996626676973495,0.2161939431035731,0.38369032485701954,0.4117553752363424,0.3649580466794129,0.09780846142766732,2.7092276997228852,0.27134215916098664,0.3030275191145612,0.8916190268093447,0.9468626090539582,0.9326975277889217,0.679014810169019,0.138610440254169,0.20059517196294419,0.9271662366469821,0.2389481313831764,0.4462650815136024,0.22316019991969333,0.09004142672891516,32,Man,fear,white
/home/peisze/PycharmProjects/causalgaze/xgaze_224/train/samples/subject0076/frame[6]_cam[0].jpg,0.062082821020812286,0.06379428608762112,0.1947503932007528,0.21013439261750683,0.2677583480946442,0.27823014203399227,0.3765002997195451,0.08994108094018229,2.9070660633068375,0.2811413715530715,0.32125433470643205,0.9032098827914762,0.9744227693787845,0.9586701130471641,0.7107078481140702,0.1510382895121537,0.1734211671594697,0.9620137403734351,0.24873667617082118,0.45026443563020146,0.2246893020767487,0.0945513344399059,33,Woman,sad,white
/home/peisze/PycharmProjects/causalgaze/xgaze_224/train/samples/subject0078/frame[3]_cam[0].jpg,0.03836234250254392,0.04430214872681582,0.1921200514413819,0.19123336517849743,0.20497235618625564,0.1743268916940055,0.37005087697890854,0.08774215074189023,2.881783634721022,0.30423626193144687,0.30902135051445984,0.9115838756905698,0.9813437138285467,0.8974505885381128,0.6972166304853449,0.13791912720599703,0.17567990302554154,0.9867616591714807,0.24222124022535133,0.4649292219048832,0.2528738265719879,0.08417055619758879,32,Man,neutral,white
/home/peisze/PycharmProjects/causalgaze/xgaze_224/train/samples/subject0078/frame[0]_cam[0].jpg,0.08361770004992655,0.08290987039261088,0.20469803445854734,0.19961748062234064,0.3682276142431499,0.3601806616952469,0.36119978075105214,0.08455838603250497,2.8807998577880465,0.3134134957071352,0.2968420910986615,0.9175417375145386,0.9861428332273605,0.9077799471665935,0.6990037463587526,0.13886178115293213,0.19541187200852622,0.9796469547873317,0.25087135801882676,0.45611350566189673,0.2445912990978835,0.09204530272855765,32,Man,surprise,white
/home/peisze/PycharmProjects/causalgaze/xgaze_224/train/samples/subject0078/frame[2]_cam[0].jpg,0.08139038848517842,0.07836286929740294,0.1974351807656951,0.19884938471178593,0.3492748362334325,0.3625712543430773,0.3638006924023531,0.08623869394172522,2.875717591725139,0.30395756392111534,0.30306175845065225,0.9217307079309475,0.9853236133753268,0.8966429486562516,0.6961463433454043,0.14112091310207647,0.19222823990656118,0.9863702494317047,0.24891417476241998,0.45820347158539726,0.2494663046418275,0.09157031520941816,33,Man,surprise,white
/home/peisze/PycharmProjects/causalgaze/xgaze_224/train/samples/subject0078/frame[7]_cam[0].jpg,0.04048039781841988,0.04587940057741875,0.19004372973945297,0.18995661517160042,0.2130837456342304,0.1850644758723017,0.35982396532385585,0.08613540289809891,2.873210096662852,0.3039404274093239,0.30950667418030153,0.915324232778804,0.983836264304485,0.8944600329197331,0.7021541240854992,0.14196495701033102,0.1795721095474769,0.9826047511419809,0.23763746902769664,0.4572637741847109,0.25362623577453575,0.08678149825599796,32,Man,neutral,white
/home/peisze/PycharmProjects/causalgaze/xgaze_224/train/samples/subject0078/frame[5]_cam[0].jpg,0.04580221031143006,0.050502699905824636,0.19482827153376525,0.19163061686781904,0.23317514325276456,0.20594647239162378,0.36394392499810474,0.09000589074453433,2.827224693951783,0.30404375939046363,0.30808128441355087,0.9121820541099067,0.9859407847829212,0.9002433506717925,0.7034979800111977,0.1415196737590116,0.18402288344765172,0.9892425271104882,0.24057617890183453,0.46840454284072974,0.25320101434436293,0.07973933969456518,32,Man,neutral,white
/home/peisze/PycharmProjects/causalgaze/xgaze_224/train/samples/subject0078/frame[1]_cam[0].jpg,0.07563559258490993,0.07224261217240902,0.2000607332219425,0.1996140474413114,0.3207171451218532,0.3322577553186435,0.3649486201027149,0.08087220040680702,2.9976996084737126,0.30812531401356325,0.3057411934274892,0.9257352750490871,0.9839674056997264,0.9038004031213175,0.7002316168897064,0.1452722347301956,0.18610475212435673,0.9833273232550512,0.25102250212516247,0.45650336911743744,0.2471064035110337,0.09139854455712454,32,Man,happy,white
/home/peisze/PycharmProjects/causalgaze/xgaze_224/train/samples/subject0078/frame[8]_cam[0].jpg,0.07247975583868152,0.07002840656283255,0.19639279830091122,0.19715419874400483,0.31450987826308935,0.32376131579365036,0.35731562085698404,0.08484043626000848,2.8874909968579043,0.30363789037775135,0.3064559676815713,0.9224847146053323,0.9825626433990726,0.8940205050610747,0.6977644818998271,0.139680208427606,0.1936771021040698,0.9838837327887396,0.24403505018414698,0.4571383092651016,0.24694102122146006,0.09093222376639938,31,Man,surprise,white
/home/peisze/PycharmProjects/causalgaze/xgaze_224/train/samples/subject0078/frame[9]_cam[0].jpg,0.04932741183014079,0.05071384560509384,0.19299976045181097,0.19091847274358606,0.23382440967849089,0.22280696931379826,0.36343806993902844,0.08309033933528374,2.932056734001724,0.30676263992572256,0.30992123380897346,0.9158558959113459,0.9832994845784747,0.9040766664518256,0.7059688340367909,0.1458430445032511,0.18359346646087227,0.983465419038748,0.24743870595206852,0.46406532354219476,0.2531190928729767,0.08925911707374115,32,Man,neutral,white
/home/peisze/PycharmProjects/causalgaze/xgaze_224/train/samples/subject0078/frame[4]_cam[0].jpg,0.05104273447499244,0.05267864272555854,0.19223666758921623,0.1886611914998698,0.2462592059876748,0.23198009279055967,0.36742977421888406,0.08846587994384451,2.855649140141898,0.3041791530186441,0.3044913927748082,0.9112994538249193,0.9753992087941984,0.8978425741496536,0.6990135074202366,0.14043868225110417,0.18096029018247972,0.9758948705251852,0.24501241403826343,0.45820640689389,0.251995245180399,0.08656455593908385,32,Man,neutral,white
/home/peisze/PycharmProjects/causalgaze/xgaze_224/train/samples/subject0078/frame[6]_cam[0].jpg,0.05011641008760026,0.05734256224661462,0.19091131327134298,0.19136719469228872,0.2654190713397748,0.23077552374998445,0.3658651855461065,0.09132317245201584,2.835305715404328,0.3010301045926844,0.3056472805013448,0.9208619058424826,0.9812417523251392,0.9064916691146014,0.7023323277065046,0.14096661552757297,0.17916605609513095,0.9782323572803606,0.2444473171182424,0.45906994489101466,0.2532621905249908,0.07704877502766733,32,Man,neutral,white
/home/peisze/PycharmProjects/causalgaze/xgaze_224/train/samples/subject0079/frame[3]_cam[0].jpg,0.0767174611293861,0.07239810105197605,0.19433413443656317,0.2047357716831399,0.3124220866957015,0.3471250753914965,0.39156141822213375,0.09659810895906853,2.915512101919636,0.2791521284164554,0.3074063000049836,0.8729989832133954,0.950670418947773,0.9111706828522292,0.6985785203431127,0.15152370494153128,0.20064133843906526,0.9483330157073518,0.22155041998382213,0.4523943967558331,0.2402858179021541,0.09451750529209295,25,Man,fear,white
/home/peisze/PycharmProjects/causalgaze/xgaze_224/train/samples/subject0079/frame[0]_cam[0].jpg,0.058145848127995406,0.0581803436689654,0.19092430339223807,0.197922721279616,0.2606754508783415,0.2692264462282828,0.40348206072091114,0.09714107596977682,2.9659993815759123,0.2765557928977061,0.31596387222839234,0.9018335405716792,0.97942188659782,0.9209649432393792,0.7170408399260985,0.15886299165191145,0.19138480952023176,0.9743580048546976,0.22328798678032086,0.4554176289432134,0.24386359566561405,0.07596234512608699,30,Man,fear,white
/home/peisze/PycharmProjects/causalgaze/xgaze_224/train/samples/subject0079/frame[2]_cam[0].jpg,0.07844533406069894,0.08041004331471344,0.1930568584269799,0.20184729482218486,0.35306801998355103,0.35918488105144986,0.39899873665285485,0.09308863399315168,3.017810563464631,0.2785089713755881,0.30941469849659764,0.8906499825481076,0.9658108850337528,0.9198127582590505,0.7029703443307576,0.1479554916128,0.21162606914920928,0.9576915182266041,0.23152270889125862,0.46388984193526683,0.2505303374938875,0.08801668455726079,25,Man,fear,white
/home/peisze/PycharmProjects/causalgaze/xgaze_224/train/samples/subject0079/frame[11]_cam[0].jpg,0.05570804605772906,0.05840735924859655,0.18513233540648205,0.20199415867595655,0.2553379619791843,0.264642055681788,0.39229362625959385,0.10489529848769505,2.760605041273418,0.28209007896213856,0.3153181402731557,0.8963973343176821,0.9779474023005446,0.9326746231694673,0.7112692766605374,0.15113030620159562,0.18196315245792763,0.9714641503013489,0.22937347478349768,0.46335959515101055,0.25267561713195824,0.09015247963606085,30,Man,happy,white
/home/peisze/PycharmProjects/causalgaze/xgaze_224/train/samples/subject0079/frame[5]_cam[0].jpg,0.0801921989944259,0.08463769696755638,0.19268849360211712,0.2009613011433297,0.374513516244438,0.3684689549005686,0.3792614253286734,0.09843264536927902,2.8007224933577293,0.2715502792953338,0.3021366594902444,0.8640449097632414,0.9346878113162375,0.9121409326611147,0.6806428160096889,0.1531739601724272,0.20707367545984584,0.9325582184284547,0.2244418644139363,0.4440680327984628,0.2379260139428343,0.0717802355322999,24,Man,fear,white
/home/peisze/PycharmProjects/causalgaze/xgaze_224/train/samples/subject0079/frame[1]_cam[0].jpg,0.050478758052715705,0.0491068612969689,0.18875978687676903,0.191491930326162,0.22605519810550004,0.23538600815229793,0.4084525609118794,0.09967667130950239,2.917921023459559,0.28589829107351544,0.3105336379317793,0.9016099494923391,0.9768784477836295,0.9276031796133504,0.7174777721903799,0.1499746720887256,0.18389965908611355,0.9697401887720654,0.22693709564344855,0.461792614196946,0.25319645405925517,0.08370713941671028,29,Woman,fear,white
/home/peisze/PycharmProjects/causalgaze/xgaze_224/train/samples/subject0079/frame[10]_cam[0].jpg,0.07690912857340183,0.08143526861363796,0.19191554456304544,0.19941507886848345,0.3614407580823273,0.3538863253059612,0.3823659226345465,0.101787146541963,2.7670428441678188,0.27577188062237523,0.30259455422578563,0.871755385238069,0.9457940468976906,0.912102704055124,0.6905634202423268,0.14297428889910596,0.20772111820469064,0.9404920448743984,0.22081596044378995,0.45248149043428154,0.24351733480431367,0.08351651010939161,25,Man,fear,white
/home/peisze/PycharmProjects/causalgaze/xgaze_224/train/samples/subject0079/frame[8]_cam[0].jpg,0.08759294723493803,0.0878386920895756,0.1910327190349827,0.20153695931808677,0.38647128285731963,0.40496877815604665,0.3743489804518289,0.0957061892379596,2.8219341908857127,0.2712593746514941,0.3005770408378336,0.8621068926978207,0.9394482555356295,0.8981559496966793,0.6776363389851767,0.14787494739284288,0.2171032008527489,0.9372002256904082,0.21524622587745937,0.45020090793444884,0.24255676178363336,0.09336651740522289,25,Man,fear,white
/home/peisze/PycharmProjects/causalgaze/xgaze_224/train/samples/subject0079/frame[9]_cam[0].jpg,0.08979107436685388,0.0884288972527396,0.1986440643614217,0.2101496306052484,0.3743182075167234,0.40005780316721956,0.3856307879093094,0.09812620295389542,2.872746995039226,0.27422986207319366,0.3039419055979704,0.8747688105222808,0.9546849793888457,0.9164473356909082,0.6885194434865878,0.1486734037042063,0.20798712142861686,0.9517243055760384,0.22377906713951334,0.4538103781179445,0.23468726192045322,0.09051806736817823,26,Man,fear,white
/home/peisze/PycharmProjects/causalgaze/xgaze_224/train/samples/subject0079/frame[6]_cam[0].jpg,0.09155379748279185,0.09023455833273275,0.19661909795481997,0.20895697118254067,0.38406288623763507,0.412336982816475,0.3767128669041419,0.09849063984902569,2.8172040855738723,0.27185464858193154,0.30380060550126403,0.8680619594960063,0.9485906337134304,0.9066493889809147,0.6823229267204611,0.14697868483149876,0.2131521075892712,0.9464422898887264,0.22063759672133088,0.4568698070657315,0.23794022104440785,0.09116137240255598,24,Man,fear,white
/home/peisze/PycharmProjects/causalgaze/xgaze_224/train/samples/subject0080/frame[3]_cam[0].jpg,0.039029245058887954,0.03591926676354707,0.18990597569929527,0.19308526781199709,0.1642769896180752,0.18016887275814442,0.3370812767007017,0.1345701994580503,2.180535856290866,0.2932508867412556,0.2985693091229598,0.8970554859606319,0.970323626353045,0.9138212817806051,0.6724118695283694,0.11576866710445975,0.1986080624889931,0.9568836603880264,0.20546097681464381,0.4442681335265947,0.2233673419971969,0.08811621144646495,30,Man,disgust,white
/home/peisze/PycharmProjects/causalgaze/xgaze_224/train/samples/subject0080/frame[0]_cam[0].jpg,0.04723963875811135,0.04707540393309018,0.1949780182596447,0.1965020032378305,0.21291732956310208,0.21301022547170673,0.35132195703806884,0.13222908980220052,2.261408503445453,0.30712699648229436,0.29348556179232466,0.9011443994187514,0.9756935847844341,0.9217583962328513,0.6822723228415549,0.12295425012157629,0.18663561469756687,0.9727227875354069,0.20801735196370946,0.45331959200671545,0.22362347193499912,0.09025599540051152,31,Man,disgust,middle eastern
/home/peisze/PycharmProjects/causalgaze/xgaze_224/train/samples/subject0080/frame[2]_cam[0].jpg,0.028490870264529313,0.02429537414348232,0.20336238382062194,0.20499016445307228,0.10483477723423469,0.1225346339437269,0.3433685775226332,0.13045679690853626,2.2387944176759045,0.3012370169935845,0.29855401890363814,0.8916036604363284,0.9744361481602877,0.910003994433394,0.6718581001872791,0.11413298210724465,0.20174886089676686,0.9624879720002595,0.20827445625170993,0.4549291726765173,0.2274398231953908,0.08545621931125844,30,Man,disgust,white
/home/peisze/PycharmProjects/causalgaze/xgaze_224/train/samples/subject0080/frame[5]_cam[0].jpg,0.035346160535859594,0.0325580128716472,0.19970887370405105,0.19943031301592018,0.1445398043195877,0.1566583121994789,0.34710205291626517,0.1280697099551583,2.272519967751704,0.2937460127490642,0.30706712312511364,0.9121009083264235,0.9908002753338658,0.9145077127118855,0.6855170819678593,0.11804623194173014,0.19478127852760357,0.977764655648916,0.20691168497292445,0.4475202775837574,0.22759046200986055,0.07598306710193128,29,Man,sad,white
/home/peisze/PycharmProjects/causalgaze/xgaze_224/train/samples/subject0080/frame[1]_cam[0].jpg,0.04632882307408462,0.04568796864285175,0.19498491418518016,0.2039039623316622,0.19977621751581395,0.20967607808754757,0.3483880973719507,0.13344239279651143,2.240814002151999,0.29923285942069844,0.30171234873332414,0.9040545497816582,0.975717056190436,0.9415793451014577,0.677491852535852,0.11636089844441194,0.19718437526046623,0.9669426457723593,0.22772358187892927,0.45308808037953935,0.22313329730759085,0.08733332496317166,31,Man,sad,white
/home/peisze/PycharmProjects/causalgaze/xgaze_224/train/samples/subject0080/frame[10]_cam[0].jpg,0.047261533742091626,0.04369157750440949,0.19653780848019886,0.1904935900047904,0.20318624565115612,0.21188123125395858,0.35467337077091937,0.1251555257026032,2.333000206202597,0.2919195705761398,0.3003614600769206,0.9007396045701425,0.9726666576452847,0.9233445001718994,0.6745209296400405,0.11336484346008484,0.19981598638773138,0.9585129975606831,0.22444244754315046,0.44842181392036107,0.21944587933713885,0.07800537548808666,29,Man,sad,middle eastern
/home/peisze/PycharmProjects/causalgaze/xgaze_224/train/samples/subject0080/frame[8]_cam[0].jpg,0.077774005438094,0.07610881985700307,0.2006537001705857,0.20517654893869086,0.3300487051995547,0.3428704389946525,0.3341719617193474,0.11948594312558004,2.306461044510594,0.2821043625959102,0.29294622839597356,0.8777857608499123,0.957318400205018,0.9046078296031496,0.6563090610136768,0.11926672522508193,0.2036492994145518,0.9405729751017292,0.20673761487789194,0.44190053639192256,0.21153441380566276,0.09008083431829672,29,Man,neutral,white
/home/peisze/PycharmProjects/causalgaze/xgaze_224/train/samples/subject0080/frame[9]_cam[0].jpg,0.03408909117505162,0.031749385852761866,0.19770069193006073,0.2090269878713052,0.1366196241537797,0.15198342724639433,0.35717222169047536,0.12857121548401768,2.292948662434337,0.29569096039211906,0.30727282877077344,0.9151986318103925,0.9848296334414093,0.9309931872660253,0.6831787288068856,0.1169047130716617,0.1925146967508451,0.970863126214556,0.22377107578192376,0.4590324210118495,0.2295450495452334,0.08357799126335783,29,Man,disgust,white
/home/peisze/PycharmProjects/causalgaze/xgaze_224/train/samples/subject0080/frame[4]_cam[0].jpg,0.05169525549914151,0.05050773050283906,0.19558011616281687,0.20281283303648046,0.22234903132627626,0.2332651703106274,0.34738219382318186,0.13073918995998834,2.2577980786713887,0.29231399395090146,0.29882325231050605,0.8924336574549852,0.9647191630577394,0.915309185270762,0.6687442535864714,0.11009384828929836,0.20168669901932612,0.954467792007199,0.21543800582825748,0.4470298982720289,0.21597935660953954,0.08602387649873079,30,Man,sad,middle eastern
/home/peisze/PycharmProjects/causalgaze/xgaze_224/train/samples/subject0080/frame[6]_cam[0].jpg,0.08716432085751467,0.08852444846859245,0.21206758139520623,0.20926205285768354,0.3773514427491817,0.36420244655707446,0.38437378739913863,0.11640343449139594,2.549718579332218,0.2877008290301753,0.2919870947383091,0.9170171066359221,0.974030740137589,0.9778425794895018,0.6926491293728976,0.11650259881711206,0.21347756495798817,0.9612300903154607,0.25310794051842167,0.45661039248981794,0.23225574828860368,0.07553719711226242,28,Man,fear,white
/home/peisze/PycharmProjects/causalgaze/xgaze_224/train/samples/subject0081/frame[3]_cam[0].jpg,0.05782244885097195,0.061431540810598546,0.19436237607740703,0.21637213383820028,0.2537209681196384,0.2606574007047087,0.38063658116522586,0.15520077674832816,2.1519865113960317,0.2791055053301842,0.3276426542544287,0.9410927539162157,0.9985296199211421,0.93378357270779,0.7233730424263066,0.14066278514583463,0.14315215293444433,0.9797467231727888,0.23470593201481538,0.5009751258039047,0.2734353016470043,0.09171137140621952,27,Man,neutral,middle eastern
/home/peisze/PycharmProjects/causalgaze/xgaze_224/train/samples/subject0081/frame[0]_cam[0].jpg,0.06722083363539753,0.06776001208612281,0.18630659587846227,0.1995672705875989,0.30178964029870936,0.3171861537611342,0.37257135858267004,0.16136908376078019,2.074975471850333,0.26894433551024083,0.30578547280040697,0.9160286822789336,0.9699519735931846,0.8773840346399384,0.6955557472014797,0.12035845631408719,0.14481692931615198,0.940973367934881,0.21842097478086142,0.49318685338481055,0.27671308947742873,0.09049181265707344,29,Man,neutral,white
/home/peisze/PycharmProjects/causalgaze/xgaze_224/train/samples/subject0081/frame[2]_cam[0].jpg,0.06987561478855586,0.07400719115293732,0.1847064440157565,0.2023522532055793,0.3244847562639351,0.3316007482606802,0.3720883895741703,0.13805724626003468,2.2845664550400415,0.2674808409340295,0.3088038794937852,0.8956464942554984,0.9484145004158747,0.897277414355183,0.6871771412203297,0.13395127706249224,0.16396271473530832,0.9311336494305027,0.22054070589298308,0.4943775694045502,0.2707284707356927,0.08952625410837262,29,Man,neutral,white
/home/peisze/PycharmProjects/causalgaze/xgaze_224/train/samples/subject0081/frame[7]_cam[0].jpg,0.07163996845762481,0.0764056373624497,0.19808064876157916,0.2214100642343249,0.3091596858190635,0.3206362099324941,0.3755908504359025,0.13141204878040783,2.3046470852615393,0.26759434337382015,0.3336443188243924,0.9530362183511689,1.0058144309445687,0.9162618422225284,0.7187460849529467,0.14136180759844438,0.16093515284884793,0.9882581904992311,0.24003239562756598,0.49320154609996614,0.2702742786973994,0.059890680920428124,28,Man,neutral,latino hispanic
/home/peisze/PycharmProjects/causalgaze/xgaze_224/train/samples/subject0081/frame[5]_cam[0].jpg,0.04692194180804198,0.04864088512281626,0.19449697683811498,0.19862252527309016,0.21735070482061328,0.2103817425120882,0.38082403542944265,0.1418041889128792,2.236985588360775,0.29694455101471406,0.302688854843373,0.9056577777725233,0.9653901802341661,0.9330103760492312,0.7061980736992778,0.13277683699608686,0.15152430677153111,0.9531521069366367,0.24944481582607353,0.48194820569892444,0.26729219305719465,0.08990675732471405,31,Man,neutral,middle eastern
/home/peisze/PycharmProjects/causalgaze/xgaze_224/train/samples/subject0081/frame[1]_cam[0].jpg,0.06668852354559558,0.0736682795150711,0.1927384749465638,0.22115628298534995,0.2975881046731486,0.3042445982884405,0.39513727891224476,0.13623763493962363,2.3357626904826354,0.2673822408499778,0.32266928932168415,0.9276814436661008,0.9693763154804098,0.9142099786771728,0.7073726381593565,0.13817377217002488,0.15203372099987741,0.9527430841313173,0.23182825348956582,0.5074517939885037,0.2734066502827714,0.09252371881174948,29,Man,neutral,white
/home/peisze/PycharmProjects/causalgaze/xgaze_224/train/samples/subject0081/frame[8]_cam[0].jpg,0.04833221522851015,0.049092959549253835,0.19138977189993023,0.20423112619220382,0.2126939176122783,0.219815150483365,0.3916607943652446,0.1294716522066921,2.350872256161893,0.276399375996914,0.3296152259871357,0.936810471779489,0.9970898378822383,0.9163855473743907,0.7304126137830139,0.14424034458019439,0.1429522374090393,0.9785744490644335,0.24459391103725323,0.4959790240346841,0.2742045333860661,0.08957711116904023,29,Man,neutral,white
/home/peisze/PycharmProjects/causalgaze/xgaze_224/train/samples/subject0081/frame[9]_cam[0].jpg,0.05493470485707271,0.05675880641574178,0.1920764403704818,0.21170160212513786,0.2382218888984501,0.24981360525638896,0.4022382493929765,0.12431220130241012,2.466852231427211,0.2799851084979293,0.33487681687266374,0.9593284076986055,1.0199659141016042,0.9237880425029361,0.7401036233812669,0.1470443595864875,0.1460033355980645,0.9971280718343103,0.24752539258353135,0.5092004994139944,0.2802360101983532,0.09531548698019289,29,Man,neutral,middle eastern
/home/peisze/PycharmProjects/causalgaze/xgaze_224/train/samples/subject0081/frame[4]_cam[0].jpg,0.07266937000369636,0.07698538438082898,0.1902385971871373,0.21553073599043326,0.32030909438643973,0.33839199009002446,0.37640719017088453,0.12996274725511428,2.355157199129466,0.27007032946235776,0.3155117712907822,0.9385402049366037,0.9864125479297117,0.9014536256253902,0.7017804150592749,0.14215972335330102,0.16154096417088348,0.9600379874709444,0.23453807530089968,0.49534077646092656,0.26898212660089676,0.08723625579435001,30,Man,neutral,white
/home/peisze/PycharmProjects/causalgaze/xgaze_224/train/samples/subject0081/frame[6]_cam[0].jpg,0.06864020919848997,0.07170767333544449,0.1989150057866731,0.20701540026471738,0.30993580979815294,0.3055977258520558,0.3783748551711453,0.12710846133305073,2.3927620413407067,0.2860121235248121,0.29469780848236604,0.9147768672771537,0.9516892830471629,0.9067963090075346,0.6886067153160086,0.13492638892412373,0.1649146475452933,0.9356378397369066,0.23989178758379284,0.48431054573723076,0.26504344614992326,0.08491538589514805,31,Man,neutral,latino hispanic
/home/peisze/PycharmProjects/causalgaze/xgaze_224/train/samples/subject0083/frame[3]_cam[0].jpg,0.030578619164710753,0.03674924528794064,0.20124516725051686,0.2018547845997085,0.16050083172642896,0.13208590263339337,0.3560532276729188,0.10594910115898541,2.5980473543426075,0.3054046007578498,0.30879557106142086,0.9248426254386537,1.0191495703078706,0.9017265040602479,0.7285407615515811,0.12245811553262614,0.1957203861732974,1.0097179905174198,0.2267798102236123,0.45333216348364563,0.23372308136316214,0.09006558996270901,29,Woman,sad,white
/home/peisze/PycharmProjects/causalgaze/xgaze_224/train/samples/subject0083/frame[2]_cam[0].jpg,0.050739666079613,0.05268494499045742,0.1900772982271814,0.19742092440089198,0.2356862316193264,0.23309098162279437,0.34815098578423986,0.10080319999556561,2.626886271529348,0.3004713096660688,0.30979748197644885,0.9302341934727294,1.0207603758526735,0.9039105900467113,0.7243078264754127,0.11995169926250655,0.20425830511798662,1.0090843072052744,0.2320847123566513,0.4579250532557189,0.23812161994625916,0.09228936451030902,27,Woman,sad,white
/home/peisze/PycharmProjects/causalgaze/xgaze_224/train/samples/subject0083/frame[11]_cam[0].jpg,0.07041514320389598,0.06972887162862348,0.19453963753242048,0.2083235193878829,0.29737628488192275,0.3177960942525847,0.3502013526140033,0.10302052965513334,2.599046344917406,0.286098726344672,0.31326506563153705,0.9118847110806237,1.001920983590263,0.8955970787030842,0.7137524211991478,0.1180934771715048,0.2146888270316581,0.9953950283391566,0.22045924576904505,0.4570740230671474,0.23355524014810267,0.09393172237646981,25,Woman,neutral,white
/home/peisze/PycharmProjects/causalgaze/xgaze_224/train/samples/subject0083/frame[7]_cam[0].jpg,0.0819245107503563,0.08045720488379153,0.19230405584499644,0.203526165429969,0.35030799425570963,0.3746245859732384,0.34197541750933225,0.10048357919337679,2.6055441590282067,0.2791128243124827,0.30987053809825066,0.9131429378541651,0.9981517055723674,0.891987532835545,0.7072516197769292,0.11155903864496955,0.23132387406490107,0.9874477132307051,0.2200700027737075,0.4541360965930402,0.244743971733216,0.0949811953280632,27,Woman,neutral,white
/home/peisze/PycharmProjects/causalgaze/xgaze_224/train/samples/subject0083/frame[5]_cam[0].jpg,0.08081896924831583,0.08263944568961198,0.20106317005453242,0.2037751332344074,0.3627351610581507,0.35681163272055094,0.346834370514301,0.09600876587128655,2.675759470288725,0.28404787624210104,0.3050986627758052,0.900179961814311,0.9826998028870487,0.8795744135190424,0.7037534827601443,0.11308157551009015,0.22604822996446108,0.9762840873787877,0.22164421111190158,0.4434692664058259,0.23513692985960472,0.06459751866965048,24,Woman,fear,white
/home/peisze/PycharmProjects/causalgaze/xgaze_224/train/samples/subject0083/frame[1]_cam[0].jpg,0.0714215520606456,0.06936027690893322,0.19215356384961127,0.19741289056667335,0.31033292302121407,0.32602876932200514,0.3489223023173598,0.10221642705659187,2.62369171105486,0.2938731287026408,0.30262041438612264,0.9065921467363233,0.992005343376472,0.8799296860787172,0.7098584239496724,0.11056282975329454,0.21505560888211642,0.9813244715061381,0.2211729979772208,0.4520636972351328,0.23876918091997973,0.09599547363273261,25,Woman,neutral,white
/home/peisze/PycharmProjects/causalgaze/xgaze_224/train/samples/subject0083/frame[10]_cam[0].jpg,0.06285620321694502,0.062206241859226796,0.189123104590174,0.19962553675618164,0.2748520088412056,0.29059105810242336,0.34943307751803415,0.10977177767992104,2.5186462592270003,0.2849168899324285,0.31558260574757424,0.9141112871922265,1.000664375637353,0.9047832528619786,0.7180020306853971,0.12099705506890081,0.21512528458772157,0.9897265476123687,0.2247333087312691,0.4619910515770386,0.2442741698218633,0.09423999622304194,26,Woman,sad,white
/home/peisze/PycharmProjects/causalgaze/xgaze_224/train/samples/subject0083/frame[8]_cam[0].jpg,0.08317798896504673,0.08657427577761863,0.18781414017309608,0.20111629471758477,0.3866441839046747,0.39389364778449826,0.38472709929331916,0.04615240788259269,4.998586815889029,0.25588648678043274,0.3035348295459549,0.8957490866872818,0.9443769484354951,0.9100245618327913,0.7004660823236095,0.12938242175042916,0.23393298229705803,0.936719696617152,0.2568141077416773,0.4305956397242552,0.2324420479454048,0.05913441947259105,27,Woman,surprise,white
/home/peisze/PycharmProjects/causalgaze/xgaze_224/train/samples/subject0083/frame[9]_cam[0].jpg,0.09194674595442745,0.09103278277283396,0.19221267826339325,0.2057326147298821,0.3945425678215978,0.42424059546024306,0.3362563847903816,0.0998071323590812,2.5800231260716227,0.2747505874342965,0.2975306716506169,0.8916829947825653,0.9706003927003682,0.8967817856667327,0.6883136693219669,0.11630204761186401,0.22841048804985994,0.9573633324057017,0.21803710653881803,0.4453754333077966,0.2348346831879543,0.08699333262020985,31,Woman,neutral,white
/home/peisze/PycharmProjects/causalgaze/xgaze_224/train/samples/subject0083/frame[4]_cam[0].jpg,0.0643184637957298,0.06474752891882833,0.1918986229842206,0.19682746162385453,0.29009225464616645,0.29328833586269437,0.34733501280423157,0.10421692799914566,2.572358733715733,0.2941955110164757,0.30524679166177204,0.91775127926435,1.0004018813965498,0.9004256725817602,0.7193558802587896,0.10925829664529146,0.21808938232713027,0.9909629302789849,0.23302662589616058,0.4547705652949651,0.23841898223071736,0.09408769881056239,25,Woman,sad,white
/home/peisze/PycharmProjects/causalgaze/xgaze_224/train/samples/subject0084/frame[3]_cam[0].jpg,0.04235620626000877,0.04208560797834369,0.19339295692444908,0.20506906345716266,0.17973957481336952,0.19053804039184488,0.3842588020658342,0.12217928840938658,2.4518167242313695,0.29351082500612286,0.33297496458615894,0.9295651983696344,1.0359200314568073,0.9550565696020052,0.7455640990276043,0.1408903274872331,0.19167457421368728,1.0311298790506025,0.2399689594096052,0.4945057519002452,0.2693457063563381,0.09409310044995907,30,Man,sad,white
/home/peisze/PycharmProjects/causalgaze/xgaze_224/train/samples/subject0084/frame[0]_cam[0].jpg,0.06513183385260798,0.0706281179441599,0.19176645156372474,0.21086419649804564,0.2965731921400588,0.29836899964360447,0.37037865772553336,0.11402033807812191,2.4784996783501456,0.27108604806850134,0.33280592482396526,0.9052547048503694,1.0112080108787984,0.9247749373683095,0.7204229573102543,0.1344758916389708,0.20215428011487402,1.0027091575773572,0.23838569289554168,0.48881592706310584,0.26639378508496264,0.0787421266861405,31,Man,sad,white
/home/peisze/PycharmProjects/causalgaze/xgaze_224/train/samples/subject0084/frame[2]_cam[0].jpg,0.04401458774687434,0.048178063270446554,0.19092634616709728,0.20705845166602987,0.2043566382586752,0.19979937585752156,0.39823403925328227,0.11127734521674439,2.6387227107149402,0.28892765528732534,0.33080707493100575,0.9234973162220684,1.029617211072953,0.9383904320682754,0.7407978033211186,0.14307953964392037,0.19319686542729736,1.020138710366031,0.24460374120557876,0.49497160652391825,0.2647770322652812,0.09585750450919164,29,Man,sad,white
/home/peisze/PycharmProjects/causalgaze/xgaze_224/train/samples/subject0084/frame[7]_cam[0].jpg,0.07483813659910865,0.07579991300592476,0.19956003522074722,0.2138376840605394,0.3130449862988524,0.3288786021152096,0.3632548235721304,0.1182931597543972,2.385314366910376,0.28217229337240674,0.32249926917968685,0.8855074499272775,0.9963543418376565,0.923696839482982,0.7076332641456584,0.13103760708521026,0.20421277274725633,0.986207160064665,0.23145419073201615,0.48803263566101834,0.25675569334200565,0.10026609390440537,30,Man,sad,asian
/home/peisze/PycharmProjects/causalgaze/xgaze_224/train/samples/subject0084/frame[5]_cam[0].jpg,0.05184673039517234,0.05730536413508221,0.1891063120162515,0.21260795962353163,0.23751379101439454,0.23928626664740385,0.3712020010146982,0.12063831405821111,2.40007789612163,0.2729066379149338,0.34507118446126744,0.920590193451874,1.0279919202530408,0.9563215599493751,0.7343420273918931,0.13867832891260504,0.19355408545435207,1.01943357764697,0.24797606979841008,0.4947104429036562,0.26849443462963135,0.08160632333540296,30,Man,sad,white
/home/peisze/PycharmProjects/causalgaze/xgaze_224/train/samples/subject0084/frame[1]_cam[0].jpg,0.046187724481436106,0.046821354287344685,0.19119784289102748,0.20261143754238228,0.2026296535487381,0.20949653339039412,0.407826682751324,0.10370575517142777,2.783863014912288,0.28805153959076396,0.3326778450841804,0.944141393732433,1.038256142144421,0.9301674105435961,0.7494745604918148,0.13588951032450405,0.19418529049909222,1.0256890370661678,0.25009947223788803,0.48946794701980567,0.26235012259336543,0.09563975382274595,29,Man,sad,white
/home/peisze/PycharmProjects/causalgaze/xgaze_224/train/samples/subject0084/frame[8]_cam[0].jpg,0.07790427971528541,0.07924100730195217,0.1995513722315669,0.21283043073099336,0.3294541400187136,0.3430590099026601,0.3605547379547568,0.11861601124587319,2.377924011166795,0.277292040267923,0.3236109267419846,0.8876923792120485,0.9974837946535347,0.9164063187088459,0.7052560467687617,0.1270093146187521,0.20764963542747877,0.9842467431835719,0.23012071738742643,0.49175127640322247,0.2613454652601779,0.09522489955286258,31,Man,sad,asian
/home/peisze/PycharmProjects/causalgaze/xgaze_224/train/samples/subject0084/frame[9]_cam[0].jpg,0.05172190210167467,0.050292225844701964,0.19357767474841317,0.2045531056146273,0.21689473617560262,0.23433715272471317,0.37739876637682457,0.11406485351189027,2.4937468107365333,0.28343572998560096,0.33145279686569395,0.9051700062194925,1.0215372804406575,0.9488442858490352,0.7289371370174549,0.14391629361059471,0.19258862689348463,1.0218042760372308,0.24580646766788683,0.48733245177239615,0.26376402560784584,0.07672779650195705,29,Man,sad,white
/home/peisze/PycharmProjects/causalgaze/xgaze_224/train/samples/subject0084/frame[4]_cam[0].jpg,0.08794651972678391,0.09228925885033795,0.19586237904697057,0.21716864655118226,0.3814665807509544,0.39873776815725775,0.3637203480827029,0.10421836466840008,2.5699429985894766,0.2559590544787129,0.324550916568914,0.8997413438618543,0.9853610694242997,0.9345956235591661,0.6981525039900248,0.13837507218438824,0.2066481801273229,0.9734265375875429,0.24622235474837437,0.46512253639323364,0.26165063427381835,0.06388478536560033,32,Man,fear,asian
/home/peisze/PycharmProjects/causalgaze/xgaze_224/train/samples/subject0084/frame[6]_cam[0].jpg,0.07129309060886137,0.06869023021825318,0.2022708143522876,0.21640628969346346,0.2800634671482409,0.3087511046003053,0.366796404113319,0.12490632325747135,2.3404256746222005,0.2843504263082711,0.3284625659841552,0.8935964767348498,1.012427186581878,0.9326645383341345,0.7168518173727804,0.13004845455088063,0.19977327473589107,1.0047175894390028,0.22991711805125378,0.4875229449969405,0.25535842490058863,0.10152289087216877,29,Man,fear,white
/home/peisze/PycharmProjects/causalgaze/xgaze_224/train/samples/subject0085/frame[3]_cam[0].jpg,0.042127131051018674,0.03536858455353971,0.18498650917612766,0.18996913415770433,0.16481473535633914,0.19965412202607435,0.3815950162540964,0.09633123337993094,2.798004512855968,0.2976838005631375,0.3146164755659575,0.9206819237010275,1.013942302425011,0.928101690933869,0.7214584099290166,0.1480389536142219,0.1758150558872325,1.0125568775324758,0.21582746907542036,0.4513006902715184,0.25322169532097477,0.08348020647918984,27,Man,sad,white
/home/peisze/PycharmProjects/causalgaze/xgaze_224/train/samples/subject0085/frame[0]_cam[0].jpg,0.04848722319793257,0.04704298699490717,0.17946469646235705,0.186034283572471,0.22336313324895568,0.2360173890962804,0.38616825061281135,0.09819234916057204,2.7672766183931823,0.2928592799267028,0.3112821738110252,0.9176145394182944,1.008038659515526,0.9249955903960498,0.718288051799518,0.1427162167256468,0.1780823638122854,1.0031521428383603,0.21924699514898421,0.4442513737059317,0.25338087287136396,0.08937717734416285,27,Man,sad,white
/home/peisze/PycharmProjects/causalgaze/xgaze_224/train/samples/subject0085/frame[2]_cam[0].jpg,0.06113909212253063,0.06107915463786417,0.1831806557211216,0.18790534147262306,0.2867281630893319,0.29188823194999025,0.3769321509039923,0.10424717573421194,2.6505930585115216,0.2919099467666893,0.3031041100439926,0.9028051041533594,0.988434642497623,0.9169042105173144,0.7063942858287457,0.1391698925851812,0.1954798907377459,0.9852594993381768,0.21306621959132796,0.439928670079972,0.24314629103769203,0.09190563792604804,28,Man,neutral,white
/home/peisze/PycharmProjects/causalgaze/xgaze_224/train/samples/subject0085/frame[7]_cam[0].jpg,0.06888712522814817,0.0688010523516682,0.18446511636664245,0.1872072936038929,0.3250316527936464,0.3277314990589466,0.381071843993705,0.10124569529176419,2.71372573624506,0.28829986898844745,0.3020471173583451,0.9031135693461331,0.9937729298670188,0.9159838253110958,0.7035515309042747,0.1399854661201626,0.20268700186233443,0.9913091694237582,0.21364157795198646,0.4375533098196358,0.24437683681572736,0.08962921530690629,29,Man,neutral,white
/home/peisze/PycharmProjects/causalgaze/xgaze_224/train/samples/subject0085/frame[5]_cam[0].jpg,0.06594357331624544,0.06529185362847251,0.18568684928679102,0.19621427769751187,0.2951772510491601,0.3127696682622567,0.3791764968591794,0.10257164530111337,2.6828983391538967,0.29072167462891485,0.3069546425796044,0.9072808917967455,0.9911156905037405,0.9180460739828376,0.7066457864812471,0.14118808098504013,0.1915810253794351,0.9927622562023888,0.21052919387204866,0.43871196045332084,0.24043701758350333,0.09070558976382496,28,Man,neutral,white
/home/peisze/PycharmProjects/causalgaze/xgaze_224/train/samples/subject0085/frame[1]_cam[0].jpg,0.049820419797460616,0.04770339931974347,0.1783178497958635,0.18543317677787044,0.22716660071483752,0.24379314965027563,0.3886263202856217,0.1000261415811386,2.7587110619141173,0.29589549305661145,0.31287332368756154,0.9279219495315862,1.022120165169461,0.9393269662343026,0.7262336729122777,0.14824459786265703,0.17731936898179448,1.0162908639486992,0.2223316123121406,0.4479869272126952,0.2565585963806646,0.09096241180374832,26,Man,neutral,white
/home/peisze/PycharmProjects/causalgaze/xgaze_224/train/samples/subject0085/frame[8]_cam[0].jpg,0.054001941365558054,0.05317700088633036,0.18722456862733283,0.19148424527538824,0.24530662517011603,0.252647252010459,0.3832112058829259,0.09783696958672533,2.7820982229011424,0.2888116074722696,0.31465421395371346,0.9079648773247898,1.0060304296175702,0.9396739618948533,0.7126677710477611,0.1450155811553618,0.19147568933448966,1.0033525047299627,0.22770406347763283,0.4484669451881569,0.24415077612385774,0.08377762779371994,26,Man,neutral,white
/home/peisze/PycharmProjects/causalgaze/xgaze_224/train/samples/subject0085/frame[9]_cam[0].jpg,0.06167805496575645,0.061321849123907236,0.1851269455072473,0.1907519617810598,0.28336251953287933,0.29133128522310664,0.3755552907714383,0.10572724111386157,2.623094377910163,0.2927266854237257,0.30641326164305516,0.9045332058740815,0.9925444986380222,0.9276178189987151,0.7093467858280311,0.1378285486718673,0.1947703248519641,0.9918887133799026,0.21662490435353815,0.44424871763515,0.24293623730997024,0.09299935101313304,27,Man,neutral,white
/home/peisze/PycharmProjects/causalgaze/xgaze_224/train/samples/subject0085/frame[4]_cam[0].jpg,0.07570187551185215,0.07557432556226777,0.19443292831634457,0.19320437204861277,0.3482479299576734,0.34427900905548886,0.3749918438579534,0.09821475785965582,2.739033953842851,0.285667542387601,0.30066347240666796,0.8918840451105898,0.9769001497751487,0.9177891011834168,0.6942814962106857,0.14060686494615132,0.20622477500827138,0.9726457671547993,0.22226209754490767,0.4340400817726924,0.23373749508586003,0.07322711066624021,28,Man,neutral,white
/home/peisze/PycharmProjects/causalgaze/xgaze_224/train/samples/subject0085/frame[6]_cam[0].jpg,0.033185533173377656,0.022639001009690827,0.1931754340172761,0.20292938252700918,0.09869065991023629,0.150783466815079,0.38219637870106543,0.10195926376824115,2.6995935776048263,0.2979197211293628,0.31287233005399523,0.9170447778578529,1.0155871618669405,0.9253928631664751,0.7196552904446107,0.14366387943736045,0.18628904177237635,1.0091047666469435,0.21370563655327268,0.45855149806362006,0.25403041190907716,0.07822893288062592,28,Man,sad,white
/home/peisze/PycharmProjects/causalgaze/xgaze_224/train/samples/subject0088/frame[3]_cam[0].jpg,0.08274390076602138,0.08173215982117164,0.18699192417412686,0.20559680648262216,0.3530762911090917,0.3911245771567323,0.39026491988538065,0.09997406858618212,2.880786281126568,0.2498529539914341,0.30997925027795553,0.8682947647508698,0.9296669209665253,0.8816257839242351,0.6783238684110016,0.11737941023016504,0.21778158849588616,0.9196173424233332,0.21403677138453922,0.4403188461945097,0.22223381595325917,0.09257671958155886,30,Man,fear,white
/home/peisze/PycharmProjects/causalgaze/xgaze_224/train/samples/subject0088/frame[0]_cam[0].jpg,0.05407163516373241,0.05352267839013003,0.18515753919087102,0.20653797966083373,0.22952738716081278,0.2568394660885594,0.42281630494645606,0.10964428206349815,2.8567273443147982,0.25940158904362143,0.32249198394709155,0.8837871493973068,0.9593342986436577,0.8958909881497507,0.7080153868755147,0.11925209991543546,0.19713317870968142,0.9600804131468992,0.20737329769204843,0.4428797098698971,0.2258253949099815,0.09003079591623821,30,Woman,sad,white
/home/peisze/PycharmProjects/causalgaze/xgaze_224/train/samples/subject0088/frame[2]_cam[0].jpg,0.05760297995132197,0.0565371084650479,0.18503963064827894,0.19324203783149874,0.258831713215613,0.27414917712627523,0.4130437708677131,0.10399977748337279,2.9101377618035014,0.257255095650173,0.32400552543926037,0.8974737500784954,0.9725529194143455,0.8993913706312877,0.7075681434065181,0.12140489635217987,0.2031486509214757,0.9682524475775725,0.21666788348630905,0.45012319777486953,0.23352901886243224,0.08069443907878358,31,Woman,sad,white
/home/peisze/PycharmProjects/causalgaze/xgaze_224/train/samples/subject0088/frame[7]_cam[0].jpg,0.0804383325098192,0.08098225495268441,0.1842226650543578,0.19665913291124615,0.3659320793939029,0.38658775999377326,0.3932783012503696,0.1005121481603194,2.8638889641157985,0.24585386005928936,0.31286515907595286,0.8731983013343725,0.9375897056841177,0.882384798699356,0.6818981664740584,0.11646447482621118,0.21847591680671663,0.9291301507396975,0.2151742139395602,0.43427569308695646,0.22925772054110852,0.08070162152594036,33,Man,sad,white
/home/peisze/PycharmProjects/causalgaze/xgaze_224/train/samples/subject0088/frame[1]_cam[0].jpg,0.08631936034882279,0.08682075217021441,0.18254145326977558,0.19542150780441392,0.39503876243625696,0.41854661295947854,0.3993531212165005,0.10433845123427704,2.829891541187321,0.24545473370203671,0.30590554416639304,0.8726509495053909,0.9266159427859649,0.8875164742768786,0.6831706429089732,0.11515003798549625,0.22010571063445458,0.9167278317226868,0.20908047888957837,0.4329667902789878,0.23180677913564168,0.08119935308391815,33,Man,fear,white
/home/peisze/PycharmProjects/causalgaze/xgaze_224/train/samples/subject0088/frame[10]_cam[0].jpg,0.0854837219193017,0.08736762585125536,0.18478574799731703,0.19609576556205052,0.3973685113118456,0.41061054880703296,0.3898402205148797,0.10031481117202078,2.837489794315971,0.24443380409132512,0.3087128150880755,0.8710300114473752,0.9322628365849707,0.8847058499724613,0.6767913854367645,0.1169034201980621,0.22129191500553885,0.9230191121650584,0.21448975517562702,0.43377721429793487,0.22978826147613926,0.07116882355356854,30,Man,sad,white
/home/peisze/PycharmProjects/causalgaze/xgaze_224/train/samples/subject0088/frame[8]_cam[0].jpg,0.08478994839417019,0.0884503454769202,0.19021233524369227,0.20439612267668258,0.38763875883678656,0.39695236384162835,0.3911184035987936,0.09851417264547584,2.8625046810644506,0.2430774634436334,0.3149076000771935,0.8842052955972541,0.9408831944993489,0.8826175283381185,0.6797065697951168,0.11797243052001875,0.22520279955436334,0.9321268390628448,0.22054784450909884,0.4325065268496984,0.22832202224847034,0.05900100332861731,32,Man,fear,white
/home/peisze/PycharmProjects/causalgaze/xgaze_224/train/samples/subject0088/frame[9]_cam[0].jpg,0.09218260828051995,0.09052859904748847,0.19368150756563418,0.213954627515025,0.3771213945380679,0.42242130115992,0.37719583517624605,0.09389223275561362,2.9191709473808336,0.24789736015292196,0.3037628978038028,0.8656532623451672,0.9200736703681042,0.8772107985469121,0.6705526667857832,0.11501061253947215,0.2202918798906128,0.9113147131356696,0.21095553009391238,0.4396913760677574,0.21393071244714665,0.09177505695795482,29,Man,neutral,white
/home/peisze/PycharmProjects/causalgaze/xgaze_224/train/samples/subject0088/frame[4]_cam[0].jpg,0.058462213980868226,0.05620022619966299,0.1867366834517255,0.19633629957656926,0.25327382541259197,0.27551116105032425,0.40967537503020596,0.1030966063153111,2.908573816855378,0.25773952647738546,0.3213131204714854,0.8899480408576748,0.9631532113471103,0.8904534978571853,0.7037560347602597,0.12174902396069136,0.20218573205923182,0.959651582097351,0.2092814176568919,0.44527015575827544,0.22788416991721985,0.0853516048827223,29,Woman,sad,white
/home/peisze/PycharmProjects/causalgaze/xgaze_224/train/samples/subject0088/frame[6]_cam[0].jpg,0.06782222029850749,0.06748452729898535,0.18924952965143438,0.19738628636997393,0.30318787144558984,0.3164280194654287,0.4059794093893098,0.1004717623194493,2.939999005611943,0.25592376653603716,0.31931372503661504,0.8866405849600779,0.9592333528099612,0.8901749073443501,0.6974759778806725,0.1207355925758934,0.20994782961903813,0.9559967197745174,0.21253624144048816,0.4464982102764421,0.22973212883287,0.08170141032473231,32,Man,sad,white
/home/peisze/PycharmProjects/causalgaze/xgaze_224/train/samples/subject0090/frame[3]_cam[0].jpg,0.06572741168752497,0.06668951147715063,0.17754688208194574,0.18920907653296082,0.31416301962946225,0.3273590905042444,0.3586393565769047,0.18322480852583173,1.95691826263992,0.2846307402749034,0.3092176885241232,0.9286510275298906,1.0088024627377814,0.9740725681881418,0.7195248445899368,0.1215900297540705,0.16949529627379728,0.9863167119718629,0.21834477957488377,0.4606768097619502,0.28810017052933856,0.0904077525877382,27,Man,angry,asian
/home/peisze/PycharmProjects/causalgaze/xgaze_224/train/samples/subject0090/frame[0]_cam[0].jpg,0.05264526137082289,0.05541589957710839,0.17793576308322487,0.18909580537823475,0.2608129756274744,0.2610054892149857,0.3677197897483284,0.18712867735683122,1.95145702532201,0.28548035178061615,0.3197091132997037,0.9497254680113344,1.029463684016552,0.9878788743865695,0.7299933127996643,0.1292755164961721,0.14793576741716036,1.0080551492776124,0.2187694226730166,0.4633532955181257,0.2854570798976606,0.08436620999490928,28,Man,sad,asian
/home/peisze/PycharmProjects/causalgaze/xgaze_224/train/samples/subject0090/frame[2]_cam[0].jpg,0.056242066194065236,0.05819684846827851,0.181656262284856,0.18832013137711937,0.2755759996018915,0.2739346461671629,0.3652439610738185,0.18716085410970845,1.9488552022442625,0.2845648626242835,0.3136252015869127,0.9374589194575549,1.0214249140826674,0.9774053609117954,0.7197694815170037,0.13058300273720738,0.15920667887168455,0.9954274161149212,0.22012441838982072,0.475882500426757,0.28319224702056744,0.0777749407864947,28,Man,sad,asian
/home/peisze/PycharmProjects/causalgaze/xgaze_224/train/samples/subject0090/frame[7]_cam[0].jpg,0.07900504309080816,0.07824998441208941,0.1907115968341761,0.20056673146170742,0.3490832758055584,0.3680183714788274,0.3672090653310691,0.1971734960220301,1.9133904868453446,0.28646679133494846,0.3045633576049839,0.9076465622868252,0.9901668945980677,0.9575656723039254,0.7006496558517852,0.11280588640397417,0.16551850865322304,0.97358338108909,0.1976063922044018,0.4663589871266402,0.2746747324797812,0.08818248334086623,28,Man,fear,asian
/home/peisze/PycharmProjects/causalgaze/xgaze_224/train/samples/subject0090/frame[5]_cam[0].jpg,0.06872315870353032,0.06771330018141511,0.17858228531399595,0.1872355179831389,0.32291100387146043,0.34100941362282994,0.3591211444988824,0.18843583660439256,1.9315890252496557,0.28409929478345647,0.3092563394891652,0.9206950234055846,1.0080238018244936,0.9828093653864101,0.714212558782992,0.11901015964698732,0.1704142015712069,0.9874012159656753,0.21974911079689377,0.4612467193643135,0.2881175895712999,0.08987672065639254,26,Man,angry,asian
/home/peisze/PycharmProjects/causalgaze/xgaze_224/train/samples/subject0090/frame[1]_cam[0].jpg,0.08136978768345055,0.0792990027392952,0.18831073178109706,0.19640631585984347,0.3607212301923754,0.38348404059053987,0.35747734095265155,0.1747872469464048,1.9819145075737443,0.2835117375343041,0.30609165970238705,0.9144211842604105,0.9979829286176017,0.9568900883130734,0.7039940310622343,0.11786149951637195,0.17051277950189883,0.9752230946037259,0.21248777322714363,0.461687482373008,0.2771152628096648,0.09232317256181044,27,Man,fear,asian
/home/peisze/PycharmProjects/causalgaze/xgaze_224/train/samples/subject0090/frame[10]_cam[0].jpg,0.0876305133284614,0.08646163679889221,0.1904385984228901,0.19899533720699256,0.3902311004674132,0.4117849293560152,0.34697053257568233,0.17502409237158886,1.9515658528859678,0.2794019491758773,0.29798200991001794,0.9142651296211833,0.9915636658312018,0.9704923656860465,0.6886099616170412,0.12083560419198422,0.1442967646813832,0.9652943418986655,0.21115788490247525,0.45500835317472094,0.2712765814822787,0.08324308709092218,29,Man,fear,asian
/home/peisze/PycharmProjects/causalgaze/xgaze_224/train/samples/subject0090/frame[9]_cam[0].jpg,0.07126748868893433,0.0702840526842184,0.1843222272449503,0.1939961235460935,0.3233413600127893,0.34232023672927636,0.3554845332467225,0.1847421138376024,1.9402885006897017,0.28608916669325085,0.3076000814762948,0.9125741662775643,1.002260789447339,0.9626574925918239,0.706414732367499,0.11716368292450854,0.16749641195240086,0.9850907605934147,0.21202814850987758,0.46733370550039643,0.2789024457191659,0.09020565960939231,29,Man,angry,asian
/home/peisze/PycharmProjects/causalgaze/xgaze_224/train/samples/subject0090/frame[4]_cam[0].jpg,0.06834127425131827,0.06660428165227343,0.1847018238821937,0.1970107086390834,0.30208672182706614,0.32833788558998583,0.35878980096094526,0.17731139794245324,1.9797659746986045,0.28403143835901495,0.3128587261743778,0.9212516719219325,1.0015671687966088,0.9568728181526839,0.7108558598170318,0.11727797752956017,0.15575823562520894,0.9863429012489735,0.21333060000708468,0.46948442943023455,0.2810701170648109,0.08766284277218672,28,Man,sad,asian
/home/peisze/PycharmProjects/causalgaze/xgaze_224/train/samples/subject0090/frame[6]_cam[0].jpg,0.04842685113400314,0.04980476082306114,0.17675277495499966,0.18914103386722395,0.2329732187446526,0.23978026667935412,0.36941764566714425,0.18648686952896143,1.9649527772976132,0.28956814009836057,0.31707116537798186,0.9358605793914578,1.019773803463513,0.9716688978975669,0.7281744108737009,0.13018008019714591,0.14608076724714447,1.0044515405930612,0.2044828115423022,0.46507554609803214,0.2802036091841236,0.09190581947095937,30,Man,sad,asian
/home/peisze/PycharmProjects/causalgaze/xgaze_224/train/samples/subject0092/frame[3]_cam[0].jpg,0.09275179239474174,0.0892830766223973,0.1865982256232988,0.2011120885004138,0.39692035929773944,0.4404721916948085,0.30425000383106865,0.14003000455315015,2.0260577553928782,0.2626897627071424,0.29809009008758075,0.9001010370524417,0.9727035628721947,0.9622519794878441,0.6646458807362666,0.11195669309096472,0.20425118613133394,0.9520052288965047,0.2065502034014313,0.40746554192540835,0.21217015327380456,0.08372865581680039,29,Man,sad,asian
/home/peisze/PycharmProjects/causalgaze/xgaze_224/train/samples/subject0092/frame[0]_cam[0].jpg,0.07384503540834067,0.07399336570704482,0.1863500979447636,0.20339646247321447,0.3244859711948584,0.34979873631572456,0.31478981832621195,0.1354658686555813,2.0955442750401474,0.2641193413001175,0.3080452952917751,0.9032157551232668,0.9777846031601447,0.9383180196445013,0.679498828321801,0.11395058412294003,0.1963963022877713,0.9621172153716171,0.19765799299082482,0.4062163190312452,0.2092369263850224,0.08499742685865762,29,Man,angry,asian
/home/peisze/PycharmProjects/causalgaze/xgaze_224/train/samples/subject0092/frame[2]_cam[0].jpg,0.05243946148526294,0.052815162796235535,0.18176486574564835,0.19685797740890398,0.23827766088708438,0.25327061326612943,0.3142563108569134,0.14319564999760462,2.0470971222481573,0.27026719700829377,0.31467057397508097,0.9149094822727689,0.9881102919858354,0.9413460955709083,0.691339906199956,0.11093543631842057,0.18917897497677463,0.9759683398667199,0.1936019113091157,0.41471356930397624,0.2199518827610314,0.08723414652261442,29,Man,sad,asian
/home/peisze/PycharmProjects/causalgaze/xgaze_224/train/samples/subject0092/frame[7]_cam[0].jpg,0.0908436014122931,0.08756436213392084,0.18676441324416623,0.1992584068757568,0.3935813368425906,0.4318073447665609,0.29861647623282195,0.13694151031769528,2.0254977799019995,0.26295207446556357,0.28993508401297735,0.8893778744852577,0.9544440047237197,0.9457207509413622,0.6522325773925611,0.11157502829446277,0.19815353959789517,0.932834423951256,0.20110102274745675,0.40294869132067884,0.20841495357110973,0.0791480625303654,29,Man,fear,asian
/home/peisze/PycharmProjects/causalgaze/xgaze_224/train/samples/subject0092/frame[5]_cam[0].jpg,0.08960468970234202,0.08709466329632738,0.18479228218373994,0.2007832643892082,0.38740105910094125,0.42907678012892464,0.30266981064408727,0.13755380627383745,2.044314497272614,0.26234444749032415,0.29965535310442726,0.899532835034224,0.9714548751309765,0.9503401033552626,0.6648006714985706,0.11032163669799665,0.2021494263658673,0.9504242027342216,0.20495124783327226,0.4052737733099291,0.2109187976108443,0.0869356142047127,28,Man,sad,asian
/home/peisze/PycharmProjects/causalgaze/xgaze_224/train/samples/subject0092/frame[1]_cam[0].jpg,0.08298326388671455,0.08401826297184982,0.17313901973549817,0.18404864056541442,0.4069089043967062,0.4239866426928735,0.3079206888597972,0.13612837210199344,2.069852380173613,0.25863342208138407,0.29836883587111,0.9091813697228819,0.9837364162022195,0.9513114843593161,0.6759035694845253,0.10953946646431885,0.21257865182099184,0.9545201371104385,0.21060788185363447,0.40209937644865995,0.22753236778061842,0.08012497722289152,27,Man,fear,asian
/home/peisze/PycharmProjects/causalgaze/xgaze_224/train/samples/subject0092/frame[8]_cam[0].jpg,0.0646473055599083,0.06667923075653068,0.1850584601355764,0.2025334001644567,0.2930894448597113,0.30748872633187085,0.31387542965259707,0.14717466969931564,2.0103899659858286,0.26894985581535563,0.31245912184915614,0.9219226820977843,0.9961035058341376,0.9582416761934448,0.6911528963552372,0.11472320075145931,0.18298898861111182,0.975850912535522,0.20071844239702305,0.4157052192760457,0.21543832799572415,0.08797297100926828,28,Man,angry,asian
/home/peisze/PycharmProjects/causalgaze/xgaze_224/train/samples/subject0092/frame[9]_cam[0].jpg,0.07329009363749085,0.0748135151621315,0.18960823650578632,0.20845062149344065,0.32071795486057925,0.3412010898345749,0.31507958120588336,0.13981222804853116,2.0612140370274115,0.26729267593783346,0.3105189930965088,0.9136642663425262,0.9884144843657217,0.948965926000182,0.6815638249816507,0.11637820580876783,0.18484677208462819,0.9695168818277089,0.20225559985804048,0.41058636383396524,0.2091676065604842,0.0844340888820038,28,Man,angry,asian
/home/peisze/PycharmProjects/causalgaze/xgaze_224/train/samples/subject0092/frame[4]_cam[0].jpg,0.0896923115839707,0.08781085749428805,0.18213949420109324,0.19854422480390455,0.3941088367018241,0.4348684753157718,0.3115167983022292,0.14339161877866272,2.0324232540512477,0.26282772224449374,0.3019422172626065,0.9081543411330436,0.9857116984795935,0.9611071123233533,0.6769274877170766,0.10995407915435285,0.20189214657004814,0.9654912940672336,0.20416967479702003,0.40727547133481523,0.2184740855708031,0.09020290889223603,28,Man,neutral,asian
/home/peisze/PycharmProjects/causalgaze/xgaze_224/train/samples/subject0092/frame[6]_cam[0].jpg,0.08246919371388901,0.08480058246018828,0.17268479017023627,0.18426456910654518,0.410391408236453,0.4228174666261353,0.30148846140424757,0.1408491546584941,2.0263514450473386,0.2553716265991795,0.29483337957618816,0.8933151157331476,0.9667134520049195,0.9510700496989204,0.6660075959277805,0.11037531315230131,0.20662385482110288,0.9424862423180018,0.20658476490316285,0.4010148419189879,0.22516348501024033,0.07749750915542888,28,Man,fear,asian
/home/peisze/PycharmProjects/causalgaze/xgaze_224/train/samples/subject0095/frame[13]_cam[0].jpg,0.023154879021540113,0.03439681891480358,0.17942360925851003,0.20519072792509702,0.15022415449777338,0.113185359167963,0.36746887311421467,0.12852755985567044,2.311782270563756,0.2610965074471659,0.3355354475551749,0.8562621621240079,0.9330448495406161,0.9290973879451487,0.669431925688638,0.12248058150998245,0.1596299771292559,0.9476583510414539,0.23951531654598673,0.4882001506308125,0.27704115350284547,0.0801396410165454,32,Man,angry,white
/home/peisze/PycharmProjects/causalgaze/xgaze_224/train/samples/subject0095/frame[16]_cam[0].jpg,0.03771129672560381,0.03606366873343274,0.16669809623109566,0.18877233437039978,0.16999018652369452,0.19890485537238967,0.3554865576177466,0.12809138125129865,2.2810453487943656,0.2550409191007373,0.31984920057569993,0.8201307843523625,0.8929460713847353,0.9093747814158952,0.6412251745713122,0.12745133205666645,0.15888494359272687,0.9042377167018014,0.23588217268770048,0.47178569974971096,0.26815147395576716,0.07666868840969647,31,Man,angry,white
/home/peisze/PycharmProjects/causalgaze/xgaze_224/train/samples/subject0095/frame[0]_cam[0].jpg,0.047204110325713505,0.04742664128317704,0.1699746772814192,0.1975302143499914,0.2136732947715624,0.24339587979130384,0.36586094355434395,0.13863172846079633,2.2313328805546306,0.25801014188660687,0.3257927783726039,0.8553366968022567,0.9285413458836435,0.9226492793973106,0.6635347886602619,0.1267017751430607,0.16705441101331747,0.9359684702252993,0.2293806540821804,0.4803341269874334,0.26517316906555893,0.08591076432117349,30,Man,angry,white
/home/peisze/PycharmProjects/causalgaze/xgaze_224/train/samples/subject0095/frame[11]_cam[0].jpg,0.06735008729632952,0.0689753179852553,0.1807755083828829,0.19736611542765983,0.3107586411908616,0.32899956166561567,0.35666160584076106,0.12467687807839838,2.3173408353602825,0.2551793607009885,0.3156171605222423,0.8380203454373761,0.9124472664562261,0.9158700037360445,0.6507799052252998,0.1361276798480729,0.17875130448538573,0.9197059847400939,0.23875244960930828,0.4689130847982451,0.2571961871735464,0.06871421389337147,28,Man,surprise,white
/home/peisze/PycharmProjects/causalgaze/xgaze_224/train/samples/subject0095/frame[7]_cam[0].jpg,0.06913316202022483,0.07063456336781876,0.18048665420018392,0.20268517646523515,0.3098115497354666,0.3384407569962146,0.35302444423306284,0.12999696138430936,2.2548988351633654,0.2544546901174401,0.3205940228193747,0.8406702974536134,0.9147112787088767,0.9177956209401558,0.6540333980461087,0.13100063587135047,0.1901649351903158,0.9269881040602801,0.23620371868369452,0.47083201196033997,0.2617447581197184,0.08259797795277828,30,Man,surprise,white
/home/peisze/PycharmProjects/causalgaze/xgaze_224/train/samples/subject0095/frame[5]_cam[0].jpg,0.0710254583405442,0.07457144252140199,0.1858959448196837,0.20273074253241913,0.32803004455395113,0.33801783313705436,0.34644792577596434,0.13112871333286918,2.215977218511439,0.2531678012203721,0.3142373675358342,0.8308045264552779,0.8973878903827417,0.9113302600196957,0.6414428478039749,0.13283300741403287,0.17877543707564775,0.9058542860270825,0.2352685285736347,0.4681596821559359,0.25301002421948077,0.06563443878404561,28,Man,surprise,white
/home/peisze/PycharmProjects/causalgaze/xgaze_224/train/samples/subject0095/frame[12]_cam[0].jpg,0.0657020713162447,0.06842807734490315,0.17893265270345143,0.19744219389221643,0.3083633319119722,0.3244552646285564,0.3561044123991446,0.11374407391565675,2.444766151446101,0.25222444206407113,0.3148872765018699,0.8278730026894986,0.9046579822778558,0.9072998313542562,0.6455237733507467,0.13345367325636898,0.17313832067461457,0.9131089359319915,0.24897752540135895,0.45951911860449335,0.2517704878252753,0.06750279831579706,28,Man,surprise,white
/home/peisze/PycharmProjects/causalgaze/xgaze_224/train/samples/subject0095/frame[10]_cam[0].jpg,0.04815429842114644,0.04972898174189079,0.17015865402592492,0.2009220454017965,0.22075007054371565,0.24817430635880494,0.35810751857697876,0.1387315054308054,2.1960046799319572,0.25378330246657094,0.3259449989744583,0.8569093193984,0.926503232163902,0.9168515096118951,0.6599674819041109,0.1274684221454979,0.16544069577941622,0.9313802554978772,0.22802246873849935,0.48085580012642193,0.26260141350583366,0.08632218101233798,29,Man,neutral,white
/home/peisze/PycharmProjects/causalgaze/xgaze_224/train/samples/subject0095/frame[8]_cam[0].jpg,0.07013335748886565,0.06882775111471302,0.17738340342773007,0.19592678422478033,0.3108417869032445,0.34733273435136397,0.35158691058962765,0.1291257149714277,2.2474983389821723,0.2570475148340957,0.315603741233637,0.8409893937085902,0.9178030802249803,0.9246330613792396,0.650461765724668,0.13290018189027417,0.176343857846574,0.9218435176469866,0.238636945210371,0.4708591764730724,0.25988245670049676,0.08784770259564578,28,Man,surprise,white
/home/peisze/PycharmProjects/causalgaze/xgaze_224/train/samples/subject0095/frame[9]_cam[0].jpg,0.06990983775087631,0.07128963805644803,0.1840202496017875,0.2045069606281022,0.31042831518730046,0.3361969148587513,0.35727908030742794,0.1291686788059006,2.2691171133977415,0.25583384579257196,0.3232494639152794,0.8497177144510136,0.9303012658553549,0.9211117059678625,0.657719288355017,0.13249200211007764,0.1911186857346906,0.9402095488766434,0.24015466874619068,0.47167253929919617,0.2585980589861843,0.07401450061799258,29,Man,surprise,white
/home/peisze/PycharmProjects/causalgaze/xgaze_224/train/samples/subject0098/frame[3]_cam[0].jpg,0.061909004586527976,0.0662193808646435,0.18628322263515293,0.20467438776755148,0.28739003211427905,0.2920949444214769,0.37271063226766127,0.1599087587445312,2.1121634160079426,0.26344863653786654,0.3263309307835785,0.8868056865899162,0.9807258602660726,0.9222980425087243,0.696908186186602,0.1312087325327931,0.2154888734564866,0.971701754604073,0.1966890332912755,0.44456636524993787,0.23231271860626596,0.07439561178797703,24,Man,neutral,latino hispanic
/home/peisze/PycharmProjects/causalgaze/xgaze_224/train/samples/subject0098/frame[0]_cam[0].jpg,0.07450113034112538,0.07715710478088135,0.189399528030762,0.21077322115248703,0.3242686135280138,0.3455780456387742,0.3674139575710475,0.153946784864579,2.1386098757609173,0.25857285005062286,0.32250027945238946,0.882999703489403,0.9716624066619706,0.9245110584761215,0.6828933711064339,0.13057117909435517,0.2224756680571907,0.9592239176712635,0.20425942750107276,0.4387583603436301,0.22678783146434175,0.09133851165528512,25,Man,neutral,latino hispanic
/home/peisze/PycharmProjects/causalgaze/xgaze_224/train/samples/subject0098/frame[2]_cam[0].jpg,0.09171670973114804,0.08875070025299014,0.18578633174134812,0.20928141609792397,0.37720025541411994,0.43579913000964693,0.3683043054802756,0.1397274402543148,2.2447770058964744,0.24926014654119852,0.3185618106135885,0.887314407327689,0.9642896418524675,0.8903475934274369,0.6792168054747653,0.12319161835447918,0.22693396334636173,0.9436240326734984,0.18610937345511383,0.43552245487400604,0.22909909896024003,0.08978572525073768,25,Man,neutral,latino hispanic
/home/peisze/PycharmProjects/causalgaze/xgaze_224/train/samples/subject0098/frame[7]_cam[0].jpg,0.08159559712519268,0.08442214571603691,0.19650598515930343,0.21450075514767114,0.3526500852514933,0.3678786597322381,0.35391792611336215,0.15891239688239292,2.057626869363573,0.25437395719845696,0.317821926639531,0.8587104022253551,0.9494380570242994,0.9021231079881428,0.6684292794252825,0.1203628643924733,0.22738036188927938,0.9436105761796126,0.19118670602385954,0.4436574416148712,0.2285732579651131,0.06798212395480703,25,Man,neutral,latino hispanic
/home/peisze/PycharmProjects/causalgaze/xgaze_224/train/samples/subject0098/frame[5]_cam[0].jpg,0.0786530494398567,0.08146578293699362,0.19607079323618506,0.21733184355116233,0.3346839259869037,0.3541202839007902,0.36486501911375896,0.16288505524211075,2.0701402753281135,0.25804264612784733,0.32773687511577687,0.8766673708847211,0.9689917797729987,0.9104531634385592,0.6820564334814652,0.12715029989058102,0.22530864216314375,0.9652524673466626,0.18484748198946976,0.44013304173959983,0.22875329690520363,0.07823277537593179,24,Man,fear,latino hispanic
/home/peisze/PycharmProjects/causalgaze/xgaze_224/train/samples/subject0098/frame[1]_cam[0].jpg,0.045314249985991,0.051056409998048606,0.18122599004136927,0.20517040463036548,0.21909433336612735,0.21791841363924047,0.41976254295095583,0.1506488586469889,2.3095535337633435,0.26876234951848543,0.3300254554751369,0.9147355768950177,0.9936093358814423,0.9213612415223268,0.7203373551978627,0.1306880931250274,0.20169215104139673,0.9797622819357384,0.20676069295415048,0.4527819356928011,0.23911179942457475,0.0877520107421167,24,Man,neutral,latino hispanic
/home/peisze/PycharmProjects/causalgaze/xgaze_224/train/samples/subject0098/frame[8]_cam[0].jpg,0.07727860089268841,0.0764640870303651,0.19293844360411977,0.21300592110071476,0.31816117275378775,0.35172558330287473,0.3591253597943481,0.1640955747699839,2.0317782603368713,0.26246138453042206,0.32171393257587055,0.8788818374057762,0.9746124797362565,0.916487706768683,0.6820779380733668,0.12267286328387518,0.2233351033550038,0.9590335367947003,0.1929932020148208,0.4457086575077465,0.22381741942564637,0.09221539789322597,24,Man,neutral,latino hispanic
/home/peisze/PycharmProjects/causalgaze/xgaze_224/train/samples/subject0098/frame[9]_cam[0].jpg,0.05628265797397488,0.061849492414141206,0.18537192619713813,0.20122811676339483,0.2715674290380165,0.266496524116871,0.3634351192943518,0.1627367304178571,2.0662516176787658,0.26327231318291827,0.3172640474916185,0.8597537388933753,0.9648541368473903,0.9163806964637615,0.6776396857071019,0.12671248489110137,0.2103873855402154,0.9570318122251096,0.1951799258208148,0.444398125193208,0.23026484382545465,0.07745595314112609,25,Man,neutral,latino hispanic
/home/peisze/PycharmProjects/causalgaze/xgaze_224/train/samples/subject0098/frame[4]_cam[0].jpg,0.06243441247001334,0.06585472754580002,0.1892748368701054,0.20968124981667044,0.27811436302861897,0.2889934562743504,0.37293746664868194,0.16719886212709653,2.055535969702657,0.26579673473705123,0.31857283546131243,0.8720224455333054,0.9720271487038911,0.9183307419681969,0.6845289781892092,0.12833849554557286,0.21669726997818123,0.9585391187646307,0.1874564577944699,0.4520807464532383,0.2289456577265366,0.09091023475703112,24,Man,neutral,latino hispanic
/home/peisze/PycharmProjects/causalgaze/xgaze_224/train/samples/subject0098/frame[6]_cam[0].jpg,0.07167400621786923,0.07445393758202888,0.19502048533461958,0.2131137976358208,0.31087752563439686,0.32331576137937,0.36094996375765526,0.16262105707324542,2.0477923102269076,0.2654946052854437,0.32596949470116626,0.8771125246039952,0.9709079646945175,0.9187381171058818,0.6873707842600846,0.1278678035406128,0.22341208895152137,0.9667808954276635,0.19436807004800344,0.43772151728956277,0.22698919465092704,0.07926256837023042,24,Man,neutral,latino hispanic
/home/peisze/PycharmProjects/causalgaze/xgaze_224/train/samples/subject0099/frame[3]_cam[0].jpg,0.08283995002838175,0.08878228167126793,0.18018313889872015,0.22602674430310743,0.35099495089909494,0.40664625840157476,0.36163286073961765,0.1552001736318749,2.105579861199373,0.23155594933698587,0.35753688672697825,0.9167711122090463,0.9898712987348219,0.9277782858642759,0.690003708237322,0.13207817612015768,0.1900206301156097,0.9903826357517951,0.21148715765165416,0.46397776741326735,0.2558848159935138,0.0809438671877023,37,Man,happy,white
/home/peisze/PycharmProjects/causalgaze/xgaze_224/train/samples/subject0099/frame[13]_cam[0].jpg,0.05568296593248081,0.060677278941024745,0.1760543830471996,0.19956587421617464,0.27149801536652685,0.27838545118005675,0.3678419710946401,0.13762657733101719,2.2294933067021767,0.25624635201248186,0.33448378664046996,0.9023665179603855,0.9923260103833804,0.899880019219543,0.6963402047321164,0.13729006536384433,0.18510472902653388,0.9956880493217176,0.1888117709337492,0.4751651888804316,0.2682536127531163,0.07147240432595961,35,Man,happy,white
/home/peisze/PycharmProjects/causalgaze/xgaze_224/train/samples/subject0099/frame[0]_cam[0].jpg,0.06895581706930586,0.0705044008076743,0.15853851008671482,0.20354815508464938,0.31131596944716666,0.3843610343823633,0.3318832078044527,0.1681795016233698,1.9740960579055016,0.19746310182894483,0.3435008955313029,0.8459510608988015,0.9160379812279831,0.9077929507154311,0.6399786565578099,0.12574108116015498,0.17851816305343576,0.9148635592595753,0.20250044937810463,0.4317745278442118,0.2381751963910929,0.06450798135855978,28,Man,surprise,white
/home/peisze/PycharmProjects/causalgaze/xgaze_224/train/samples/subject0099/frame[14]_cam[0].jpg,0.04447861365657375,0.05093593973469048,0.16887792651425945,0.2132112445894706,0.2131916301711843,0.2305893939995848,0.38211118776425324,0.14784317357652307,2.2126272765026114,0.25890041811946546,0.35311805683071096,0.919273762648334,1.0191805194557284,0.9069133180144787,0.7189950290711663,0.13421777228292922,0.18349558605439167,1.0276591634008228,0.18561025268116077,0.4683873115318857,0.26779850436916164,0.08967117544213202,32,Man,neutral,white
/home/peisze/PycharmProjects/causalgaze/xgaze_224/train/samples/subject0099/frame[11]_cam[0].jpg,0.05028511257124274,0.054301133513123566,0.17493658625376302,0.21209569368176603,0.22833008727890491,0.2523545382497932,0.3862114300921305,0.14167108439946682,2.2536582368372224,0.26238672781879946,0.3424462150657174,0.9116612048757429,1.0082437534420954,0.9038720436472459,0.7122925223323426,0.13054397428710499,0.18258272000688486,1.009842006341112,0.19261754031052936,0.47543133701341656,0.26599968423082815,0.08987099693763832,33,Man,neutral,white
/home/peisze/PycharmProjects/causalgaze/xgaze_224/train/samples/subject0099/frame[7]_cam[0].jpg,0.04755425947900086,0.04997300339258519,0.17205436976097466,0.20067492761095054,0.22229037698384121,0.2421837220372596,0.3623053149429461,0.15211083358120292,2.107033655170903,0.24772025551203572,0.3356543445383101,0.8876367987828702,0.9803133681934825,0.9027455154186356,0.6857331743755577,0.12858067235240664,0.18080410548300344,0.9884547287607615,0.19341553456169264,0.4626533451610354,0.25948756304178805,0.06674682383378955,35,Man,neutral,white
/home/peisze/PycharmProjects/causalgaze/xgaze_224/train/samples/subject0099/frame[5]_cam[0].jpg,0.037231447916636705,0.03931552568244223,0.16901476481690056,0.20374943292476594,0.17139060136994264,0.19056327904227305,0.36635488572571895,0.15749020710023584,2.1052260304863797,0.24982603646740978,0.3407604726487734,0.8789915317367712,0.9825394495298742,0.8939881904802239,0.6918621500457335,0.12307583331860246,0.17382496253303506,0.9901136076885353,0.18257793042631865,0.46290916715241603,0.2636444213920667,0.07618634067330289,34,Man,neutral,white
/home/peisze/PycharmProjects/causalgaze/xgaze_224/train/samples/subject0099/frame[1]_cam[0].jpg,0.04539775429058721,0.04807748919354354,0.16075329510267852,0.19951242519519802,0.2153380138825145,0.24748154708224926,0.3582688702818458,0.15070315482334845,2.1340218154726482,0.225425042101875,0.34381301767456895,0.8638592734602233,0.9440610438754578,0.8957138144994545,0.6714973455433086,0.1246421823789869,0.17387187845830476,0.9527851776689271,0.19983499581006473,0.44691340473040286,0.24859237457326777,0.06724149238622085,28,Man,surprise,white
/home/peisze/PycharmProjects/causalgaze/xgaze_224/train/samples/subject0099/frame[8]_cam[0].jpg,0.03706330569993588,0.04063386976144236,0.16998839240406616,0.20571889885211472,0.17619355041044976,0.1899941755195666,0.361309023051621,0.15764516433338646,2.0822842392015706,0.25330402567954796,0.34367677320926543,0.8957361418185477,0.9966767526408361,0.9023960167069561,0.6970106070039735,0.12746444903789714,0.1751115252461812,1.0032765921022613,0.18667478469157037,0.4663174164878183,0.26269377873942823,0.08240636570074616,33,Man,neutral,white
/home/peisze/PycharmProjects/causalgaze/xgaze_224/train/samples/subject0099/frame[6]_cam[0].jpg,0.08269463201551887,0.08997180994845125,0.1847387741350293,0.2222397167965218,0.36128491410951313,0.3963238358483685,0.3673268695749196,0.15609148550474664,2.124915478881108,0.24475230482821114,0.3436366692603344,0.9073932073608705,0.9891262423788206,0.9226338786975437,0.6906560749798503,0.1303263392173539,0.1925133374990612,0.9933407742089299,0.19441976099332536,0.4744712347051462,0.2641795912749128,0.08023442402932421,35,Man,neutral,white
/home/peisze/PycharmProjects/causalgaze/xgaze_224/train/samples/subject0100/frame[3]_cam[0].jpg,0.047706777815760965,0.045180427100502164,0.18798609479866293,0.18740028491802807,0.2131845955703208,0.22292651254312437,0.3736167944151907,0.1290294722788331,2.3164361233254804,0.28130103030728965,0.3062804796178732,0.9093671395358804,0.9861652268833285,0.9551938640003873,0.687436193233476,0.13231585049741051,0.17297174408660262,0.9606734214552017,0.23662866275469044,0.43720503414086503,0.23240794194212022,0.07731467588798864,27,Man,neutral,latino hispanic
/home/peisze/PycharmProjects/causalgaze/xgaze_224/train/samples/subject0100/frame[2]_cam[0].jpg,0.06402083232520565,0.06401758616229761,0.18802774705546646,0.19262276633558445,0.2955267793981847,0.3005848174275008,0.3760068519583446,0.12231884205309834,2.397935030674297,0.2729122117550347,0.30140003055820375,0.9081071880330861,0.9766311196979868,0.9509531725841099,0.682234667974184,0.13804572548997904,0.19497461887090542,0.9474512502889391,0.24340019088439688,0.43789823899265784,0.23126132300475244,0.0713396783440766,25,Man,neutral,asian
/home/peisze/PycharmProjects/causalgaze/xgaze_224/train/samples/subject0100/frame[11]_cam[0].jpg,0.07252853048010938,0.0720392326007861,0.18268770700292683,0.19688679464385528,0.3260764051615276,0.3498274911553143,0.36302975739320353,0.1293647495887444,2.282960919020812,0.268551779884845,0.30279539402087124,0.9089692620508212,0.9746311682193884,0.9442337499371629,0.6801918027603548,0.1250711446196588,0.19286482913399572,0.9490534395702587,0.229108738338221,0.4353450526640452,0.23211493652722584,0.08522611357763647,26,Man,neutral,latino hispanic
/home/peisze/PycharmProjects/causalgaze/xgaze_224/train/samples/subject0100/frame[7]_cam[0].jpg,0.06432861527310442,0.0662296511072073,0.18563531694275143,0.19321673482755014,0.3057905133473634,0.30637504533330023,0.3671819887627959,0.12766559116266063,2.3246103349516534,0.2662153691808761,0.30581304169111756,0.9061785085591338,0.9773138763029823,0.9550767497760944,0.6812141268749523,0.1328332032076995,0.19089520835598708,0.9531273379749853,0.24176219342067115,0.436994770792634,0.23676178845754475,0.06875304158964622,25,Man,neutral,latino hispanic
/home/peisze/PycharmProjects/causalgaze/xgaze_224/train/samples/subject0100/frame[5]_cam[0].jpg,0.037904884547232405,0.04305369577250909,0.17616441276059958,0.1830538958779172,0.20868780108176438,0.18809292205564357,0.379330067455649,0.13123143755943018,2.315920666315685,0.27836360799401333,0.30541839966168155,0.9081413780823314,0.9790870809099768,0.9422883183883879,0.6819479883489056,0.13135572572486823,0.16680352486421063,0.9497568667253503,0.22872552833946744,0.4319165096750435,0.24172810060344485,0.0828995198714462,26,Man,neutral,latino hispanic
/home/peisze/PycharmProjects/causalgaze/xgaze_224/train/samples/subject0100/frame[10]_cam[0].jpg,0.07741567295734846,0.07590980634267686,0.18039166615501967,0.1956519779876359,0.3459197290638191,0.37896302203032345,0.37038458329785945,0.12835775477953407,2.3106158986174954,0.2633232377449322,0.2988359329011432,0.9010073667839115,0.9649716669420492,0.9431052253529346,0.6733729603671239,0.11891965212121709,0.1976932891715891,0.9380469396868536,0.23414829673058826,0.427257483854525,0.22926668612296866,0.08615800630470437,26,Man,surprise,latino hispanic
/home/peisze/PycharmProjects/causalgaze/xgaze_224/train/samples/subject0100/frame[8]_cam[0].jpg,0.052960148253887215,0.052921457601769195,0.18523406540409976,0.18931629265602212,0.24825435781451732,0.25134376345289644,0.37115026574401144,0.1280398121954945,2.3227084413090884,0.2712639874745532,0.31053650158574314,0.9075415393729821,0.9839004093705922,0.9481572607604274,0.6853747799779482,0.1341914672413186,0.17803259397726498,0.9591521051177486,0.22924931525241485,0.4446258845082386,0.2387546521844868,0.07586143806146975,26,Man,neutral,latino hispanic
/home/peisze/PycharmProjects/causalgaze/xgaze_224/train/samples/subject0100/frame[9]_cam[0].jpg,0.0702325814953169,0.07196782499851384,0.17587063409842535,0.1887716270064999,0.33881157303194315,0.3513071288188835,0.37017341093185213,0.12882701818668577,2.3337573555844817,0.26033101176931683,0.2989406310875018,0.8979967147973403,0.9658529307447213,0.946921354529676,0.6715339909222864,0.12124062610323733,0.19678306621159086,0.9382144483552716,0.2405779836856565,0.4275563101953218,0.23528556068470524,0.08739368929897104,26,Man,neutral,latino hispanic
/home/peisze/PycharmProjects/causalgaze/xgaze_224/train/samples/subject0100/frame[4]_cam[0].jpg,0.06144130123394651,0.06123084607636592,0.17892026877694675,0.18594617873826721,0.2919539504818104,0.3014089106927781,0.3715408332588178,0.12498705855607707,2.354881706467042,0.2722729787502199,0.30283595380830636,0.9138962461822242,0.9824340188142818,0.9465311246845567,0.684051373889977,0.1294832073483427,0.19369425695144796,0.9594282887248874,0.23791615765933716,0.43540459702688195,0.23862039874805663,0.08395762879592038,26,Man,neutral,asian
/home/peisze/PycharmProjects/causalgaze/xgaze_224/train/samples/subject0100/frame[6]_cam[0].jpg,0.054077821167773495,0.053261039710060354,0.18204454497210146,0.18813745907099294,0.25076678810008224,0.2605395257419332,0.3761238236783253,0.12636653303986026,2.352761953876834,0.27752927779386366,0.30710242160293605,0.9134355135075061,0.9862165774355194,0.9393243646224951,0.68331089308804,0.1311569187184675,0.1757707979124557,0.9583585636961408,0.22912532658570148,0.43547041781740187,0.23585087131271365,0.08531532377441203,26,Man,neutral,latino hispanic
/home/peisze/PycharmProjects/causalgaze/xgaze_224/train/samples/subject0101/frame[21]_cam[0].jpg,0.06959374403989403,0.07156266120410466,0.18480885045092768,0.19438043843423056,0.3278899214863021,0.3341194567656289,0.364267080304097,0.12257770828078501,2.4089366973245387,0.2669713427994051,0.3124937311213919,0.8575057396350306,0.9435028716012626,0.9392044899539768,0.6699070363227178,0.14102479922811287,0.19925523083051364,0.9533829446386555,0.19879962209032428,0.4560479027591663,0.24934205652312535,0.07039828499239631,26,Man,fear,asian
/home/peisze/PycharmProjects/causalgaze/xgaze_224/train/samples/subject0101/frame[23]_cam[0].jpg,0.06275736448772204,0.05994226986047368,0.18237428286842308,0.18886631117668135,0.2810537537082881,0.30391126291889503,0.36687787948867806,0.12181071414785624,2.426900486098523,0.2771895353035677,0.31546393079673346,0.8499379769818516,0.945826668210957,0.9491064698031687,0.6785864506423686,0.1405900555203215,0.2009034051981895,0.963167041148807,0.20015499337202813,0.46520528769991365,0.258332328355761,0.08201441491513528,27,Man,angry,asian
/home/peisze/PycharmProjects/causalgaze/xgaze_224/train/samples/subject0101/frame[0]_cam[0].jpg,0.06876492477523662,0.07033862193311084,0.18159040142879407,0.19612631925993756,0.3184447481812565,0.3345620776119605,0.3549372182156238,0.1720418062693825,2.0314905504527005,0.2573844440074277,0.32485181966707266,0.8691871063542876,0.9488079182541354,0.972828348010256,0.6790437566496346,0.1310992859981189,0.20154841630713313,0.9542060029458191,0.19085443998580284,0.45614913392433265,0.24826170666988814,0.07955767784460344,29,Man,surprise,asian
/home/peisze/PycharmProjects/causalgaze/xgaze_224/train/samples/subject0101/frame[20]_cam[0].jpg,0.048962954970732886,0.04528911971832259,0.18283889875863601,0.18962297443262272,0.2108233636724318,0.23563656768971325,0.36722942756675636,0.12394572624630669,2.385178925062419,0.2859208796474092,0.30841462352967525,0.8651418023402585,0.9515855455650113,0.9576884992143808,0.6832532560570485,0.13833315029360435,0.19958349040399145,0.9625376607860189,0.20704991029273975,0.4612779083491194,0.25485780967874255,0.08278544289521594,26,Man,fear,asian
/home/peisze/PycharmProjects/causalgaze/xgaze_224/train/samples/subject0101/frame[22]_cam[0].jpg,0.07210524331521395,0.07098663445019326,0.18719128761411127,0.20445101908684285,0.30898864259805187,0.34103652050449995,0.3580469059493988,0.11594786724708059,2.4406021032317993,0.27397492819251423,0.31627579757006313,0.8542628104897002,0.9428326010158525,0.9305505245329786,0.6700284571633826,0.13966546178056552,0.1990051919560667,0.95997702657141,0.19644681123309932,0.4608165530603762,0.24374158390778025,0.0904793647182112,26,Man,fear,asian
/home/peisze/PycharmProjects/causalgaze/xgaze_224/train/samples/subject0101/frame[15]_cam[0].jpg,0.08682382256683416,0.08344343091094725,0.18858063868672814,0.19723957526171362,0.37570713977418047,0.4071919235634738,0.3772875240658681,0.10855472503255886,2.658480142630989,0.27274677265606406,0.3038450613750645,0.8629880011707258,0.9448078346278903,0.9320452441009556,0.6700276791750978,0.13858450272847314,0.21530179368297483,0.9510793984094413,0.20862376708412356,0.4490227369564716,0.23770320505203504,0.09339548204445512,29,Man,fear,asian
/home/peisze/PycharmProjects/causalgaze/xgaze_224/train/samples/subject0101/frame[5]_cam[0].jpg,0.09537236973629412,0.09304006649584583,0.20263639497781735,0.21703612410320422,0.3821276783405745,0.4181715286531544,0.34594839561904317,0.17471800220024375,1.9920865826700624,0.28147703789228906,0.30595242098066766,0.8665949476898628,0.9590656564209864,0.9609688459651545,0.6712970815423726,0.13654650632189466,0.20881464366760782,0.9605176585375178,0.17800049317262498,0.4653335155083633,0.2379413845036107,0.09303678715279289,30,Man,fear,asian
/home/peisze/PycharmProjects/causalgaze/xgaze_224/train/samples/subject0101/frame[24]_cam[0].jpg,0.06728471615416583,0.06708617416399634,0.17678818483738643,0.19556281069226986,0.3041618851453247,0.33645972314996214,0.36513279820948985,0.09321588692008985,2.8795690608882425,0.2658957553059907,0.30360216594919737,0.8403918516605234,0.9235136381571769,0.9186828432505103,0.6633818902739526,0.14849644613479243,0.20049107407786948,0.9346174533926578,0.20641329559717503,0.4466182521521134,0.23826445448049266,0.08543748305333876,26,Man,fear,latino hispanic
/home/peisze/PycharmProjects/causalgaze/xgaze_224/train/samples/subject0101/frame[1]_cam[0].jpg,0.09041782098475794,0.08895409143580456,0.20017972213906388,0.2102927972991667,0.3753074074571615,0.4000169102275591,0.3629982768756856,0.18853159354075646,1.9603094330731896,0.2879822194786185,0.3117971615781374,0.8927307942024381,0.9828061273610481,0.9859158211173421,0.6913038128182236,0.13233563253005037,0.20340543804865321,0.979687214766993,0.18192031758384455,0.46354025279619826,0.24801692389475516,0.09785119185385277,29,Man,surprise,asian
/home/peisze/PycharmProjects/causalgaze/xgaze_224/train/samples/subject0101/frame[10]_cam[0].jpg,0.07921194689228564,0.08217776028718174,0.1938288542751351,0.20039734476583312,0.364350942245899,0.3624737762820544,0.3852606030307323,0.19459870429742854,1.9880263578558623,0.2815299003346996,0.31173956563560684,0.8886228238849129,0.97312111158283,0.9764302624959903,0.6971979171882956,0.11962807479346893,0.2053936884068496,0.9749347090244579,0.18027639920841357,0.4660011935198288,0.2533142078681969,0.08284792324251597,25,Man,fear,asian
/home/peisze/PycharmProjects/causalgaze/xgaze_224/train/samples/subject0102/frame[3]_cam[0].jpg,0.06216816934047317,0.06159952764511783,0.1860771664112013,0.20090590894390695,0.2711448530058342,0.2936521228793962,0.3602992154400951,0.1498951668582827,2.1197606578357093,0.27327421557858234,0.33089803482441393,0.9196503958838569,1.0016715699520793,0.9450057238669194,0.7134630526835212,0.11892201952753025,0.20079487476837285,0.9829030077774599,0.24289163048281773,0.4821599985955459,0.26851850169563585,0.0762267015772403,28,Man,surprise,middle eastern
/home/peisze/PycharmProjects/causalgaze/xgaze_224/train/samples/subject0102/frame[0]_cam[0].jpg,0.04919903967073248,0.05042804265664958,0.18725921027584988,0.20596059475932316,0.21807040536762057,0.2299953588913459,0.36941028193278985,0.15848695457445044,2.089671061768422,0.28207896316447056,0.32833135409949843,0.9199720210264638,0.9999198926668528,0.9426299329031647,0.7176506111274922,0.12211469019563588,0.1892731824949341,0.9823455333599286,0.2202702786552786,0.48777387825917473,0.26382779175993554,0.08924009125722862,29,Man,sad,white
/home/peisze/PycharmProjects/causalgaze/xgaze_224/train/samples/subject0102/frame[2]_cam[0].jpg,0.025422830388173234,0.02379769547393589,0.18354991851566083,0.19996804425983397,0.10440778887745417,0.11923975016801217,0.36895213674748845,0.15782945153577224,2.0854807567773186,0.281126137622522,0.3277516639789622,0.9209606383408488,1.0047726902839995,0.9683623080601742,0.716742137165262,0.12586591368905953,0.18740561670296985,0.9830133486351829,0.2431935097238079,0.47875830730102115,0.27020321514471735,0.08032392411635512,32,Man,sad,white
/home/peisze/PycharmProjects/causalgaze/xgaze_224/train/samples/subject0102/frame[7]_cam[0].jpg,0.08455570874892662,0.08228053593571485,0.20317694695842478,0.21928785256131672,0.33598592739409644,0.36941794147972845,0.369437998120868,0.14564850941948154,2.1687630922435512,0.27051553633205566,0.3297325277093246,0.9214213158475792,0.9863048975122745,0.9495570645445204,0.7094418893543634,0.1234801086345862,0.20599387220216014,0.9761769076397425,0.24704551821884604,0.4845397602180839,0.2659950850825806,0.062229625823320533,29,Man,surprise,middle eastern
/home/peisze/PycharmProjects/causalgaze/xgaze_224/train/samples/subject0102/frame[5]_cam[0].jpg,0.049648401891883104,0.050246555193569756,0.18025899300346027,0.19816800861006234,0.2235650930888478,0.23947820586567445,0.37330265580831873,0.15432728655506148,2.1308708032520176,0.27841516254528736,0.3305914889799104,0.9238007588801845,1.006856429210739,0.9624551535499882,0.7202648913271733,0.12240770942426578,0.19173114731468976,0.9882415345589621,0.2435188105426666,0.48114856816892926,0.26971590438303017,0.09034481070086096,29,Man,sad,white
/home/peisze/PycharmProjects/causalgaze/xgaze_224/train/samples/subject0102/frame[1]_cam[0].jpg,0.0550653412280915,0.057007632188474246,0.18711720039058377,0.20755873812448858,0.2438691676539515,0.25775377075686684,0.3696475408582887,0.15905332471959532,2.092669072735717,0.27712348842143036,0.32899987652937535,0.928395298287059,1.0068656969210084,0.959733447583196,0.7195458140084171,0.1171576494592254,0.19458847572042876,0.9833940767470891,0.24111866720976288,0.4872815131090976,0.2642299203541327,0.09178513051535049,28,Man,sad,middle eastern
/home/peisze/PycharmProjects/causalgaze/xgaze_224/train/samples/subject0102/frame[8]_cam[0].jpg,0.03863955248002969,0.03926583474883206,0.1772000991329307,0.20192188027948282,0.1726577347677985,0.18972954474186704,0.3750167905716869,0.15695460695552127,2.1201168998208573,0.2742913691149738,0.335235814238284,0.9272654885383366,1.0059653657090075,0.9588713721366755,0.7206758049732677,0.12150029050993874,0.18084873302815418,0.9877465465990697,0.24649282086851276,0.48134090825804937,0.2701824494672949,0.08874900465532548,32,Man,sad,white
/home/peisze/PycharmProjects/causalgaze/xgaze_224/train/samples/subject0102/frame[9]_cam[0].jpg,0.026346632490370992,0.022988565506464276,0.18201061291466764,0.20047338954306332,0.10078093768605116,0.12558847699516654,0.36864304417132154,0.15280568624983137,2.121909738175004,0.2735639181898681,0.3281698024245411,0.9102277642989588,0.9934807400526092,0.9547278677332312,0.7076462496371092,0.12308030369138409,0.1832670840354254,0.9764969735996685,0.2422752267827274,0.4747137871239805,0.2644622754089015,0.07494834391270318,32,Man,sad,white
/home/peisze/PycharmProjects/causalgaze/xgaze_224/train/samples/subject0102/frame[4]_cam[0].jpg,0.08299092194855212,0.08009055731313199,0.20369433209461552,0.22974435903733798,0.31079598442901896,0.35964271549063165,0.37064109396312767,0.15947927378218169,2.0842022372184914,0.27734783308106675,0.3379929044813215,0.9472022127761673,1.0172224553096778,0.9584804095355571,0.7229002261949375,0.12302501299025545,0.21200804137795803,0.9979419250936351,0.2382790414942639,0.5059395028299871,0.25958867967709465,0.09824308864719059,29,Man,surprise,middle eastern
/home/peisze/PycharmProjects/causalgaze/xgaze_224/train/samples/subject0102/frame[6]_cam[0].jpg,0.07171170364821795,0.07227548327195787,0.1916563322849296,0.20952543507148866,0.3068468554488419,0.3302935695639917,0.3707597225334936,0.14570413656969858,2.182252388056689,0.27114701697825744,0.3330763909762352,0.9195663791918898,0.9965533505590451,0.949393778598698,0.7113834603012685,0.11965052229474224,0.20726181413597455,0.9824561234791304,0.2516196180812988,0.4861981565634115,0.27023952919478605,0.06995485995464643,28,Man,surprise,middle eastern
/home/peisze/PycharmProjects/causalgaze/xgaze_224/train/samples/subject0103/frame[3]_cam[0].jpg,0.03486270606509015,0.03599865790403433,0.1975469745941972,0.2116764352270912,0.15210491386880806,0.15456393990202863,0.3711037683779066,0.12845129163188926,2.335138798032598,0.3005991722828676,0.32681682500008397,0.9221622335058447,1.010788747792482,0.97620453546073,0.7170447392055341,0.12583296641879893,0.15136296037602254,1.0122534994298573,0.2567864885386056,0.48410600161797884,0.26654293195648937,0.08588463467259697,32,Man,angry,asian
/home/peisze/PycharmProjects/causalgaze/xgaze_224/train/samples/subject0103/frame[2]_cam[0].jpg,0.0617178714237013,0.06023571917132911,0.19053479965191583,0.19742354453713806,0.26987744896476257,0.2842120977261865,0.3671429963075127,0.12653727992747993,2.3491263105944205,0.3001564318820699,0.320632000447451,0.9207752548003862,1.0137550026231485,0.971646141449858,0.7195807342238842,0.1268637575992146,0.16006271573945804,1.0126903016967899,0.254613824662085,0.4659240187664362,0.2645815962504708,0.09028807544952486,32,Man,happy,asian
/home/peisze/PycharmProjects/causalgaze/xgaze_224/train/samples/subject0103/frame[11]_cam[0].jpg,0.04091266975769644,0.03199243707246678,0.19113092724412933,0.20790616281650323,0.1375980597714634,0.18939950711992326,0.35854448570044667,0.126419084956902,2.298433571209995,0.2975442177667766,0.32427388949571145,0.9142683298072286,1.0085915408845478,0.9624250241991615,0.7096551767901425,0.12452730845934236,0.15097204924065563,1.0100759976329277,0.2455612461598958,0.4643148472253061,0.2602986060713887,0.08321080295627444,33,Man,neutral,asian
/home/peisze/PycharmProjects/causalgaze/xgaze_224/train/samples/subject0103/frame[7]_cam[0].jpg,0.08419076596109101,0.08307038285375072,0.20158910098903896,0.21477462235733008,0.3433750067316999,0.36772817038730143,0.36838481382091276,0.12628832124914882,2.348413186025536,0.3000936672137618,0.3207842597023658,0.9205320081154024,1.0198509992952294,0.9879113956039443,0.7141211477974394,0.12935637006856285,0.1696003260188529,1.0174877361121968,0.2602106810101349,0.47203062893979514,0.255128740319109,0.09504465863058585,32,Man,happy,asian
/home/peisze/PycharmProjects/causalgaze/xgaze_224/train/samples/subject0103/frame[5]_cam[0].jpg,0.0755364655269642,0.07959709512178786,0.19778552221471268,0.20748996343041504,0.34128061327053266,0.33733483640021933,0.3629178717930537,0.1312139389565565,2.3009579209298794,0.28916522055984034,0.31864283476786665,0.9074556550490687,0.9977967459579685,0.9638012178596096,0.7115001929541278,0.12778551428542906,0.16639713559604308,0.9948029246662495,0.24528341895631733,0.46483080412987793,0.255265791055519,0.07549786095483685,32,Man,happy,asian
/home/peisze/PycharmProjects/causalgaze/xgaze_224/train/samples/subject0103/frame[12]_cam[0].jpg,0.03788054756273931,0.03759834586394637,0.19088451029844536,0.20628213223278374,0.1622544646357995,0.1743266487334249,0.35889588702677144,0.12645061879478403,2.312334921828997,0.29656254493497625,0.3223021382372428,0.9054683037152464,0.9951002259021415,0.9600129253186674,0.7092642914446371,0.12072986590868398,0.15093863356821577,1.0011198848148963,0.24260636189198914,0.4695904016621411,0.2683284651376561,0.08572858065001611,33,Man,happy,asian
/home/peisze/PycharmProjects/causalgaze/xgaze_224/train/samples/subject0103/frame[1]_cam[0].jpg,0.08022011361481202,0.07772160286352175,0.20634259421315898,0.22435547885461515,0.3083573088782634,0.34244601506075345,0.3781321171260692,0.12680304864129138,2.379319708978539,0.3002946624836218,0.32952159271666737,0.9368151356101619,1.0375632911639208,0.9848785269471052,0.7312662009000479,0.12716312253680265,0.16658802706366158,1.0324252098848639,0.26567383562299496,0.4806784183446678,0.2510088733342213,0.09780078006550223,31,Man,happy,asian
/home/peisze/PycharmProjects/causalgaze/xgaze_224/train/samples/subject0103/frame[9]_cam[0].jpg,0.07995475959238034,0.0791463077752625,0.20314953597018837,0.2187767123796073,0.32104249998279144,0.34578547735279763,0.3729185169837401,0.13118379287242798,2.3195325537488793,0.3021840328932206,0.32605452327948575,0.933920195827302,1.035831891212154,0.9954760383467353,0.726325408702822,0.12989702303560063,0.16269290489629598,1.0307978013284151,0.26248148326420445,0.47066388292608163,0.2512699229200569,0.09725030647507361,31,Man,happy,asian
/home/peisze/PycharmProjects/causalgaze/xgaze_224/train/samples/subject0103/frame[4]_cam[0].jpg,0.07478014240133678,0.07758885102208118,0.19767198379415613,0.20686474332828653,0.33270730026202733,0.33302880383617417,0.37097889989492805,0.1276495669745843,2.350509413018977,0.29724897548186313,0.31950529484263385,0.9179460599269114,1.0103511113537818,0.9714240311899257,0.7186377795065029,0.13091582128832618,0.165852237391094,1.0110238822190407,0.2510350271596395,0.4655703184462123,0.26037960001777866,0.08732778855959095,32,Man,happy,asian
/home/peisze/PycharmProjects/causalgaze/xgaze_224/train/samples/subject0103/frame[6]_cam[0].jpg,0.07830839538624158,0.0785336721838282,0.19776870476205674,0.2057909975674068,0.33759220021611924,0.34759349861710453,0.35370433875853174,0.12962126952171815,2.284636785366694,0.29710295924779995,0.317638617931649,0.9122142541756123,1.0139357703001737,0.9760140745323157,0.7119413555745626,0.12515539283693938,0.1735723339587071,1.013162238022786,0.24799601289632917,0.46234407646115716,0.2525739831524661,0.0951921014372306,30,Man,happy,asian
/home/peisze/PycharmProjects/causalgaze/xgaze_224/train/samples/subject0104/frame[3]_cam[0].jpg,0.07794657516193064,0.07353630591736943,0.18349947433325364,0.19975669109896718,0.32839525946254544,0.37748034729157753,0.32882161183877967,0.1281954729761747,2.2066134069364964,0.2600019403168385,0.30723405894886663,0.8385514092315393,0.9101896624348552,0.9444477485570969,0.655398911174203,0.1568812772265274,0.20726702258571125,0.922371165163408,0.19679655099638396,0.4378072975279508,0.23520415554103974,0.0858164120417912,26,Man,fear,white
/home/peisze/PycharmProjects/causalgaze/xgaze_224/train/samples/subject0104/frame[0]_cam[0].jpg,0.030115429836580453,0.025515170584118306,0.17700389800633703,0.19555599174316854,0.11519607434922793,0.1495299645051794,0.36063746347813125,0.12259540459675305,2.3935716333280905,0.2620285132615609,0.32023685387932704,0.8504893385288645,0.9257518201587774,0.9319391676003869,0.6847602274273653,0.1609660449626955,0.19612690190619889,0.9383367130892194,0.19134590891180037,0.44151847028219066,0.2474783869098573,0.08287807692538211,29,Man,fear,asian
/home/peisze/PycharmProjects/causalgaze/xgaze_224/train/samples/subject0104/frame[2]_cam[0].jpg,0.062190053549202914,0.05935881099514932,0.1741001091080691,0.19081509106993771,0.27638716392052926,0.31504087382507384,0.3379433223547701,0.12904945830708273,2.2297158636434555,0.2611165527722687,0.31120712642519716,0.8520674734270254,0.9247354239938896,0.940159493673445,0.6699381491047333,0.15465950696356875,0.21046903475568063,0.9334900906954388,0.19421511473856687,0.4365013519626081,0.2422189841840137,0.08851573812825043,27,Man,fear,white
/home/peisze/PycharmProjects/causalgaze/xgaze_224/train/samples/subject0104/frame[7]_cam[0].jpg,0.06434333757375511,0.06254694488192374,0.17760207314745086,0.19659650442279708,0.28369388264824513,0.3205199401523354,0.330617526026087,0.13250791162574213,2.173120004766629,0.2620975047039227,0.3105271347634303,0.847006351996307,0.9188645900007366,0.9399323494604307,0.6651352956623942,0.1532928502375545,0.2121475667810097,0.9292633942644667,0.19766708612022738,0.43725125138551657,0.23768247839330017,0.08671030555719245,27,Man,fear,white
/home/peisze/PycharmProjects/causalgaze/xgaze_224/train/samples/subject0104/frame[5]_cam[0].jpg,0.060686396398142745,0.058536395792297205,0.17209933496079777,0.18350840515477848,0.2826467666751453,0.31082888184248125,0.3332440705148807,0.1369172745102919,2.1480498459596364,0.26214648710005817,0.3080066331517122,0.8466345085643027,0.9217978397261924,0.9468480528147686,0.6701949850576475,0.15503046211837232,0.2127687760347098,0.9312208777249027,0.19670016031570997,0.43745789242188365,0.25220768182166253,0.0881499211275808,26,Man,fear,white
/home/peisze/PycharmProjects/causalgaze/xgaze_224/train/samples/subject0104/frame[1]_cam[0].jpg,0.03849467426319709,0.02678629263709351,0.17414031773877967,0.18978410833530499,0.12494408684058682,0.1947218186493496,0.34306314913206665,0.1234668295144539,2.3042025851338845,0.26176550083280514,0.31291080835893487,0.8367635063062159,0.9090902523587224,0.9186603081722579,0.6713808372035969,0.1619233776734459,0.19507056436044534,0.9221508111836259,0.18166986186992096,0.4464462221019428,0.2474451245808589,0.07588607795636385,27,Man,fear,white
/home/peisze/PycharmProjects/causalgaze/xgaze_224/train/samples/subject0104/frame[8]_cam[0].jpg,0.05380569497061217,0.05311944476404132,0.17601392044675565,0.18731705008133465,0.2513785579143347,0.26947964063704893,0.337932748712527,0.13862376815049887,2.154949354658161,0.26040623659963097,0.31308775311259224,0.8456171883015532,0.9272074156627315,0.9475739601414964,0.6721158165604197,0.1552149244905753,0.2088956346462129,0.9341778151222151,0.19968845078539157,0.43639828521445156,0.2401187087464462,0.08053754465656622,26,Man,fear,white
/home/peisze/PycharmProjects/causalgaze/xgaze_224/train/samples/subject0104/frame[9]_cam[0].jpg,0.028320230724469136,0.033109593636334984,0.18135809974754194,0.19640405696305835,0.14895918301318106,0.1368007158772344,0.34181174075601845,0.13990944664352406,2.1549343642473024,0.2669288517040241,0.31814053845583246,0.8467989211539315,0.9288187945118171,0.940286411089122,0.6793110052996693,0.16055797727212073,0.19763389847764012,0.936833806560173,0.18770586605079242,0.4423867202589548,0.24950855992304993,0.08699779080404316,28,Man,sad,asian
/home/peisze/PycharmProjects/causalgaze/xgaze_224/train/samples/subject0104/frame[4]_cam[0].jpg,0.04986955627183445,0.04614650860141633,0.1763161005242545,0.19061231598308082,0.21506905848788468,0.24908164080529244,0.3399389215215125,0.13527087022722387,2.1940337793282203,0.2599403218074843,0.31865260483209346,0.8497197872770987,0.9387625866882976,0.9395420798181745,0.673703602260568,0.15968474188898907,0.203112096825328,0.9491874978992529,0.19140660650470975,0.4460788720093754,0.24323580763546523,0.07337283554978387,27,Man,fear,white
/home/peisze/PycharmProjects/causalgaze/xgaze_224/train/samples/subject0104/frame[6]_cam[0].jpg,0.04424119099017857,0.049103430707387506,0.1760507343110829,0.19858515287715237,0.2192574869528784,0.22005583148117652,0.34423079613648433,0.14484470878405625,2.1186008663545484,0.26611937514756007,0.32077563172020007,0.8541400840047974,0.9424305718429735,0.9592964146542219,0.6816038952226587,0.15865482970225595,0.202259605202283,0.9485194027683406,0.19608502806663294,0.4499911985670778,0.24413865101041443,0.08923421762214717,27,Man,sad,white
/home/peisze/PycharmProjects/causalgaze/xgaze_224/train/samples/subject0105/frame[3]_cam[0].jpg,0.04677019606561619,0.0497168833370502,0.1772752342672077,0.19311324036934258,0.22903892512505142,0.23181650857310196,0.39919901421184206,0.09741178247827662,2.796248803162856,0.26889088169691494,0.3128977333069056,0.8974393155949295,0.9623636821704116,0.9417135992810081,0.6943621295535682,0.1346889755244664,0.16379506776231742,0.9585205793772843,0.25285575167299934,0.46723522405872864,0.2605125993543758,0.08560286077714069,39,Man,neutral,white
/home/peisze/PycharmProjects/causalgaze/xgaze_224/train/samples/subject0105/frame[0]_cam[0].jpg,0.0502024976019299,0.05806523468498078,0.18302200653006337,0.19158453204523399,0.26694889605501915,0.2395867909474911,0.389469200324107,0.12770102904686978,2.4035997645797917,0.26940904227141843,0.31078163853902535,0.8911633010643688,0.9477202644572466,0.9525852824003952,0.6900977127577143,0.14384398005370738,0.1606296743433801,0.9423089611714123,0.24426463232856926,0.45874011613907234,0.25389544351854715,0.07826357317950214,37,Man,neutral,white
/home/peisze/PycharmProjects/causalgaze/xgaze_224/train/samples/subject0105/frame[2]_cam[0].jpg,0.054061199390020076,0.05698888467023427,0.17817604344449084,0.1891889031418306,0.2661697302638628,0.26557023490996207,0.39960198454651824,0.09481975514169988,2.854889705840467,0.2655929651822466,0.3084960636420136,0.8811099308004412,0.9458628069946033,0.9193450864429938,0.6919226770006743,0.1548524622164529,0.1666710764689373,0.9375059172657878,0.2399447587576612,0.46467100949508355,0.26421314322994727,0.07923971750429067,34,Man,neutral,white
/home/peisze/PycharmProjects/causalgaze/xgaze_224/train/samples/subject0105/frame[7]_cam[0].jpg,0.06840286315692805,0.07394695456781815,0.18334858318406086,0.20211652246639578,0.3230784792749578,0.3273486647043249,0.392060842434154,0.09051309386620203,2.8958894124272336,0.2630839140658743,0.317459279099271,0.9095074002054565,0.9707235065367541,0.9543381841933928,0.7007819399945545,0.15130823098070315,0.1869737061593297,0.955706043885857,0.27344173233283486,0.4720231310503267,0.26302412288178467,0.08591670458050543,34,Man,neutral,white
/home/peisze/PycharmProjects/causalgaze/xgaze_224/train/samples/subject0105/frame[5]_cam[0].jpg,0.04335257517851699,0.04497625336012041,0.17745136578181483,0.18307537960049552,0.2166446871793289,0.2142626389780469,0.3992966169304275,0.10176703921821563,2.723456031538717,0.27077421552542646,0.3007832068656947,0.874883873360877,0.9342046447641823,0.9351942799678957,0.6816497604258658,0.13991292012116277,0.16217343108902088,0.9292409162822098,0.24274155132918443,0.45786373050457607,0.2550673918498804,0.0791872696464341,39,Man,neutral,white
/home/peisze/PycharmProjects/causalgaze/xgaze_224/train/samples/subject0105/frame[1]_cam[0].jpg,0.0721062349340765,0.07115770141175222,0.18476043451134685,0.20043680321904334,0.31400008176921607,0.34189175170729824,0.3847506142896241,0.09347296515529681,2.802011595935076,0.26354670236592065,0.3094559206597777,0.902689855481077,0.9558282844781647,0.9447087115922249,0.6913363299019819,0.15546619434560457,0.18255036428279742,0.9376923653703795,0.25608957985820585,0.4740377817820631,0.25738476795202553,0.09019572896520422,33,Man,neutral,middle eastern
/home/peisze/PycharmProjects/causalgaze/xgaze_224/train/samples/subject0105/frame[8]_cam[0].jpg,0.05707044718081637,0.05500677082539709,0.18005901528673945,0.18993545130622091,0.2553298091018806,0.27669185643046745,0.4096095055592204,0.09903795898091035,2.8072566011410567,0.267289532651879,0.3075236130013144,0.8865668492306201,0.9493956673702699,0.9296641475448713,0.6916504875682273,0.14748691201366296,0.16597682130522604,0.9404794904577433,0.24876214809969385,0.46762389931540804,0.2632982865230042,0.08657624974123533,35,Man,neutral,white
/home/peisze/PycharmProjects/causalgaze/xgaze_224/train/samples/subject0105/frame[9]_cam[0].jpg,0.058404842326589754,0.0670219751824145,0.18517201818514883,0.20237783427199887,0.29268416269903186,0.2768681288924721,0.3952448193064094,0.09357048039500072,2.8428309101686784,0.26397916067948957,0.3140231500724687,0.8882217678659204,0.9516745136848528,0.9254559066819738,0.6932653853220428,0.15041248723978792,0.17604434481821768,0.9439627319544173,0.24979198312231615,0.4666993146371375,0.2546470007516641,0.07415502986704632,34,Man,neutral,white
/home/peisze/PycharmProjects/causalgaze/xgaze_224/train/samples/subject0105/frame[4]_cam[0].jpg,0.07403015195248963,0.07450111500690836,0.19326222512586883,0.21458268003320274,0.3082253781402698,0.33704578236716976,0.3812285024764716,0.09642551366206666,2.7423519755263275,0.2672987320264652,0.318669883435333,0.899306349648809,0.9550213408170836,0.9530451090365354,0.6913213104151824,0.15989058880342794,0.19199051719317667,0.9395885044992183,0.26233889384088926,0.48070013590622745,0.24941839281345307,0.0916489625842669,28,Man,happy,white
/home/peisze/PycharmProjects/causalgaze/xgaze_224/train/samples/subject0105/frame[6]_cam[0].jpg,0.06447947309731313,0.06506155552194136,0.18156747564694445,0.19351102213371751,0.2965239461534631,0.31045090228711775,0.3994974580574287,0.09629944150677576,2.802444710375686,0.2668101107477181,0.30728470543118025,0.8961278596429868,0.9433409670606577,0.9237100616119597,0.6905828329004695,0.14660823714564614,0.17094886310813068,0.9302623977785096,0.2403015752965343,0.4753499478942718,0.26870352544311926,0.08715950270105444,33,Man,neutral,white
/home/peisze/PycharmProjects/causalgaze/xgaze_224/train/samples/subject0106/frame[3]_cam[0].jpg,0.054841974081205246,0.06115528331982107,0.1742950504742325,0.19264143327859062,0.2824663524305431,0.27662530666295526,0.3528573134592212,0.11404022867119215,2.461708276006841,0.2547162454697367,0.32605639573004636,0.9118928384329276,0.9990260549762274,0.916137728788412,0.704388413927545,0.13690325863522065,0.20410613941752395,0.9796145885597054,0.20665276754314432,0.43276232019075855,0.2439424637501989,0.07647173581445833,29,Woman,sad,white
/home/peisze/PycharmProjects/causalgaze/xgaze_224/train/samples/subject0106/frame[16]_cam[0].jpg,0.047951530036076315,0.052171729846093244,0.1718393770844875,0.19014602932009467,0.24264423192910642,0.24379857170092145,0.36087254975654726,0.112254263012652,2.520617376225712,0.2597937599866252,0.32733991773067994,0.9166969726130517,1.0063700617092566,0.9254897968474152,0.718914792780886,0.14278251637422787,0.20040688723401262,0.9911525602579002,0.20797743269013835,0.436050430259452,0.2485540976181439,0.08702789455479626,30,Woman,sad,white
/home/peisze/PycharmProjects/causalgaze/xgaze_224/train/samples/subject0106/frame[15]_cam[0].jpg,0.0656600603778258,0.06902852350343733,0.17922719595268322,0.1955674959356868,0.31425232758469834,0.3227919266542238,0.3502143208665139,0.10856310338716818,2.515133472843041,0.2538992920990171,0.32370744621545283,0.9072546133832582,0.99343663593188,0.910226387016899,0.6985784097551152,0.13855643623227623,0.21736724473821917,0.9773913123630779,0.20286129745638956,0.4285606760968947,0.23725778479731002,0.07881956675825492,27,Man,sad,white
/home/peisze/PycharmProjects/causalgaze/xgaze_224/train/samples/subject0106/frame[7]_cam[0].jpg,0.0787850652393888,0.08129922673928891,0.1785876294896388,0.19664199739200042,0.3717459637970043,0.39252254410815074,0.34864411953210556,0.11424182296143486,2.4421302349392198,0.2448014871201943,0.32057334598962134,0.9011516385157108,0.9786604674556215,0.9128253941119995,0.6828934091009597,0.13032840847900115,0.22432159987764877,0.9601087733292625,0.21168831895479928,0.42344956147677065,0.2429615912318188,0.06571241521030102,27,Man,sad,white
/home/peisze/PycharmProjects/causalgaze/xgaze_224/train/samples/subject0106/frame[24]_cam[0].jpg,0.06779421633178688,0.07405854544205236,0.18463299235697614,0.19733243027268776,0.33524009117806447,0.3245264724248552,0.34647562953670663,0.10747369325936286,2.517451759892653,0.2611821264257743,0.3229363127532725,0.928609437251079,1.0169338920733297,0.9167014688938916,0.7057975219236386,0.13691769596924044,0.22092107055915536,0.9912507185081367,0.21012806026989414,0.43524228424277056,0.23550674917192788,0.06977146404052789,27,Man,sad,white
/home/peisze/PycharmProjects/causalgaze/xgaze_224/train/samples/subject0106/frame[19]_cam[0].jpg,0.054787566274271955,0.05933553963855223,0.18144128770103046,0.19428505084532074,0.2709341662796706,0.2648762448086982,0.35452873584633826,0.10915693874581991,2.537213380017337,0.26775365758573777,0.3228847404589552,0.9174212304835574,1.0059530166307882,0.9149276951380214,0.7134934666625087,0.14283444340316906,0.20367205519409437,0.9920730673854241,0.20029361679530833,0.4364276033674082,0.2407568675402007,0.08168882813271165,29,Woman,sad,white
/home/peisze/PycharmProjects/causalgaze/xgaze_224/train/samples/subject0106/frame[10]_cam[0].jpg,0.0845276419125307,0.08494843091082606,0.1851386187857487,0.2083686892895715,0.3627051831114081,0.40313732842369243,0.3550246165787298,0.10970881594442265,2.5059236846904893,0.25471713049759787,0.32083889251767944,0.9141840920363147,0.9982739220721546,0.9148539534168293,0.6928451910226998,0.1279996238288923,0.23382825555236747,0.9760320124382502,0.20969001813315163,0.42804955577142667,0.22608051977592655,0.09166489865395498,28,Man,neutral,white
/home/peisze/PycharmProjects/causalgaze/xgaze_224/train/samples/subject0106/frame[8]_cam[0].jpg,0.04370805321071328,0.052094649825775635,0.17545435306314142,0.1945019693019461,0.23840936274630256,0.21902678692650995,0.3599377378726046,0.11091446358701715,2.538293357516922,0.2581315369605208,0.3290371987930001,0.9151535674549172,1.0036534593885036,0.920686382160449,0.7141723923410771,0.14408274772296584,0.19533075326584307,0.9918997181747155,0.20247969245485567,0.4349977865555422,0.2416496343534633,0.07620336625120554,30,Woman,sad,white
/home/peisze/PycharmProjects/causalgaze/xgaze_224/train/samples/subject0106/frame[9]_cam[0].jpg,0.07944467666100981,0.07798203833941514,0.17265979241601415,0.1921352849424448,0.3620496880453998,0.40703983321417175,0.34760354419421313,0.10588135245045355,2.5292057433600066,0.24598525725220777,0.316747139606416,0.8993759865546141,0.9754827660490638,0.9101755896034701,0.6815845351744768,0.13085599353158345,0.231959808762184,0.9544905762227903,0.2179722238019571,0.4138265420003714,0.23805198946290795,0.08273132947697254,30,Man,neutral,white
/home/peisze/PycharmProjects/causalgaze/xgaze_224/train/samples/subject0106/frame[4]_cam[0].jpg,0.04407402708809771,0.044631925247583665,0.17636777660160116,0.1895033189367185,0.2086685076402098,0.21858535478761965,0.3622327919340808,0.11078322842783885,2.534745753472255,0.2632124977328273,0.32423552813599316,0.9184694406964495,1.006982029797475,0.934202966588623,0.7144331418100301,0.1417515347875566,0.19922841586258744,0.9895779733544118,0.21853056732360943,0.43600982553102485,0.24255190443901284,0.082012345835887,30,Woman,sad,white
/home/peisze/PycharmProjects/causalgaze/xgaze_224/train/samples/subject0107/frame[0]_cam[0].jpg,0.07124860659689466,0.076816773542686,0.18894809516962582,0.1991628782171549,0.34018540701663186,0.32946187062865306,0.3994239126016929,0.18827474494457844,2.012921952005556,0.2750205315928261,0.31152535749790006,0.9319300389528553,0.9808983596672829,0.9618719013745054,0.6970122190801957,0.12099036976373519,0.18394431208426817,0.9538224812523397,0.24776493466343108,0.4684662955781906,0.25363612596407825,0.08945547749155675,28,Man,neutral,latino hispanic
/home/peisze/PycharmProjects/causalgaze/xgaze_224/train/samples/subject0107/frame[11]_cam[0].jpg,0.08240694542953866,0.09064558459923078,0.19223199155474854,0.21396492518036922,0.37748485549308336,0.37876564139119223,0.3911972281120997,0.16388519296074558,2.1129506023468294,0.26529465844049077,0.31336586854489523,0.9183325687963363,0.9643431066896998,0.933650451654714,0.6842669421472477,0.11766282791586503,0.1729534339881959,0.938295491911553,0.22289278922759678,0.4712329527949733,0.2519825747699286,0.09038300448361698,30,Man,neutral,latino hispanic
/home/peisze/PycharmProjects/causalgaze/xgaze_224/train/samples/subject0107/frame[7]_cam[0].jpg,0.057994363231806186,0.06499339866573023,0.1877219295337498,0.20453878781546403,0.2815864880363048,0.2701872408667352,0.40026145786754613,0.1702673889438426,2.0936001446130277,0.27053276472019994,0.3189413113694182,0.8814066636488807,0.951814541080445,0.9272194481901055,0.6787739127864904,0.12062084983175714,0.17308340856794865,0.9437949662634119,0.21375379620969065,0.4739333798197445,0.24700798079883465,0.08982982384760213,25,Man,sad,middle eastern
/home/peisze/PycharmProjects/causalgaze/xgaze_224/train/samples/subject0107/frame[5]_cam[0].jpg,0.056881521393725265,0.06319671908534809,0.17827205356595663,0.19969158955457658,0.2810333010484794,0.280267720896683,0.390462625421363,0.15859812207184737,2.1467823730789894,0.2516714739178338,0.3222937604857047,0.8756087177774637,0.9273476836730978,0.9174298390896198,0.6736006431273057,0.12844700633329947,0.18392920087708314,0.9181361099222254,0.216657308771781,0.4552407114349419,0.24706671823716442,0.0692815201091189,25,Man,sad,middle eastern
/home/peisze/PycharmProjects/causalgaze/xgaze_224/train/samples/subject0107/frame[12]_cam[0].jpg,0.04098531696355512,0.044182235432080004,0.18156087701950638,0.1940129064562529,0.20129164379513526,0.196200630301783,0.40499731858402993,0.16222460251292375,2.153308448720514,0.27324301910087917,0.3247796842679184,0.8901452570390519,0.9593116934428033,0.9411239465893373,0.6929318723965716,0.1296777570390738,0.16515634188757425,0.9523469421305263,0.22263514228236533,0.4658993935087832,0.2559497027737495,0.08012170435022752,27,Man,sad,middle eastern
/home/peisze/PycharmProjects/causalgaze/xgaze_224/train/samples/subject0107/frame[10]_cam[0].jpg,0.05383930033151411,0.059007693643329896,0.18820855919208526,0.20445485110903286,0.25541358451909996,0.24896617693872528,0.4035770096889272,0.16638471040490865,2.1257380803433183,0.2757551105382532,0.3229169977764755,0.9044923582127332,0.9714604532993649,0.9339708788477695,0.6931010433854062,0.12832171516346527,0.172330330645896,0.9560384744205669,0.21853098650878827,0.47601527902990187,0.2517891240249617,0.08983818811378431,26,Man,sad,middle eastern
/home/peisze/PycharmProjects/causalgaze/xgaze_224/train/samples/subject0107/frame[8]_cam[0].jpg,0.06660388705520681,0.07412095370021499,0.18892845103806571,0.20491322053840505,0.32198321280831554,0.3109153258660326,0.39467827411876943,0.15937590560843945,2.146218097330367,0.2671389460055212,0.31607702867461407,0.8988809183479403,0.9483584905421729,0.9168709246815308,0.681598265871636,0.13125789731261886,0.1866672101031851,0.9314521861103507,0.22152212638183238,0.4707112385299719,0.25672695409131024,0.06842142557786131,26,Man,sad,latino hispanic
/home/peisze/PycharmProjects/causalgaze/xgaze_224/train/samples/subject0107/frame[9]_cam[0].jpg,0.05962890058868383,0.06538501714302133,0.18986574470412976,0.2116533042338258,0.27573301336951944,0.27606891439048653,0.40083790050391915,0.16148719251551732,2.1517705571652987,0.27006987753906586,0.31999129960569667,0.9031727204487665,0.9643864403837209,0.9229581440807667,0.6845359083082674,0.12316637599277072,0.17541593465779595,0.9476889510432734,0.22443256619466104,0.47131088665601006,0.24461033080451802,0.08720459154766813,25,Man,sad,middle eastern
/home/peisze/PycharmProjects/causalgaze/xgaze_224/train/samples/subject0107/frame[4]_cam[0].jpg,0.07416608852521843,0.080621374865777,0.19075194496392633,0.20639956270185086,0.3464094877849238,0.3415399553627063,0.39516077122216947,0.1658282802659186,2.106646349456699,0.2698475799751865,0.3143602456652712,0.9124971536232618,0.9607637776935061,0.9134071984020404,0.6854678155125451,0.12166786568090726,0.18725732617678267,0.9399641277172474,0.21176305521402003,0.4788846216921427,0.25783432334962997,0.08922032192601441,26,Man,neutral,latino hispanic
/home/peisze/PycharmProjects/causalgaze/xgaze_224/train/samples/subject0107/frame[6]_cam[0].jpg,0.04093586206454426,0.047773699841506444,0.18662152640369048,0.20853112100838553,0.2035406363252145,0.19040942672617692,0.4011925853217238,0.1728709273455755,2.0899110193352226,0.26945386884319306,0.33009597062035684,0.8976172232021267,0.9622041559108824,0.9280460464269258,0.695616673892447,0.12760060044920657,0.16910776615065826,0.9518752324870233,0.20160675467183375,0.4785315368645962,0.2521940577219227,0.08914059975966,26,Man,sad,middle eastern
/home/peisze/PycharmProjects/causalgaze/xgaze_224/train/samples/subject0108/frame[13]_cam[0].jpg,0.07227054594753148,0.07384229593002403,0.16975771911888057,0.1794769612375173,0.3663397930614979,0.3767870948005474,0.36369080517356245,0.05656484624808109,3.6680300632059124,0.2569025154351421,0.28053328348868334,0.8990634286249659,0.9359067331211968,0.9172502785800124,0.6682116807987509,0.1516538762489602,0.1305362976272395,0.8950838164607009,0.26238846261302196,0.42858905400357616,0.25138993526151737,0.08512189619368955,41,Man,happy,white
/home/peisze/PycharmProjects/causalgaze/xgaze_224/train/samples/subject0108/frame[0]_cam[0].jpg,0.0689549606393838,0.06909690712810523,0.1525667013108484,0.18149191965903047,0.3408432174944315,0.39839944716955633,0.3396172456129861,0.09284216484913942,2.7030107992135823,0.22434430171369985,0.3173889539989856,0.9140434043022714,0.9411327259315423,0.9402659809491896,0.6621073666752946,0.15754970359026435,0.14148918225271578,0.9114146719947488,0.2894382218518583,0.40929821928536086,0.23889714513174543,0.06000794651664626,35,Man,fear,white
/home/peisze/PycharmProjects/causalgaze/xgaze_224/train/samples/subject0108/frame[14]_cam[0].jpg,0.07897350685937489,0.08122717058636299,0.18187418456723023,0.19619702996858102,0.3707040850746072,0.386982881265847,0.3616023168579249,0.05895085952972852,3.580525194695445,0.2586942649545073,0.283311124960279,0.8793134929649198,0.9148738899010814,0.9059166703092375,0.6614933976602996,0.15260495627742743,0.1271103327338793,0.8866045151335331,0.260678113295507,0.430090305822304,0.24544845556023495,0.08168169927859871,40,Man,surprise,white
/home/peisze/PycharmProjects/causalgaze/xgaze_224/train/samples/subject0108/frame[11]_cam[0].jpg,0.013743840801749244,0.016597651791361488,0.18238044480179588,0.19530211413416837,0.07676245955673268,0.06652705807971762,0.38545447114124104,0.06581811311686271,3.5388636618683975,0.2721087759414018,0.3078815959804229,0.9186024383045097,0.9763429536722493,0.9154032123303081,0.7033446647500344,0.16045088721392298,0.15894133212561415,0.9469942620501987,0.26478951667177836,0.42319820766272076,0.24196896504136223,0.07647429194781077,35,Man,sad,white
/home/peisze/PycharmProjects/causalgaze/xgaze_224/train/samples/subject0108/frame[15]_cam[0].jpg,0.060485830374182196,0.05573733503421893,0.17016629300809988,0.17369867412216272,0.28679103231031594,0.3144086168507823,0.3664447383205611,0.061152540408797494,3.632120418446582,0.2611953948361037,0.29195232848658675,0.9053921355544045,0.9607455318624157,0.9160180586049735,0.6783915364720149,0.16389771446939813,0.1528299626481139,0.9230449762975254,0.27087074646972364,0.42688400650599,0.24769133688321346,0.06705307292198909,37,Man,sad,white
/home/peisze/PycharmProjects/causalgaze/xgaze_224/train/samples/subject0108/frame[7]_cam[0].jpg,0.06304182827324821,0.061298178771916484,0.16686949540541457,0.1794508637706629,0.3042439099928827,0.33356755745837136,0.3733863058752712,0.05997468511233889,3.710412661445353,0.251959436642768,0.29755862217174217,0.9078942485234587,0.9532505133611284,0.9033073581426179,0.683420577430041,0.1626205544586922,0.166358308612223,0.9183159098622568,0.26357743419704066,0.4252421972241467,0.24795107622394894,0.07109531129936683,35,Man,sad,white
/home/peisze/PycharmProjects/causalgaze/xgaze_224/train/samples/subject0108/frame[12]_cam[0].jpg,0.05327723262853083,0.05744393582450853,0.16095867703806738,0.1760551809138605,0.28882351483992275,0.28959682119345953,0.3574693167349214,0.056145729296043154,3.675676940436002,0.25845904163307454,0.2915587252920444,0.8953855953483197,0.9490382328164415,0.9072036740584523,0.6710387918786894,0.1564982083882869,0.14341814284030027,0.9159195673331039,0.2737606510836405,0.42557658860055636,0.2381599552402202,0.08240340347062419,39,Man,sad,white
/home/peisze/PycharmProjects/causalgaze/xgaze_224/train/samples/subject0108/frame[10]_cam[0].jpg,0.0709950916611841,0.0722983501373092,0.1740834512779579,0.18651839225967382,0.3448582291434667,0.3602926289478246,0.36900191339574173,0.06333880085901548,3.511382671663967,0.2604932269993092,0.28765466888210983,0.8903526172864493,0.9402521392133114,0.8990412076813711,0.6723524147384082,0.15771954324587548,0.14109321060715632,0.9028474806298339,0.2590953573430742,0.42503588774388,0.24047796376130276,0.0849771409880648,40,Man,fear,white
/home/peisze/PycharmProjects/causalgaze/xgaze_224/train/samples/subject0108/frame[8]_cam[0].jpg,0.08528333901890879,0.08769492465587786,0.18052238451892214,0.19595129297817857,0.4008728773514041,0.42045517094590423,0.3668367518331061,0.054789764567202276,3.8314803936139867,0.25526145571874514,0.28438717440803596,0.8827149596050146,0.9255666694785026,0.9150700699292985,0.6596333276416855,0.15544284318392934,0.13141976765527408,0.8942936861668066,0.2619382487722513,0.42327628709078813,0.23784319479367316,0.07822936434605464,39,Man,surprise,white
/home/peisze/PycharmProjects/causalgaze/xgaze_224/train/samples/subject0108/frame[9]_cam[0].jpg,0.07158913362043251,0.07141224779641542,0.1684911732416867,0.1787525169007798,0.3555521496572483,0.3747946354899281,0.3654995776202039,0.06009323547344249,3.5984272890703286,0.2561373043249219,0.2856152244303819,0.9109682753163917,0.9424779956445039,0.9272017329673661,0.6758141021994083,0.15777060057497386,0.14449849930062028,0.9019315950544196,0.2707826387749549,0.43006839123022556,0.2528622864560254,0.08059926426360066,28,Man,happy,white
/home/peisze/PycharmProjects/causalgaze/xgaze_224/train/samples/subject0109/frame[0]_cam[0].jpg,0.06382193326093485,0.06677038316223195,0.15878080457378735,0.19238717034392647,0.3102178475134501,0.3544996994331347,0.34690250635794057,0.13412964654932294,2.2163699443038447,0.22068401318030517,0.32990668789739575,0.8799793431667107,0.9485294692573468,0.9384840582102415,0.6534137173757659,0.14069520014577008,0.20103480027861567,0.9430772523811783,0.22493601163568192,0.41540361568935397,0.23417634996238784,0.07280029287785635,27,Man,sad,white
/home/peisze/PycharmProjects/causalgaze/xgaze_224/train/samples/subject0109/frame[2]_cam[0].jpg,0.07852177867494096,0.0832075739132082,0.1793337650465605,0.19762825307763332,0.37616029612915086,0.387042955074877,0.35458281626703997,0.1314610214189861,2.260837271158288,0.2506533224698865,0.31637738030662743,0.8922307421673693,0.9793312219557543,0.9407868300511526,0.6688505382777277,0.1369135991491968,0.2116653685644656,0.9785898151400825,0.22306963467354562,0.4315425645182492,0.23773991420844323,0.069551120495983,31,Man,neutral,white
/home/peisze/PycharmProjects/causalgaze/xgaze_224/train/samples/subject0109/frame[7]_cam[0].jpg,0.08616449347141907,0.08402385257399003,0.18267693115524453,0.20298899122907413,0.36788986883510805,0.41575865295461956,0.3581739879529455,0.13047765218534302,2.2644718497502763,0.2556590155216854,0.32313371886107284,0.9087986823674123,1.0013983202828902,0.9391786622173471,0.6768445068039342,0.12800193929621004,0.22005976098386051,0.9888261525978569,0.22190295463652923,0.4379087714623577,0.23929875432058126,0.09027472829726567,31,Man,neutral,white
/home/peisze/PycharmProjects/causalgaze/xgaze_224/train/samples/subject0109/frame[5]_cam[0].jpg,0.049404169226391355,0.05204027063120526,0.1752376837315687,0.19031863819577766,0.24305177187564211,0.24739615265816964,0.3568780559567759,0.12799431235753328,2.2921141447958817,0.2580299496343147,0.32471399138546475,0.8714530028053993,0.9743823457392817,0.9282707780826235,0.6784476052562054,0.14292900128849254,0.1977056351821086,0.9793804744773811,0.2130661320771253,0.4412510555209836,0.23806188008440032,0.07536433464783343,29,Man,happy,white
/home/peisze/PycharmProjects/causalgaze/xgaze_224/train/samples/subject0109/frame[1]_cam[0].jpg,0.08407713429117669,0.08573762080436995,0.18090802523164215,0.20147677680037443,0.3807336867840453,0.4110167354764358,0.3576486928873446,0.12428021862538297,2.3256793151534416,0.25225869108970195,0.32339769779852134,0.9167735747123367,1.0090066485774563,0.9482614919195665,0.6816518885947987,0.13728409368165187,0.21843141360846458,1.0009511271347762,0.2269887587767408,0.43633739429230245,0.24142069219052073,0.07306437763565489,31,Man,neutral,white
/home/peisze/PycharmProjects/causalgaze/xgaze_224/train/samples/subject0109/frame[10]_cam[0].jpg,0.056304311108599875,0.05483518044799219,0.17112296969934726,0.19159521978034927,0.25440245781277243,0.2886379757661885,0.3549090509806332,0.13054788606588524,2.26277341346622,0.2580052328701753,0.32613844232324807,0.8990447437581424,0.9948023963656073,0.9277426667368319,0.6860619073894073,0.13794439455130655,0.19938017639041172,0.9875616513583232,0.21492886795241384,0.4286551965254886,0.24202750955992786,0.08575268197146224,27,Man,happy,white
/home/peisze/PycharmProjects/causalgaze/xgaze_224/train/samples/subject0109/frame[8]_cam[0].jpg,0.08499218999754346,0.08301700664398974,0.18077878976957443,0.2004407023587201,0.3684677156204389,0.4142529058470134,0.3539152375491753,0.1319270691461674,2.2396010832067166,0.25444619218509074,0.3235664969079424,0.9195335913920983,1.0066543105764734,0.9477284622033405,0.6796236187619729,0.1322866595843307,0.21969105260222188,0.9923372016555698,0.2281231863719774,0.43634896364766745,0.24366575769411605,0.08710956605308377,32,Man,neutral,white
/home/peisze/PycharmProjects/causalgaze/xgaze_224/train/samples/subject0109/frame[9]_cam[0].jpg,0.0768744512541807,0.08357349892973086,0.17805709270422967,0.19777134735738658,0.37866931619780747,0.3824484745284464,0.3550449046543151,0.13016083391401556,2.2702483312646216,0.24674599288427948,0.31606425100905855,0.8913503852697853,0.9793348629125538,0.9437777983400397,0.6666035139319635,0.14069479060497336,0.20752573007074207,0.9765761007594094,0.22651816601495947,0.43222579824323987,0.23934626818615656,0.060832319509398866,31,Man,neutral,white
/home/peisze/PycharmProjects/causalgaze/xgaze_224/train/samples/subject0109/frame[4]_cam[0].jpg,0.04605325749393959,0.05075188299631449,0.16812570442341931,0.1966266904189426,0.22927720791917724,0.23894315158835785,0.3539476105459382,0.13012021111738012,2.257298765255451,0.258370448605897,0.32928440480711657,0.9005099397474929,0.9950449063360991,0.9256978054349277,0.6832159329933694,0.140637238389359,0.19086951428283502,0.9926630716971562,0.20987599607454657,0.4303096621654811,0.23795306892551843,0.08483799211875533,29,Man,happy,white
/home/peisze/PycharmProjects/causalgaze/xgaze_224/train/samples/subject0109/frame[6]_cam[0].jpg,0.07830922314742428,0.08239667747006374,0.17511725783507998,0.1972425883513001,0.3730183594265111,0.3949369328274326,0.3570170239962632,0.13039029473751684,2.2709787887603903,0.2503845508161467,0.3212309051258393,0.9015780845011718,0.9903982857716752,0.9429608921202609,0.6734828081545504,0.13124742012504725,0.21015292645125191,0.9837671631855879,0.22553774667762103,0.43301120792465914,0.24156869178912801,0.07275817638768356,31,Man,neutral,white
/home/peisze/PycharmProjects/causalgaze/xgaze_224/train/samples/subject0111/frame[3]_cam[0].jpg,0.06774832408326532,0.06520604952556654,0.17865087367933546,0.17333535897372157,0.33404696366573144,0.3341591709099363,0.34659332050630165,0.12411230830601383,2.3093861638048825,0.28494873611500926,0.2860414982068711,0.9312407794742973,1.0012560328207936,0.9658849894540317,0.7002556355036145,0.11350740969842747,0.168502819251838,0.9738258435373924,0.2595548745371925,0.45558646186313834,0.2685740751793415,0.0747656419550304,30,Man,happy,asian
/home/peisze/PycharmProjects/causalgaze/xgaze_224/train/samples/subject0111/frame[0]_cam[0].jpg,0.04936912903777226,0.047184369353769996,0.17146848542790905,0.16905365656709312,0.24634840811304798,0.2521176126954737,0.3586999840593426,0.12196609787027123,2.3596671154600646,0.2886107544114024,0.2913202472140211,0.9394083485955845,1.0024552669424156,0.9586076246367562,0.7093848723547691,0.11264731154731988,0.17450616358763496,0.9755703455409529,0.2649417065818585,0.45901405789306304,0.27417983054773587,0.0808618941053757,29,Man,sad,asian
/home/peisze/PycharmProjects/causalgaze/xgaze_224/train/samples/subject0111/frame[2]_cam[0].jpg,0.06321385863923243,0.05770968222358766,0.17081582122121947,0.17061052978882937,0.2993723756779797,0.32455207887315884,0.35116633239136036,0.1258292212867139,2.3060116764451952,0.28562328406844395,0.2920925711336143,0.9477239085666765,1.0097117708075583,0.9850617878517594,0.7055480023349384,0.11198183517414691,0.17171332151167257,0.9767914271549532,0.27845956921659876,0.4569816069029075,0.27855493793380637,0.08243175480641701,30,Man,angry,asian
/home/peisze/PycharmProjects/causalgaze/xgaze_224/train/samples/subject0111/frame[11]_cam[0].jpg,0.04635671126292857,0.039701393746649744,0.1693883328585994,0.17382737576975082,0.20294268068873475,0.23925488424675628,0.34979049626278574,0.12320620381192371,2.3073671800772706,0.2871610212398023,0.2955044501332424,0.9396474301802511,0.9957226296326114,0.9451397276241763,0.7096804142457109,0.11031522534074252,0.17454556768500168,0.9689793650014797,0.2520721302799844,0.4566537500651845,0.2745559440467555,0.08307181790435071,28,Man,fear,asian
/home/peisze/PycharmProjects/causalgaze/xgaze_224/train/samples/subject0111/frame[5]_cam[0].jpg,0.05765690611572536,0.05122876066068061,0.17058258930555126,0.16616959744937393,0.2723825977599326,0.2956426560542497,0.35750043275441973,0.1234636278816759,2.340630793872914,0.289552268159072,0.28530257230391115,0.9453257570028449,1.0020983206411411,0.9761359406011031,0.709289027687802,0.1094109039997452,0.17464721156153737,0.9714414184282997,0.2770334542698148,0.46167586928264276,0.27922683992712694,0.08242211863538967,30,Man,fear,asian
/home/peisze/PycharmProjects/causalgaze/xgaze_224/train/samples/subject0111/frame[1]_cam[0].jpg,0.062224071852048,0.06346490350727539,0.16752932482095426,0.16901547820245838,0.33346136034003615,0.3268536165520859,0.34560946829727013,0.12623833451591,2.282641840816451,0.2763234623049415,0.2877607028103882,0.9175845721699167,0.9911634028545823,0.9611976283471811,0.6919589616074178,0.10838772966928173,0.1724104260512005,0.9645590089469104,0.25345610355104,0.4514305189485305,0.27066681313347846,0.07221992906574431,29,Man,fear,asian
/home/peisze/PycharmProjects/causalgaze/xgaze_224/train/samples/subject0111/frame[10]_cam[0].jpg,0.05136323937921683,0.04680316049355455,0.17050522955803077,0.17349258244766272,0.23822266388936023,0.2632405315506178,0.35491174375760176,0.1262726406481299,2.2934010415256543,0.2879169221690452,0.29167625884276593,0.9307402745054851,0.9921530083137793,0.9653058441645563,0.7089217545516919,0.11250529587883147,0.17682332751478247,0.9651637209555973,0.2714190072218987,0.4584405208311485,0.2742632492922285,0.08488028312647398,29,Man,fear,asian
/home/peisze/PycharmProjects/causalgaze/xgaze_224/train/samples/subject0111/frame[8]_cam[0].jpg,0.05896995893211971,0.05447882714117464,0.17774151099505087,0.17073918921535203,0.2824915719334572,0.290707719790982,0.3438713300168412,0.12177098457056254,2.319877012164369,0.2932989810654691,0.28844666377029476,0.9394519521228968,1.0096871961601666,0.9494722201962409,0.7092094657685817,0.11171169991804247,0.1795492952527636,0.986028379806382,0.2557198427050019,0.4613239927097868,0.27295641720233443,0.07924054976373325,29,Man,neutral,asian
/home/peisze/PycharmProjects/causalgaze/xgaze_224/train/samples/subject0111/frame[4]_cam[0].jpg,0.0629664021451523,0.05996759536401517,0.17467891135014985,0.17140310265657382,0.310120380655161,0.31662829423388844,0.35051006086710806,0.1209786660856612,2.3547950654360155,0.28632313034309603,0.2855239427797337,0.9385984587559759,0.9988300231838624,0.9662392581510806,0.7035457172417697,0.11159647232812536,0.17470569915760154,0.9707373008741657,0.2646653572119536,0.4551968656496101,0.2695208433838485,0.0781266882581573,30,Man,fear,asian
/home/peisze/PycharmProjects/causalgaze/xgaze_224/train/samples/subject0111/frame[6]_cam[0].jpg,0.05153194424492108,0.04902546263864786,0.17404775026222538,0.169625282641329,0.25487775909890337,0.25932792971796637,0.3576101823256458,0.11894090185511248,2.397207250494668,0.29061840128659777,0.28928409746652645,0.9281998336938548,0.9961181918182082,0.9510301582876409,0.7081885349695555,0.10772130376725615,0.17713163114443262,0.9731059120946781,0.26331731204561176,0.46511473632891714,0.27447228816276514,0.07977489741813087,30,Man,fear,asian
/home/peisze/PycharmProjects/causalgaze/xgaze_224/test/samples/subject0001/frame[3]_cam[0].jpg,0.10304995785193204,0.09680588988559327,0.20338160926710008,0.22129872956643545,0.38888973403103744,0.44849650927884516,0.35937484689146365,0.056499530089109205,3.7835369338570364,0.2552385406940065,0.31275708639417876,0.9080558478782736,0.9745072148800816,0.9265869286873004,0.6906012550916647,0.13046215576612913,0.2128448260301035,0.9480873298976422,0.2805543623080844,0.4684325910719989,0.23777349683389287,0.10118495623804971,37,Man,neutral,white
/home/peisze/PycharmProjects/causalgaze/xgaze_224/test/samples/subject0001/frame[2]_cam[0].jpg,0.08984396741934875,0.08784595848090768,0.2037690323826493,0.22006326207633684,0.35862965030844407,0.3919357781296859,0.372431203959844,0.060342893703885105,3.705667771588348,0.2516733525530718,0.3221928931971048,0.9241894242808755,0.9829778190913568,0.9322769080550692,0.7007064812005999,0.15249812757964606,0.2003851445139225,0.9602575841686382,0.27609176057451984,0.4597765601363648,0.2402888701683825,0.0648454924806715,35,Man,surprise,white
/home/peisze/PycharmProjects/causalgaze/xgaze_224/test/samples/subject0001/frame[7]_cam[0].jpg,0.09798298647106178,0.08956752948701292,0.20605765620698654,0.2242163714193726,0.3576892569212641,0.42261215119509826,0.35081656825601687,0.0736724819833582,3.0901670207555108,0.25870726322878385,0.3084389655940842,0.9216749625039019,0.9840756242821335,0.9273338207401556,0.6914175590149441,0.12930768493784192,0.20667259075369146,0.9444534615683705,0.26740771126443913,0.4755999512932521,0.23956923837204636,0.09634567603197834,35,Man,neutral,white
/home/peisze/PycharmProjects/causalgaze/xgaze_224/test/samples/subject0001/frame[5]_cam[0].jpg,0.09862742002314095,0.09642785290143985,0.20043785261997676,0.22020744462412892,0.3918282191183767,0.43711668318001984,0.36297037802413973,0.06619138041276272,3.450314781668669,0.24893487206055484,0.3222868364863396,0.9080149832081833,0.9766273064788856,0.9166812736306924,0.6884878165118509,0.141663529318637,0.20907302170671008,0.9598359402568296,0.2638253816772381,0.46272560570708854,0.2445730180671307,0.07504694108417388,36,Man,surprise,white
/home/peisze/PycharmProjects/causalgaze/xgaze_224/test/samples/subject0001/frame[1]_cam[0].jpg,0.10103173663972284,0.09432064696421437,0.20418294305191184,0.2252871844165383,0.3729497639580722,0.43842466459772783,0.3637999713255171,0.06344123691771214,3.553659455134585,0.2545080617191557,0.31702254884267445,0.9212753909943209,0.985000856658707,0.9336192556403631,0.6953768538199767,0.1304151271509956,0.2096072144584972,0.9525135943736555,0.28404339242837534,0.4740771614874055,0.23859116041174103,0.10160827284913791,34,Man,neutral,asian
/home/peisze/PycharmProjects/causalgaze/xgaze_224/test/samples/subject0001/frame[10]_cam[0].jpg,0.0872075826020091,0.08115076370989867,0.20587788339573534,0.22791594837875817,0.3181963819526033,0.37495734996265195,0.3654445383931124,0.0685735232764979,3.318624282745731,0.2677463733377661,0.32597663880270905,0.9498142291706018,1.0241977552625734,0.9521964900915826,0.72036242859116,0.13615653847542772,0.19660980283579166,0.9864529931150248,0.28988805546202506,0.4863085727597861,0.23989065995422687,0.1010474568493108,32,Man,neutral,white
/home/peisze/PycharmProjects/causalgaze/xgaze_224/test/samples/subject0001/frame[8]_cam[0].jpg,0.056873716514463685,0.05440545565294542,0.18957864372742247,0.20648415537589612,0.23377303760769028,0.2629287998289843,0.37118595863997306,0.07959035924845449,3.0821777619374213,0.27032723940133224,0.32082414639782414,0.9279820199545544,1.0176079861132614,0.9542356594894872,0.7151571687917386,0.14851884317337222,0.18362079730460024,0.9851789490386222,0.27025458863946655,0.475636884521846,0.24998345792339444,0.09527796718998033,33,Woman,sad,white
/home/peisze/PycharmProjects/causalgaze/xgaze_224/test/samples/subject0001/frame[9]_cam[0].jpg,0.06065405313898393,0.05716133205832739,0.18949857856363192,0.20787449298286537,0.24381392476083125,0.28013368451593196,0.373235160336691,0.07464586590487333,3.1752318617037805,0.26957514078446054,0.3183469473632993,0.9380261717685218,1.014533671755138,0.9601943134483214,0.7179718858541628,0.14933790142839382,0.18812018124364419,0.9761696610247023,0.2829494578212444,0.47769144848323825,0.24991655368361876,0.09699049086543333,33,Woman,sad,white
/home/peisze/PycharmProjects/causalgaze/xgaze_224/test/samples/subject0001/frame[4]_cam[0].jpg,0.10208688959792069,0.09870564999411802,0.204774077620685,0.2257325563923283,0.38961576059377806,0.4416391311200086,0.36078369595359105,0.05820893133791979,3.6745848223876525,0.25889095060766487,0.31440009455999823,0.9329739523807093,1.0024489664096325,0.9368907930502809,0.7005424119438348,0.13744171619761386,0.2008093470385048,0.9627089519734042,0.2837368543650376,0.4732278124068027,0.23848953438592396,0.1014921782159593,31,Man,neutral,white
/home/peisze/PycharmProjects/causalgaze/xgaze_224/test/samples/subject0001/frame[6]_cam[0].jpg,0.09246088194192897,0.08470971083694442,0.21468660021002403,0.22876918974324403,0.3322735757600628,0.38303768448123815,0.3710010680204323,0.07167928666485368,3.29464127846414,0.27186320066437736,0.31547256043608446,0.941483846053464,1.0089162719474267,0.9298429624066913,0.7157477076909552,0.13300040919090442,0.19637143476954178,0.9819162619724555,0.2666502937937749,0.48000077169984656,0.24022166102472423,0.09830854945657772,32,Man,neutral,white
/home/peisze/PycharmProjects/causalgaze/xgaze_224/test/samples/subject0002/frame[3]_cam[0].jpg,0.04781930183239278,0.051715558248221785,0.18325025676439324,0.19947858480063077,0.22960316837404973,0.22846203249562488,0.3858872625884089,0.16450143785848653,2.1111537459175502,0.27954598250668317,0.31574973663274686,0.9201988207224969,0.9822336720674787,0.96921982708342,0.7052930602602244,0.13362333172435648,0.18905826511949558,0.9708079107638047,0.21999490363224802,0.4700095754545705,0.25347696431675004,0.0876752157783354,29,Man,neutral,middle eastern
/home/peisze/PycharmProjects/causalgaze/xgaze_224/test/samples/subject0002/frame[0]_cam[0].jpg,0.06171551562749133,0.06435922016555197,0.19374581304372007,0.2102544578037163,0.272124041584257,0.28111164519221077,0.3841474413710606,0.15915939087442743,2.1391751181101135,0.28010260479960947,0.3145357681628691,0.9186499419122574,0.9776369411190804,0.9548491822859654,0.7040065074909678,0.13433177054144718,0.19338211108453457,0.9690399862146859,0.21515693995388238,0.463701150752072,0.247873240199087,0.0887479928592557,26,Man,neutral,middle eastern
/home/peisze/PycharmProjects/causalgaze/xgaze_224/test/samples/subject0002/frame[2]_cam[0].jpg,0.0360897516029876,0.036775740707302086,0.19025034945948205,0.2027636573913618,0.15948160689219257,0.16577849786767723,0.3984596411881505,0.17814753089925364,2.081721200919299,0.28758417135011627,0.32304311940173824,0.9461324260625968,1.0191197685143447,0.9760802116293477,0.7250598721644335,0.129273410270472,0.19251220172538977,1.0074981035249875,0.21697294333850314,0.47717787162889486,0.263964290124592,0.07768237469797479,32,Man,neutral,middle eastern
/home/peisze/PycharmProjects/causalgaze/xgaze_224/test/samples/subject0002/frame[11]_cam[0].jpg,0.08446552621179529,0.08972314351953639,0.20136269349084085,0.21907153877925728,0.3626901692033816,0.36931578017665345,0.3783021396520488,0.13120369823310205,2.3199748964459923,0.27759370763885727,0.3153275581567825,0.9127360350868405,0.9700018361956867,0.9425810645274766,0.6935319950208154,0.13420552786335127,0.22315740787721824,0.959411173022552,0.22210710850605464,0.47097623450239945,0.24224504677705114,0.09417365527055922,29,Man,neutral,middle eastern
/home/peisze/PycharmProjects/causalgaze/xgaze_224/test/samples/subject0002/frame[7]_cam[0].jpg,0.025079036981524493,0.02987155824879085,0.18492137572317668,0.2009580997187951,0.13165133449788813,0.11745091563630596,0.3984001276168237,0.13963987756732238,2.3258195007694957,0.28093723177921426,0.3216156050289223,0.9302167308604415,0.9974157499860367,0.9786113949492966,0.7202476133748492,0.14509281500829968,0.1881552704483011,0.9853455896670993,0.23191817515689844,0.4703942879071638,0.258358596644488,0.0846983067283837,31,Man,neutral,middle eastern
/home/peisze/PycharmProjects/causalgaze/xgaze_224/test/samples/subject0002/frame[1]_cam[0].jpg,0.08072663680155631,0.08672346169356931,0.19966917474552642,0.2177706313868826,0.3533180974719089,0.35654981326916046,0.3783788430235092,0.15832531861934546,2.127317684057399,0.2783551550223388,0.3115080257005899,0.9054375860044157,0.9650999415569277,0.9469720356706146,0.6870423191681891,0.12294945276206898,0.2229574424227878,0.957783565587695,0.21429165486111157,0.4658337149474214,0.23999093340446886,0.09260099392320571,26,Man,neutral,middle eastern
/home/peisze/PycharmProjects/causalgaze/xgaze_224/test/samples/subject0002/frame[10]_cam[0].jpg,0.0896182993824119,0.09255239093241736,0.20513238951580146,0.2203905814736007,0.3725218172539861,0.3858780529542191,0.3833323460583034,0.1458834005191325,2.2015255667034754,0.27958304538116213,0.3143887629607466,0.8962806745603012,0.9536808374760071,0.9533870376410803,0.6836947887937247,0.1286029355462025,0.2346946918211924,0.9470163568969229,0.22088534006139887,0.471793815069212,0.23748161276663574,0.09285189398812833,27,Man,neutral,middle eastern
/home/peisze/PycharmProjects/causalgaze/xgaze_224/test/samples/subject0002/frame[8]_cam[0].jpg,0.04624791264304929,0.05130680979363566,0.18457138925735714,0.1956456554734004,0.23109495137709013,0.21868858280736386,0.39673556630421997,0.14620241761573827,2.265362947112871,0.2833007228170047,0.3191152061775584,0.93354769978614,1.0005300225425722,0.9772583804530495,0.7178068916208458,0.13775081382738041,0.1982920070412973,0.9865413194561365,0.23203963151760756,0.4803531578400857,0.2593731293901301,0.08518460321634613,28,Man,neutral,middle eastern
/home/peisze/PycharmProjects/causalgaze/xgaze_224/test/samples/subject0002/frame[4]_cam[0].jpg,0.08909637927876668,0.0923111478709613,0.2009713242472404,0.21582347780514985,0.3787532984600046,0.39026048422606535,0.36954602121609975,0.15635352758876023,2.103370691507726,0.2783891047418001,0.31153687967528165,0.8975956273926755,0.957601653005684,0.9760220392018166,0.6814719104990676,0.12660594968178648,0.24044120252275136,0.9473312400060954,0.23504394398409667,0.47378909971596883,0.2386226590974625,0.09302012936659024,28,Man,neutral,middle eastern
/home/peisze/PycharmProjects/causalgaze/xgaze_224/test/samples/subject0002/frame[6]_cam[0].jpg,0.025868486477832586,0.033029686764942286,0.18092876669253474,0.19944573607687174,0.14642355509984245,0.12425234271741767,0.3950895621972136,0.174119553685205,2.0988529382409227,0.28016152526509447,0.3233466168541114,0.9359863902392704,1.0038249468543772,0.9901620110871661,0.7197879572888368,0.1338322716647135,0.18811595695511066,0.9920048321094684,0.2256496590671818,0.46625553822113,0.2616936948028989,0.08321051825652868,32,Man,neutral,middle eastern
/home/peisze/PycharmProjects/causalgaze/xgaze_224/test/samples/subject0020/frame[3]_cam[0].jpg,0.09136383873091845,0.0911226243412178,0.21165237852728888,0.22610963738463277,0.35836044109580556,0.3816006080113798,0.35483021863638714,0.12710643017643564,2.3497002357019325,0.270563681239253,0.3245191275601011,0.8887315861418823,0.975082202233438,0.919781598099138,0.7029178338976153,0.09847877992395669,0.21623483983035924,0.9805792587786638,0.20432440085289114,0.4697839600093706,0.23787007700126364,0.08471900351380486,28,Man,sad,indian
/home/peisze/PycharmProjects/causalgaze/xgaze_224/test/samples/subject0020/frame[0]_cam[0].jpg,0.09586439977826713,0.10024536822127374,0.22393571513389227,0.2321620120603302,0.38595453437432814,0.38067078508357255,0.3551404122615718,0.12304928916241176,2.3780886313012704,0.27846407549010227,0.31373993777653797,0.8695295366224077,0.9635875826897001,0.9085940764518177,0.6944291565268343,0.10298487898489377,0.21562737587602085,0.9658922759720164,0.19694082965381113,0.47027852577047785,0.233011105638455,0.07078139669873881,26,Man,sad,indian
/home/peisze/PycharmProjects/causalgaze/xgaze_224/test/samples/subject0020/frame[2]_cam[0].jpg,0.10670567792154988,0.10130095819302207,0.21849851046287108,0.21524909343419832,0.4175337213245204,0.4310597930437645,0.3500262781560803,0.13109329979551232,2.2715653638220337,0.2985096555670099,0.2924298270738785,0.8992426433524602,0.9998123126024386,0.9390252060739828,0.7022741637943912,0.09065712899792931,0.21914841641495092,1.00209474091945,0.21471955743814586,0.4735266518552505,0.24072317639462532,0.09598744856292381,28,Man,neutral,indian
/home/peisze/PycharmProjects/causalgaze/xgaze_224/test/samples/subject0020/frame[7]_cam[0].jpg,0.026400997467542237,0.02037105008682539,0.19456647258895224,0.22442292386870658,0.08095488907002307,0.12024137809335643,0.3478490203891283,0.11993688255166671,2.4043836234401574,0.255933195736993,0.33253656986371716,0.8532746647729962,0.9582563155662288,0.879810270263326,0.6887828815509582,0.09323538814538695,0.1948938975210086,0.9791711573285453,0.19129962532281206,0.45129123129565113,0.2378697964953117,0.07917658119330011,28,Man,sad,indian
/home/peisze/PycharmProjects/causalgaze/xgaze_224/test/samples/subject0020/frame[5]_cam[0].jpg,0.09773476271932291,0.09986315825660479,0.19168524246638843,0.2219423288149348,0.4035917983595635,0.4537653950888602,0.32562317792625317,0.1350333025265523,2.141405462915272,0.2300300202517371,0.3261404262178789,0.8457526671183385,0.9081601254789061,0.9370382117715088,0.6595463883934088,0.10059588546617208,0.1917221638322399,0.9144455055698965,0.2233269874665518,0.4492824344622701,0.2318743001073823,0.06430315986872671,27,Man,neutral,indian
/home/peisze/PycharmProjects/causalgaze/xgaze_224/test/samples/subject0020/frame[1]_cam[0].jpg,0.0743919796563042,0.07472826324570929,0.21111640076014698,0.20870876631811544,0.3171304065546362,0.30905764286034076,0.35787699639775344,0.1236078923004162,2.3648272567478945,0.3083559252730159,0.29203606545943617,0.8877430069312354,0.9951116318771966,0.8969012273699514,0.7044520051529479,0.0961000023260844,0.20078799658828528,0.995956822540524,0.19589546858638013,0.46638775297992474,0.23694560272259643,0.09809825246430989,29,Man,neutral,indian
/home/peisze/PycharmProjects/causalgaze/xgaze_224/test/samples/subject0020/frame[8]_cam[0].jpg,0.06361614247559805,0.06665516020335184,0.20515691398897046,0.21514020522557176,0.2750850506448977,0.27248199062458417,0.3593490261568395,0.12514153411502782,2.359457873343062,0.31443241686548995,0.3143345817169868,0.920118188381033,1.0467293109190172,0.9034124022101296,0.7313274093611575,0.09767041868947494,0.2010262458836953,1.0511671414788895,0.20644418427029904,0.4600539972915501,0.24812518941581058,0.09692807532281365,34,Man,neutral,latino hispanic
/home/peisze/PycharmProjects/causalgaze/xgaze_224/test/samples/subject0020/frame[9]_cam[0].jpg,0.07367189517411765,0.07454134809917702,0.19104928049599007,0.22105351001196916,0.3010046470316996,0.34113773392749686,0.3380589970623308,0.11897685662642535,2.392546002318373,0.2310255830230099,0.342024199568597,0.8550572287403092,0.9451765760905436,0.8889229639305577,0.6752352883612188,0.10126629737679062,0.20036480494267428,0.9661530435185469,0.19858285335101492,0.4456400054608104,0.2277493283537873,0.0667934025488201,29,Man,sad,indian
/home/peisze/PycharmProjects/causalgaze/xgaze_224/test/samples/subject0020/frame[4]_cam[0].jpg,0.04481021442294286,0.04169885716446872,0.1906615165738035,0.21140601096165962,0.17561142023631607,0.20900186542486077,0.34070647210880173,0.12176474227504942,2.3434222428492117,0.2578268413628002,0.32232450425086384,0.8390589937878031,0.9419796406355373,0.8739095316924598,0.6723299731232624,0.09093556202162752,0.20127252332228293,0.9614153923293286,0.19448889352215742,0.44836894450399817,0.23624137912943657,0.06971032122292911,27,Man,sad,indian
/home/peisze/PycharmProjects/causalgaze/xgaze_224/test/samples/subject0020/frame[6]_cam[0].jpg,0.07700003696156538,0.08070603761799604,0.20249065096734312,0.22615270258248932,0.3187619963107493,0.33721754815417915,0.33315945085188486,0.12891285366588742,2.238464122254691,0.2479744121819144,0.3293231675690514,0.8592655806752126,0.9418109250819294,0.9184847760139283,0.6820229577442659,0.09501692748430908,0.18991872050470265,0.9549078493622024,0.2155726526127516,0.4595822189782758,0.23273096965272844,0.06896307676631573,25,Man,neutral,indian
/home/peisze/PycharmProjects/causalgaze/xgaze_224/test/samples/subject0023/frame[3]_cam[0].jpg,0.07099332576265956,0.07247669789111083,0.21413160654642938,0.2106961316712098,0.30373644341944256,0.29255571634569516,0.3874309622703324,0.14704442372989965,2.2233718921625063,0.29744648916701677,0.30463434045987325,0.924381460850457,0.9950884891291296,0.9769345872923538,0.7144711475452354,0.13264513332646566,0.1824870813690746,0.9694938669079092,0.24210772513847306,0.4656282392309464,0.23576230169330212,0.08099700645994513,35,Woman,sad,white
/home/peisze/PycharmProjects/causalgaze/xgaze_224/test/samples/subject0023/frame[0]_cam[0].jpg,0.076784740849553,0.07817481443876093,0.2034305739892681,0.20494979768961916,0.33743808889818216,0.33308186172546306,0.36031191105613775,0.12558196728079035,2.3001565417047978,0.2877010757023455,0.29940027733155505,0.9089509132544012,0.9818758849123906,0.9646771715464094,0.6936645758477398,0.14319407114213167,0.18970099770305057,0.9554261155958682,0.23892946276693403,0.45915406143883364,0.23805792082489013,0.08414070272773858,31,Woman,sad,white
/home/peisze/PycharmProjects/causalgaze/xgaze_224/test/samples/subject0023/frame[2]_cam[0].jpg,0.07206215919886251,0.06978262770114113,0.20668273616111452,0.20555721561931312,0.298452287885359,0.30555852568604813,0.3843638488030815,0.1462234182447784,2.2264822816775562,0.2948490541545459,0.2993573127905575,0.9192978404497236,0.9963158425044539,0.9699578276683044,0.709257419135057,0.1259757960111237,0.18531559534014602,0.9680002999786281,0.2412188310152095,0.47105994903727605,0.24099546142191403,0.09505505115037623,35,Woman,sad,white
/home/peisze/PycharmProjects/causalgaze/xgaze_224/test/samples/subject0023/frame[7]_cam[0].jpg,0.04771435216895556,0.04855497560329588,0.19838042562880234,0.19928962695940955,0.21435217746339413,0.21038505680662714,0.40521243811270236,0.164410392077018,2.158754771211904,0.2963637454934664,0.30661338170062863,0.9247227497243549,0.9977832157394871,0.9801728084206689,0.7236428727805239,0.11360558590098103,0.17438907579868146,0.9696178914477512,0.23340139463022555,0.458075024900202,0.24534017737277977,0.0907498671503851,34,Woman,sad,white
/home/peisze/PycharmProjects/causalgaze/xgaze_224/test/samples/subject0023/frame[5]_cam[0].jpg,0.0670992966910657,0.06299792305353209,0.2021131575095801,0.2053056224553411,0.2703342376550271,0.2902454522054542,0.3979267508807117,0.14600386526881534,2.253655306705246,0.29718253562646874,0.3042348338098919,0.9247184749711695,0.9983560178438676,0.9843660533955008,0.7141546310012685,0.12450106909037541,0.17677023560441432,0.9726579863284397,0.2523514701677893,0.463478227192355,0.23995564094615637,0.09546719846104777,33,Man,sad,white
/home/peisze/PycharmProjects/causalgaze/xgaze_224/test/samples/subject0023/frame[1]_cam[0].jpg,0.07011120143968122,0.067517953273253,0.20110324352471956,0.20584255433092047,0.2886581869003377,0.3051467179689801,0.39282587041793093,0.1481569237813314,2.2328576455450455,0.2973344075266944,0.30497665647936306,0.9323596297137636,1.0045620386301064,0.9810320968629778,0.7172169593631431,0.13044965359943012,0.17701708380196243,0.9788548664280028,0.2396710484615558,0.4626432831807654,0.2433312771217167,0.09654028849280027,32,Man,sad,white
/home/peisze/PycharmProjects/causalgaze/xgaze_224/test/samples/subject0023/frame[8]_cam[0].jpg,0.04737157701880837,0.04979643086839231,0.2036644724374112,0.2018629332300855,0.2168910835882415,0.20337910388341746,0.40275483045789523,0.1681411598805313,2.1311613088397086,0.3007704720842689,0.3063822892957492,0.9260042663877371,0.9986351788542296,0.9841734297673306,0.721121035650146,0.11451398299442614,0.1724281924545905,0.9717114854644534,0.23484002173248336,0.4644952153264116,0.2436264649091503,0.09244416775148953,34,Woman,sad,white
/home/peisze/PycharmProjects/causalgaze/xgaze_224/test/samples/subject0023/frame[9]_cam[0].jpg,0.0869185321208458,0.0827814917411437,0.206360890074264,0.21060331051043116,0.34701667728686786,0.3708055083415104,0.3988239002687556,0.16238035199850223,2.1716188386133064,0.2868913207203971,0.29394263163872353,0.921088058622947,0.9891322076018203,0.9747150174607682,0.7033741122856506,0.11891740378727414,0.1915890421552773,0.9556871315517137,0.23958179243443964,0.4658487625920572,0.23118786348104886,0.1003020610241063,32,Man,sad,white
/home/peisze/PycharmProjects/causalgaze/xgaze_224/test/samples/subject0023/frame[4]_cam[0].jpg,0.07658028820280702,0.07394434972494858,0.20504456666600024,0.20818766145309775,0.3128418256978294,0.3273028167726052,0.38667219027709004,0.14632387056635865,2.2296579908977816,0.2956977343063314,0.3013469855972107,0.9320368723328256,1.0054297456373564,0.9814119226355231,0.7139551471490538,0.12873721894763027,0.18504524353794233,0.9761160120352596,0.24898361590476908,0.46690910215454096,0.2396173784555522,0.09812988135564059,33,Man,sad,white
/home/peisze/PycharmProjects/causalgaze/xgaze_224/test/samples/subject0023/frame[6]_cam[0].jpg,0.07386175315763875,0.07112878535734539,0.202947464230607,0.20709080784506073,0.30222914942622003,0.31829111315712,0.3917493306829488,0.15939461206516298,2.1494377975082886,0.2928161596813754,0.3007344553506351,0.9323282839270455,1.00287126036859,0.9944931388059466,0.7180892858678679,0.12912167813344008,0.184091399979205,0.9727282412833,0.24389307415032702,0.4649266558989068,0.2394723182545231,0.09711583291700711,32,Man,neutral,white
/home/peisze/PycharmProjects/causalgaze/xgaze_224/test/samples/subject0037/frame[3]_cam[0].jpg,0.09322671495767564,0.0890024562618245,0.1910416943055249,0.19929492201001672,0.3970183178815025,0.4317482277946448,0.32035586241347913,0.13063521986865984,2.1642443825884974,0.2656106439912055,0.2952667963398608,0.8889876102017248,0.9527353122028436,0.9403180158027881,0.6649156293396781,0.12933586125399255,0.20448807826457524,0.9233938632683543,0.22928424020026053,0.4348117791978826,0.23254557461806313,0.09064754615241981,30,Man,fear,latino hispanic
/home/peisze/PycharmProjects/causalgaze/xgaze_224/test/samples/subject0037/frame[0]_cam[0].jpg,0.05631915252648184,0.053794140270479324,0.17806081101608118,0.1920263445668017,0.2476151725560207,0.27764049147646414,0.33892682712590283,0.12682947637916686,2.2645838776346676,0.2659169817510175,0.31906039357310284,0.9035177093740477,0.9834352644420785,0.9273333494527258,0.6898642869925666,0.12798340305293185,0.19286276763829113,0.9619327206566793,0.23209908098022777,0.43995984207642724,0.24489477132978463,0.0880942205223519,28,Man,sad,white
/home/peisze/PycharmProjects/causalgaze/xgaze_224/test/samples/subject0037/frame[2]_cam[0].jpg,0.09068398535073292,0.0850734477787306,0.19641926416792344,0.20648279944894182,0.3655283021698899,0.4081271978669852,0.33133248633691614,0.12879702688725855,2.2167761141076974,0.27046431702149304,0.30359213201265506,0.8936488467239353,0.9568928526769636,0.9212780450501483,0.6726567384423185,0.12520028445283932,0.20800968199323863,0.9290143625928161,0.22696407642501099,0.44064749603652514,0.22974265285380344,0.09081932261340273,28,Man,sad,latino hispanic
/home/peisze/PycharmProjects/causalgaze/xgaze_224/test/samples/subject0037/frame[7]_cam[0].jpg,0.07241318350817526,0.06661530780863513,0.18777956866135181,0.20318608455647952,0.2898161554310549,0.33864747695062236,0.38252671222152357,0.15452734946221458,2.234873698265838,0.26853518151596417,0.3158638353702959,0.9237835773714312,0.9851147287422818,0.9411054123645802,0.7044231744780249,0.11651015694126982,0.201628360318248,0.9575649741351977,0.22690548464498037,0.44682952157239186,0.2402314069895101,0.09295053430232132,29,Man,happy,white
/home/peisze/PycharmProjects/causalgaze/xgaze_224/test/samples/subject0037/frame[5]_cam[0].jpg,0.04021442082632015,0.03764975892569759,0.17594984915411166,0.1887772784455325,0.17636543031902124,0.20090243755033346,0.34339036824578084,0.13545386959650554,2.2187466885302016,0.2684111002632231,0.3162163108583323,0.8972265659693858,0.9721012412193252,0.9234565620183967,0.6910045287973178,0.1218281408996502,0.18613024513229687,0.9539782699745188,0.22050716896169317,0.435339476238586,0.24613119765670174,0.08172012910005337,29,Man,sad,white
/home/peisze/PycharmProjects/causalgaze/xgaze_224/test/samples/subject0037/frame[1]_cam[0].jpg,0.053747296028235206,0.05153760131425314,0.18435364513495808,0.19340102748046512,0.23630223425748417,0.2564400004695797,0.3343289714967713,0.12952550951813038,2.231898045577048,0.26637115103955356,0.3211117883766947,0.8997586423667193,0.9835187980005199,0.9187560370352558,0.6883357162147061,0.1258107736110339,0.18950858659849157,0.9629267632229469,0.21938377303343382,0.43897666034908517,0.2382416567602145,0.07940935799455423,29,Man,sad,white
/home/peisze/PycharmProjects/causalgaze/xgaze_224/test/samples/subject0037/frame[8]_cam[0].jpg,0.08831939419342498,0.08596170852865281,0.18987525503928607,0.20253578562089997,0.3787507485823832,0.41206358108314645,0.32805198392972346,0.1516453517462973,2.063178656944688,0.25204630564930547,0.30718615845721065,0.8760519007109112,0.9491059275583426,0.947267400257075,0.6637455764807858,0.12018283480665119,0.20777875591379538,0.9272180307352156,0.2226570869504591,0.43054548842109974,0.23198745798882756,0.0703514249684404,29,Man,sad,latino hispanic
/home/peisze/PycharmProjects/causalgaze/xgaze_224/test/samples/subject0037/frame[9]_cam[0].jpg,0.05567250126362023,0.056421002783062085,0.1796136733133243,0.19347898832748964,0.2586311953522201,0.2725706030332439,0.33177134533592967,0.12971571696831616,2.223929622317049,0.2569592358340986,0.3219546405796756,0.8966120047087602,0.9850974125490595,0.9322927449885684,0.6858944296657222,0.12679494105753283,0.19231463198729343,0.963188040845368,0.22920432077697325,0.4387027730142217,0.24002363130185625,0.07770213356033774,29,Man,sad,white
/home/peisze/PycharmProjects/causalgaze/xgaze_224/test/samples/subject0037/frame[4]_cam[0].jpg,0.09523411325231892,0.08994420570626037,0.19283378246073285,0.20293860568569932,0.395894207272041,0.43950699174675945,0.31070267918554206,0.13259207824240718,2.119704622106866,0.2680334535815324,0.2930908068978415,0.8866619253988142,0.9506328126934488,0.9401914279853086,0.6623191870979603,0.129026616175176,0.1975378550769524,0.9200773337202154,0.22355630969249515,0.4406957379988131,0.23568427728387284,0.08330872937564816,30,Man,fear,latino hispanic
/home/peisze/PycharmProjects/causalgaze/xgaze_224/test/samples/subject0037/frame[6]_cam[0].jpg,0.04710616696738127,0.04825870157830794,0.17915121373601406,0.18590624131404082,0.22989571900681904,0.2312279534102763,0.3354962366492782,0.13072655051028909,2.2325119466612087,0.2672110930698661,0.31433802058586857,0.894405456963463,0.9741578326902007,0.9203596214193688,0.6845475548793081,0.12677376015462238,0.18459197485448622,0.952195376802125,0.21949841817480722,0.43647244842064387,0.24077960580110086,0.07647664764861348,29,Man,sad,white
/home/peisze/PycharmProjects/causalgaze/xgaze_224/test/samples/subject0049/frame[3]_cam[0].jpg,0.06744904981512692,0.06684000741786106,0.18081490094689506,0.19696384127857122,0.2997936162182591,0.3267887108472421,0.35661372937952035,0.16497366126471877,2.0479840137486782,0.2778320440499884,0.31221955888928815,0.8827590184697776,0.9897319552918699,0.9453139569801023,0.6854011821187466,0.14160732284527813,0.2139061772603972,0.9858428867051804,0.200906787585569,0.4315926121487207,0.23100846575597234,0.08992141303053601,24,Man,sad,white
/home/peisze/PycharmProjects/causalgaze/xgaze_224/test/samples/subject0049/frame[2]_cam[0].jpg,0.08769123277463522,0.08741389350284974,0.19126241663055318,0.20278918151673495,0.3839378272283564,0.4062929806090079,0.34855114470284015,0.1600917589625983,2.0489674632743045,0.26930590376841645,0.2986195446413364,0.8621249665963086,0.9588899793044499,0.9361802953623548,0.6625396521556182,0.14049526290052677,0.2196205886927294,0.9552452112388766,0.19420053546777932,0.42806448240962597,0.22018057558691934,0.08608004935232651,24,Man,surprise,white
/home/peisze/PycharmProjects/causalgaze/xgaze_224/test/samples/subject0049/frame[7]_cam[0].jpg,0.0363807991410376,0.03990354142765533,0.17722586943927215,0.1922339480515167,0.18283855001343277,0.1777365946156947,0.3586084705690029,0.1601259278459622,2.079103796612339,0.2801463106080527,0.3154130050579015,0.8876694857112531,1.0024451971085497,0.9529711497544787,0.6904797057503524,0.1478321525277294,0.20611006896510667,0.9975344066608522,0.20804204041164226,0.4376244747245084,0.23553993462160241,0.08431322439399801,23,Man,neutral,white
/home/peisze/PycharmProjects/causalgaze/xgaze_224/test/samples/subject0049/frame[5]_cam[0].jpg,0.03603041059586666,0.04253856388256076,0.18448058700704975,0.19790918316264644,0.18973579591150838,0.16926528256685489,0.35408295764219183,0.15583659407407385,2.0968071602962444,0.28176787505195044,0.3167876284788844,0.8888078586222089,0.9945813155253093,0.9451335288895603,0.6926880228621722,0.14605557041582645,0.20781256840928214,0.9866344889838422,0.20168546540554527,0.4488250027642824,0.23463409212778172,0.08488288447824764,23,Man,neutral,white
/home/peisze/PycharmProjects/causalgaze/xgaze_224/test/samples/subject0049/frame[1]_cam[0].jpg,0.08681171372551831,0.08845056645336688,0.18742194212424548,0.19903496198331946,0.3984051998878894,0.41249129305043064,0.35219779525337297,0.15777158812709394,2.0655074333736296,0.2576651773096381,0.2964756105451284,0.8594077520314222,0.9502711750029219,0.9641154689595538,0.6602193788199707,0.1431531550625691,0.21384782858718696,0.9378238640435039,0.212797705182912,0.4166710984807406,0.22513709076440966,0.06129683982599256,25,Man,surprise,white
/home/peisze/PycharmProjects/causalgaze/xgaze_224/test/samples/subject0049/frame[10]_cam[0].jpg,0.03996933660435914,0.03533122247574542,0.18275326120293098,0.1910652339560242,0.16333793551754844,0.19184346553418324,0.3540207343159541,0.15862071244159778,2.078936506226752,0.28095131564747544,0.31274324435884054,0.8982523631765025,1.011673159167533,0.9477851590905053,0.6951971695151078,0.14891582320801894,0.2073294345320281,1.0017895483376469,0.20158776474861978,0.43219045757918534,0.22778458845417227,0.0733915459285359,25,Man,sad,white
/home/peisze/PycharmProjects/causalgaze/xgaze_224/test/samples/subject0049/frame[8]_cam[0].jpg,0.07854064389891949,0.07910138001987294,0.18545703689384307,0.19895922333351293,0.3536511696333949,0.3742327623905659,0.3484035732631053,0.16327413291204373,2.028410770153214,0.27074756294973945,0.3022509859591403,0.8704557150635597,0.9724432927113883,0.9359621629721512,0.6680251757306838,0.14083913062666448,0.22260731760479072,0.9684135979202309,0.1904670715139271,0.4266848510914313,0.22413626923110663,0.08636565534477238,25,Man,surprise,white
/home/peisze/PycharmProjects/causalgaze/xgaze_224/test/samples/subject0049/frame[9]_cam[0].jpg,0.03667610922954901,0.04424931269861642,0.18033383862614094,0.19316181874979993,0.20181106125905834,0.17610320261731732,0.3625741802687104,0.15948548566122858,2.088328771067193,0.28104863974748695,0.30862602279318285,0.8705262195848181,0.9785686117552298,0.9390998941000961,0.6800810586109947,0.14389097443234997,0.205464629026077,0.9741612589278693,0.20385753143922455,0.4394599400541722,0.23212417706076982,0.08455574193289632,23,Man,neutral,white
/home/peisze/PycharmProjects/causalgaze/xgaze_224/test/samples/subject0049/frame[4]_cam[0].jpg,0.07635975713262567,0.07531257046138978,0.17763718668198117,0.18857814850429722,0.3544149509911602,0.3792873694010208,0.34974395804695096,0.1583397346609688,2.0618958919364276,0.2648661224271022,0.30003335992600993,0.8616406506417894,0.9575870512115853,0.9461198819815184,0.6678669673932995,0.13692420920827106,0.21815089842030563,0.9505285152210885,0.2034678694359096,0.41166209892904826,0.22855995265001466,0.080902734511589,25,Man,surprise,white
/home/peisze/PycharmProjects/causalgaze/xgaze_224/test/samples/subject0049/frame[6]_cam[0].jpg,0.061834778523448354,0.06036291304649807,0.18525602698117372,0.18870696540532567,0.28292785315794733,0.2931930028688664,0.35876039303854745,0.15772448925382668,2.100017285582833,0.27815845025668007,0.3067154001374058,0.8759840233816151,0.9789743847026533,0.9430190914460904,0.6810018904486748,0.14283492595190556,0.21540914275927978,0.9751079158507105,0.2056434097654288,0.426035292015085,0.2227733539798971,0.07802340130247466,24,Man,sad,white
/home/peisze/PycharmProjects/causalgaze/xgaze_224/test/samples/subject0064/frame[0]_cam[0].jpg,0.04376762787950402,0.04398146265723042,0.18509580085865487,0.19058123069571745,0.20475033857858366,0.20741882780842366,0.32652967736919547,0.20843179839180864,1.7822654993034472,0.29229466003738763,0.30580315580927037,0.9184613510079361,1.0298815824230554,0.945291637064128,0.699253499220922,0.11282823135894672,0.1776798396977503,1.003582737672577,0.18422926194009237,0.4521276489762244,0.24002101454344618,0.08761997965127864,32,Man,sad,asian
/home/peisze/PycharmProjects/causalgaze/xgaze_224/test/samples/subject0064/frame[2]_cam[0].jpg,0.0649669312214722,0.061318019371605643,0.19134990402228516,0.1928423377525225,0.2831378984608567,0.29964434093917747,0.3348092385396809,0.16504776777522162,1.97529653287783,0.2839853912202691,0.30683380671774696,0.9175208270251435,1.0330597352842543,0.9388459939167315,0.6931709611153286,0.12682646932634786,0.19867345256238864,1.0092576463643645,0.19996718858841425,0.4605671432474169,0.245514323966635,0.08350710881391755,32,Man,fear,asian
/home/peisze/PycharmProjects/causalgaze/xgaze_224/test/samples/subject0064/frame[7]_cam[0].jpg,0.038682166437652536,0.03966193518088067,0.1868359158121926,0.19420662582472006,0.18181358845816542,0.18169466776253798,0.33380195301405385,0.17048174988254064,1.940223099957249,0.29112885454306187,0.3117269459018513,0.9304685653839396,1.0505749866667322,0.9479421921658814,0.7028875523826372,0.1276363275782005,0.18083682487276626,1.0248862123360403,0.197974876870039,0.4570563884660695,0.24478514166008314,0.08635723541088722,32,Man,sad,asian
/home/peisze/PycharmProjects/causalgaze/xgaze_224/test/samples/subject0064/frame[5]_cam[0].jpg,0.0423753530747985,0.04150626597358985,0.18693331048775005,0.18900516195503542,0.1951452198647543,0.19894144495344063,0.33430586842301835,0.16613205328542313,1.9561774139759671,0.28909930459662203,0.30632157159735107,0.923171208545826,1.0301597113120795,0.9367921120212143,0.6961613644043363,0.12436861918763883,0.17976959551166116,1.0039678732816448,0.19590159267268073,0.4578236537091621,0.24474809477367512,0.08397680574878387,32,Man,sad,asian
/home/peisze/PycharmProjects/causalgaze/xgaze_224/test/samples/subject0064/frame[1]_cam[0].jpg,0.05753263462109901,0.055416173617882876,0.184605093500596,0.1936209481839434,0.2549679054252859,0.27399135859502366,0.3288651462306339,0.19972255746644596,1.8136440381988777,0.29138005460591143,0.307664409233404,0.9338038265884622,1.0556766272307974,0.9479134485962244,0.7108336526685588,0.11843689993425363,0.19626768560043892,1.0314250098583564,0.1868031188846502,0.4528462651608152,0.24597972593777614,0.08977517895944341,32,Man,disgust,asian
/home/peisze/PycharmProjects/causalgaze/xgaze_224/test/samples/subject0064/frame[10]_cam[0].jpg,0.07702484585844013,0.07617905200875046,0.19601930593444375,0.2042701195227797,0.33522083584164547,0.34943146935992686,0.32190328341046165,0.15720404654654732,1.97425301025138,0.26521167097059445,0.30888841151499624,0.9073274490919219,1.021954370923206,0.925750861314863,0.6751337695891567,0.1250713924447452,0.2028204532274502,0.9947229840773064,0.1932559576211235,0.45113415157315634,0.23577866098873432,0.06911725891627556,33,Man,fear,asian
/home/peisze/PycharmProjects/causalgaze/xgaze_224/test/samples/subject0064/frame[8]_cam[0].jpg,0.08003840150264614,0.07825646936310149,0.20184200297097635,0.2103123188668251,0.3359196193603034,0.35382878702662046,0.32921090946448905,0.1618635205467595,1.9623024346093354,0.26716979061982193,0.31120835985078105,0.9121551941062699,1.027680308026121,0.9520824683851153,0.6809187778924748,0.13611354160393485,0.19371535524780029,1.0049049272792272,0.19320777803869624,0.45204388465459727,0.23482200740790704,0.05838276201572408,32,Man,fear,asian
/home/peisze/PycharmProjects/causalgaze/xgaze_224/test/samples/subject0064/frame[9]_cam[0].jpg,0.04110658983929941,0.04087452369244891,0.1910304136075739,0.19117797619060242,0.19028563206001584,0.18958379116389143,0.33473742407085977,0.16642559803709345,1.9522125905295338,0.286199160428814,0.3120101043829768,0.9146102996550924,1.0369612080898643,0.9485089144155741,0.6966499356025838,0.13586093748646802,0.17989467171526854,1.0151771981002196,0.19591069117844245,0.4581699353148579,0.2415428454228843,0.07735906868891787,32,Man,sad,asian
/home/peisze/PycharmProjects/causalgaze/xgaze_224/test/samples/subject0064/frame[4]_cam[0].jpg,0.07785184981505354,0.0739836350424936,0.19182184523275128,0.19800334738435418,0.3335140381570564,0.35886829953980537,0.32557341461581274,0.1605228238891334,1.9663046515349247,0.2742729412132378,0.29674719059281623,0.8974851455596387,1.0113488353874887,0.930955441546077,0.6720458892872454,0.115802699548011,0.20381398039857596,0.9837188079799374,0.20923017047635736,0.4496300603433816,0.23645365023569176,0.0860700933966107,33,Man,fear,asian
/home/peisze/PycharmProjects/causalgaze/xgaze_224/test/samples/subject0064/frame[6]_cam[0].jpg,0.04113079430296882,0.04118197831831416,0.18516445856489425,0.20071735618040484,0.1838504775007766,0.19487291529211118,0.3334432029852358,0.17032165181962675,1.9392235946995822,0.2834847048953457,0.31380190691690135,0.925916781462094,1.0435730584098846,0.9365586644390229,0.6985267831528945,0.11923165702618592,0.18128420059800662,1.0196412052788582,0.195961764413931,0.45390497905760563,0.23440170714144187,0.08667453228858055,32,Man,sad,asian
/home/peisze/PycharmProjects/causalgaze/xgaze_224/test/samples/subject0068/frame[3]_cam[0].jpg,0.06926979154655191,0.06920938223742272,0.1788815404893692,0.18752724089260345,0.32769123785471593,0.3406663926116795,0.3638785368895147,0.14239165102216625,2.190899569023292,0.28112888619398513,0.303914326029893,0.9191489647563141,0.9978677932371789,0.9391762776196668,0.6973379867390309,0.103923225807649,0.20293592611435035,0.9896773196514319,0.23155985391106954,0.45192119502969025,0.2600707319848572,0.08647903343398898,29,Man,neutral,asian
/home/peisze/PycharmProjects/causalgaze/xgaze_224/test/samples/subject0068/frame[0]_cam[0].jpg,0.06503368605131545,0.0684007182099334,0.17353230337895795,0.17950138598975474,0.3382096047584326,0.3306108928642398,0.3682442550335638,0.15573483468277763,2.1286675488759714,0.27907501072261187,0.3015529399206873,0.9025235057510624,0.9928408398562938,0.9336938913596031,0.6950452114656714,0.10326960674904391,0.20166125248762184,0.9829078306692445,0.22586400910836438,0.44522433784721616,0.2657072169904934,0.08218628579793068,30,Man,fear,asian
/home/peisze/PycharmProjects/causalgaze/xgaze_224/test/samples/subject0068/frame[2]_cam[0].jpg,0.06283133308249783,0.0693909463324097,0.18232064874857123,0.18590278431275675,0.3325546501541675,0.30548407604939737,0.3680823531959152,0.15058139402844045,2.159365466499858,0.2802022570671494,0.3029300545368361,0.8913195218142362,0.9894315383002831,0.9307683733624363,0.6922843029511464,0.10335290739506861,0.19128171268498492,0.984004540890152,0.22303414996061197,0.4539628696801375,0.262566050363769,0.06939812354819841,29,Man,surprise,asian
/home/peisze/PycharmProjects/causalgaze/xgaze_224/test/samples/subject0068/frame[7]_cam[0].jpg,0.07175390680697688,0.0710689542898192,0.176216850502382,0.18149789098640726,0.3471789638895169,0.35903442790573054,0.3599282182710507,0.14228201477946595,2.18968773981091,0.27797328666008997,0.30099970249733926,0.9114052264931589,0.996669021810819,0.9366481455650888,0.6911419648728806,0.10029403341230354,0.20378194206424446,0.9816400531618523,0.23965752215620478,0.4435111401840132,0.25983859880924104,0.08721063861417057,29,Man,neutral,asian
/home/peisze/PycharmProjects/causalgaze/xgaze_224/test/samples/subject0068/frame[5]_cam[0].jpg,0.0436133509000867,0.046133045843073775,0.17421103026406695,0.18228472476322063,0.22374724569968776,0.21762210749612163,0.36900565384868333,0.1484360784625719,2.1520231049677103,0.2910255384991017,0.30366416655510653,0.9192282527023928,1.0007992418934144,0.9442601166037417,0.7031691172795814,0.10463597081441904,0.18032206124889558,0.9896476876609879,0.23389625188300842,0.4576732454598609,0.2623788395046188,0.08400627979850979,28,Man,angry,asian
/home/peisze/PycharmProjects/causalgaze/xgaze_224/test/samples/subject0068/frame[1]_cam[0].jpg,0.03640349726997094,0.04431883092131449,0.17656055279870753,0.1790820426007462,0.21776488725988574,0.17960614710714132,0.3705234952093978,0.13995085762074902,2.235901118577598,0.2889184115795461,0.302339358218308,0.9017891041606352,0.9867545028881484,0.9398029248113399,0.7004115682293144,0.10744049363889402,0.18457863842880468,0.9768394133354661,0.2316504536899633,0.460723102076642,0.260853495058303,0.07922911240018224,28,Man,angry,asian
/home/peisze/PycharmProjects/causalgaze/xgaze_224/test/samples/subject0068/frame[8]_cam[0].jpg,0.05166404001091781,0.0533708754961277,0.17720341563428488,0.18536568174525142,0.2547712883771197,0.2544310534234121,0.37262991104781945,0.1382770859581796,2.2346701917054914,0.28956133177979343,0.30477238604154155,0.9100706184279677,0.9960051973289747,0.9296656948688524,0.7001685659679983,0.11308986379420786,0.17571153376853416,0.9903033888721415,0.22562213853961033,0.45831033046312447,0.26443364279490444,0.08664137125101881,28,Man,angry,asian
/home/peisze/PycharmProjects/causalgaze/xgaze_224/test/samples/subject0068/frame[9]_cam[0].jpg,0.04172531608902013,0.0496039566675728,0.1788808588732221,0.18567829327904184,0.23526371712014907,0.20335409106690752,0.3741973543314596,0.13817552297930288,2.2478498944441236,0.28863622747167417,0.310852896213294,0.9285618018205217,1.0114699199602681,0.9496422124730991,0.7103245875605864,0.1078169463178663,0.18238751571124281,0.9966459142269797,0.2430191819693907,0.4586105815588712,0.25781083818780287,0.07854292343552949,29,Man,angry,asian
/home/peisze/PycharmProjects/causalgaze/xgaze_224/test/samples/subject0068/frame[4]_cam[0].jpg,0.04244897216865694,0.048626162683471565,0.17448927233794237,0.181965629627779,0.2359173687647883,0.21219424288684427,0.3729256534567605,0.14294115737548355,2.1990643242823995,0.2913710916403173,0.3070946101314943,0.9327001137797062,1.0113628376632704,0.9556165821524255,0.7136884622079931,0.10409562379354534,0.18098953403246645,0.9959480529090406,0.24481095183422955,0.45727348022229064,0.26698967511958815,0.08389513932050022,29,Man,angry,asian
/home/peisze/PycharmProjects/causalgaze/xgaze_224/test/samples/subject0068/frame[6]_cam[0].jpg,0.06147736332081454,0.06449091605394558,0.1803809917231024,0.18407022909595175,0.3108138216793226,0.3000426110287986,0.3630404532664244,0.13553875373972463,2.2550851069957236,0.27880886751853345,0.302080275736682,0.9059500127443725,0.9916819679046096,0.9299891674311205,0.6927992257079211,0.10681589907354254,0.19552515268769158,0.9783105674310661,0.23578219888717447,0.4505261487825338,0.2560925131377478,0.0768826241602814,29,Man,fear,asian
/home/peisze/PycharmProjects/causalgaze/xgaze_224/test/samples/subject0070/frame[3]_cam[0].jpg,0.0684011990702686,0.07254202642669068,0.19447222792103913,0.20318257004340387,0.3185009439535178,0.31123573792909,0.38061008578904787,0.12781301385022967,2.384910969998153,0.2745275343541759,0.3137507507943761,0.8871371893362576,0.9652822670429219,0.9600148604999071,0.6918897491507433,0.12958555993187226,0.19804399589967042,0.9557002838287652,0.22312467371917136,0.46957283962557494,0.2551807396086362,0.06766371923905014,28,Man,neutral,middle eastern
/home/peisze/PycharmProjects/causalgaze/xgaze_224/test/samples/subject0070/frame[0]_cam[0].jpg,0.07940722367019036,0.08112312732513226,0.19429685756983944,0.19985726616863322,0.3623847831851546,0.3617432627132771,0.3684376192439522,0.11984954809265135,2.4022839852008415,0.27316428425212685,0.307637416403964,0.884703786175524,0.9571632714530746,0.946218340441947,0.683976969864459,0.1257109576995124,0.21343492203232942,0.9453596674068486,0.2181070394173868,0.46291536992455645,0.2528274917085971,0.07077119219791095,28,Man,neutral,indian
/home/peisze/PycharmProjects/causalgaze/xgaze_224/test/samples/subject0070/frame[2]_cam[0].jpg,0.0779813551650422,0.0780069099101557,0.18498308905437896,0.19788810925451866,0.3501393138038646,0.37136642118915975,0.37679265363317477,0.12366543417829433,2.414417795513928,0.2738659362924757,0.3113163047517513,0.8887084356618943,0.9719093084435032,0.954157384204772,0.6922542356854082,0.11924043854934063,0.21161897036214883,0.9634978399972178,0.2256108670709961,0.4591051147334571,0.2612884628319668,0.09320018176548071,27,Man,neutral,middle eastern
/home/peisze/PycharmProjects/causalgaze/xgaze_224/test/samples/subject0070/frame[7]_cam[0].jpg,0.07245264486795021,0.07149788439426748,0.19384158329280293,0.20879958839598467,0.305130025386377,0.3300100817446005,0.371662952797554,0.12692169611722487,2.355135513500129,0.27418375594434996,0.31345651166546445,0.8807747741251892,0.9474957843491053,0.9551307257635817,0.685393231644186,0.12125481512408877,0.19700121360865933,0.9399469794396471,0.2220109263699988,0.4642141905461539,0.2470949704876073,0.08854072056377872,26,Man,neutral,middle eastern
/home/peisze/PycharmProjects/causalgaze/xgaze_224/test/samples/subject0070/frame[5]_cam[0].jpg,0.05210960221543123,0.05308498690608505,0.18125183452660917,0.19311245636582222,0.24354534599450078,0.2516811756639755,0.38217035470007726,0.1350840054600881,2.3256740174033252,0.28002422120983456,0.3199023254825712,0.8928067424120989,0.9787566391024061,0.9663187617826319,0.7094275919880509,0.12467786991390013,0.19798765236908805,0.969787004551891,0.22550490304844345,0.46158168089715423,0.2639049966106169,0.08805229691463373,25,Man,sad,middle eastern
/home/peisze/PycharmProjects/causalgaze/xgaze_224/test/samples/subject0070/frame[1]_cam[0].jpg,0.07407233477937857,0.07293245020034686,0.1866364207259735,0.2001815776857977,0.32461293710658307,0.35038121421639573,0.3756641868680872,0.11531396817847356,2.5168472259100856,0.27455779773609124,0.3092027969998622,0.8736298625684116,0.9576971789593925,0.9530422582374768,0.6845309103650916,0.12092584423828097,0.19988044674225655,0.9529280530578376,0.236137580933053,0.46185498336255687,0.2518295319608373,0.08902377745756779,26,Man,neutral,middle eastern
/home/peisze/PycharmProjects/causalgaze/xgaze_224/test/samples/subject0070/frame[8]_cam[0].jpg,0.09052932123207726,0.08735716867767436,0.19908305010492688,0.21353995397342407,0.3654488625307583,0.4033359252180699,0.37446858579113057,0.10965961393331339,2.569919747273493,0.268718983603202,0.3112919382906025,0.8830867511350977,0.9474813763254399,0.9512487854902112,0.6826965466628552,0.12440263190097416,0.21381237785779494,0.9373252715773132,0.22801572220358668,0.47546765246289246,0.248165797682224,0.08812302179544651,28,Man,neutral,middle eastern
/home/peisze/PycharmProjects/causalgaze/xgaze_224/test/samples/subject0070/frame[9]_cam[0].jpg,0.06294934617398651,0.06332856744541217,0.18647815203427157,0.19189634608374803,0.2933812739910665,0.29736430295015664,0.38223571144690105,0.1230086332983483,2.4503378927937347,0.2813356937625035,0.31137500175272315,0.8761986892355969,0.9614767043049156,0.9628837270105907,0.6954677709389908,0.12726153150703187,0.19917958883189765,0.9570028553960523,0.227865489063283,0.46121204910285696,0.26156143122408504,0.0840303782147456,25,Man,neutral,middle eastern
/home/peisze/PycharmProjects/causalgaze/xgaze_224/test/samples/subject0070/frame[4]_cam[0].jpg,0.06714444613024811,0.06780548321712268,0.1860870262489958,0.19418126799589333,0.31071686362756373,0.3181740666953572,0.3832797958648475,0.13110634579618746,2.3699670794170276,0.2774085694309283,0.31513634003653945,0.8952333215689383,0.9772857192896766,0.9647383290275466,0.7023844936796964,0.12682542000459912,0.20424332371560483,0.9686625918767999,0.22242047177445626,0.4693965176703642,0.2664712934216036,0.0820977483500396,26,Man,neutral,middle eastern
/home/peisze/PycharmProjects/causalgaze/xgaze_224/test/samples/subject0070/frame[6]_cam[0].jpg,0.08196174106663297,0.07945052489669045,0.19403121713527038,0.19885571300320107,0.3574841487735684,0.3744395390068338,0.3711917548202463,0.13590765648791228,2.26244231369424,0.27062617360007013,0.30698723510897186,0.882817651241871,0.9581163042445007,0.9445035340180593,0.6814084387666169,0.11643192057197163,0.21978916053686529,0.9454662597472375,0.2108707574792155,0.46369312537142,0.2577455082362187,0.07168613821057751,28,Man,neutral,indian
/home/peisze/PycharmProjects/causalgaze/xgaze_224/test/samples/subject0082/frame[3]_cam[0].jpg,0.04487754886025749,0.04537181470227212,0.18753784316307107,0.1890020199797099,0.21216996743423722,0.20875348223258586,0.4138730074983951,0.14908649540843638,2.267541856749438,0.3116495144499532,0.30465896826413175,0.9505503086325553,1.0150562242978343,0.9653140177124803,0.7120173603933666,0.11879376294924994,0.1270533320995022,0.9922706563261983,0.29144520247539835,0.46760189502888777,0.26269501306450166,0.0882286018734866,36,Man,neutral,asian
/home/peisze/PycharmProjects/causalgaze/xgaze_224/test/samples/subject0082/frame[0]_cam[0].jpg,0.06065791156294222,0.05537973312134408,0.1982208178364836,0.18548624747820733,0.2652932771864219,0.2706263684723346,0.4230337441883329,0.1282266133414033,2.453001617512723,0.317634809456075,0.27771744122295766,0.9283467408499776,0.9806785022598898,0.9568337840718564,0.7038459258396234,0.12478925616515843,0.15225123034905222,0.9529040801956151,0.304098619081511,0.4646693223089245,0.2651670709944747,0.08793669446509828,39,Man,neutral,white
/home/peisze/PycharmProjects/causalgaze/xgaze_224/test/samples/subject0082/frame[2]_cam[0].jpg,0.0509643105911465,0.049791119527804954,0.18928885096218453,0.17632944733780173,0.24869297550632816,0.23464165848768587,0.4223638917461467,0.1341579864243487,2.414159790106045,0.31296179213791947,0.2937630262307666,0.9449113567002005,1.008064409402459,0.9760984582322436,0.7066547359623918,0.13059900395363305,0.14008137336044343,0.9746671095739369,0.3269114244672928,0.4719691579302021,0.26946596489023716,0.0847689269081874,35,Man,neutral,white
/home/peisze/PycharmProjects/causalgaze/xgaze_224/test/samples/subject0082/frame[7]_cam[0].jpg,0.059612069276770735,0.06113918396088563,0.1888888269870073,0.18292647023125302,0.29570046818205464,0.2764207522028649,0.41439976775954995,0.11949371707836787,2.557157877298201,0.3026313951921708,0.2953480756330996,0.937561145150328,0.9997840071551325,0.9477988746754402,0.6997892709784936,0.13065455207651777,0.1464920928805926,0.9701303237601016,0.31333830816711983,0.4592240202645256,0.26123479837666336,0.0830689347533677,32,Man,neutral,latino hispanic
/home/peisze/PycharmProjects/causalgaze/xgaze_224/test/samples/subject0082/frame[5]_cam[0].jpg,0.037348898602375495,0.03622425935845712,0.18377364269800678,0.18322914130168275,0.17488227251964095,0.1764057742161676,0.41311883716421266,0.13372521151817904,2.40164640870114,0.3074728640907481,0.29776488804115053,0.933501457752905,0.9988310204770894,0.9593958704792291,0.7045178973055956,0.11876372653397749,0.13085696751379056,0.9719687877992428,0.2986830938370485,0.45848297221409395,0.2637614250757592,0.086823467177139,36,Man,neutral,asian
/home/peisze/PycharmProjects/causalgaze/xgaze_224/test/samples/subject0082/frame[1]_cam[0].jpg,0.06992728483151156,0.06659000182738842,0.20511469735390542,0.19943207141415836,0.29779651907725546,0.30161154583598737,0.4171918805151682,0.13585304538961768,2.3646765754796495,0.31839028389123036,0.28464287790965087,0.9322331498553814,0.9913021620257647,0.9740620668464445,0.7054342271873247,0.12694427684693543,0.15007409264206664,0.9636442933287128,0.3147106527429805,0.4760825112953693,0.26316447584832797,0.09213720050028341,37,Man,neutral,latino hispanic
/home/peisze/PycharmProjects/causalgaze/xgaze_224/test/samples/subject0082/frame[8]_cam[0].jpg,0.05987784086209496,0.06027675096975603,0.18673629348157872,0.18545386398782626,0.2865999246309139,0.280262645955683,0.41612856835966006,0.12609952600462904,2.4956745563471725,0.29805637546012265,0.2981262671817807,0.9355390965657073,0.9872186477964824,0.9505792470991015,0.6985649714824942,0.12967523775433754,0.14819607625424433,0.9569692171009349,0.3079979041578043,0.46696704280988677,0.26538615031841756,0.09011828295294436,33,Man,neutral,white
/home/peisze/PycharmProjects/causalgaze/xgaze_224/test/samples/subject0082/frame[9]_cam[0].jpg,0.07454866627243505,0.07193019790793449,0.19941255193983062,0.20225894677532744,0.315469662991438,0.33036705581381337,0.414471724537859,0.12067120445907283,2.543075442670103,0.29747538047320304,0.2971727299521204,0.9272452337059415,0.9793414013174526,0.9411273067577647,0.6998579003455037,0.1343371839384629,0.1643225593172863,0.9484376969328812,0.2964025948612133,0.4671580711934636,0.25611513437349037,0.08821672830941484,34,Man,fear,asian
/home/peisze/PycharmProjects/causalgaze/xgaze_224/test/samples/subject0082/frame[4]_cam[0].jpg,0.04628707816620036,0.04644796327299781,0.1850347067929844,0.1835776166900505,0.22239311043354623,0.21703646207074317,0.41180691919837514,0.14168914544329417,2.319415056277871,0.3089887795781628,0.3027283482138851,0.9512818791411113,1.0137424166308244,0.9826087908144684,0.7103191388589174,0.12240634166282843,0.13623092700659076,0.9868230118706367,0.3089117598189605,0.46142785085487587,0.26426589806150486,0.08851515492385692,35,Man,neutral,white
/home/peisze/PycharmProjects/causalgaze/xgaze_224/test/samples/subject0082/frame[6]_cam[0].jpg,0.034036784852499904,0.03556400499630135,0.18732974241993314,0.18353123078699898,0.17155472737987632,0.15783691856356297,0.421810899029541,0.13504631975565798,2.415923629881092,0.31216050079436647,0.29940352235374057,0.9424145513866712,1.0084591122427349,0.9562948912606528,0.7105805223451793,0.11680257961630394,0.13253966885767465,0.9826378499784107,0.29413028430205673,0.4587259956389578,0.2635308638564491,0.08646485412321152,37,Man,neutral,asian
/home/peisze/PycharmProjects/causalgaze/xgaze_224/test/samples/subject0087/frame[3]_cam[0].jpg,0.07452036568394768,0.0770873619732067,0.18752299836354708,0.20498307190157622,0.3358534628880672,0.35047527704644044,0.3587832353685143,0.11550388998116112,2.438367410304415,0.27529903327035604,0.31058158664851804,0.9578456029894516,1.0173268632590557,0.9181592138617727,0.694175387533432,0.13189383423956913,0.18023270330073207,0.9868758458874176,0.22213439817164302,0.43625004031299314,0.23929361527139698,0.0855513413174035,31,Man,neutral,indian
/home/peisze/PycharmProjects/causalgaze/xgaze_224/test/samples/subject0087/frame[0]_cam[0].jpg,0.07449052804765224,0.07869532155012814,0.18662545143121298,0.2016848082235492,0.34811969982878893,0.3515889483239296,0.3490469801322326,0.09820847304673466,2.6073238389717166,0.2722035270435773,0.3047677780131884,0.9263633304285938,0.993474321319965,0.8909273969943031,0.6781011224915269,0.132629063238184,0.17829149446510242,0.9744926488814072,0.2208847597698911,0.4222417037768539,0.23143383442993407,0.08437377621820254,32,Man,neutral,indian
/home/peisze/PycharmProjects/causalgaze/xgaze_224/test/samples/subject0087/frame[2]_cam[0].jpg,0.05590029324066358,0.060608984840253545,0.18461029891316152,0.1986868339564359,0.27106943644141696,0.2661188726292472,0.35842336608460057,0.10989022927717614,2.492700807311064,0.2685971226664783,0.3159210036714887,0.9358926852001374,1.0096187403985326,0.917412595930101,0.6909648889752371,0.13544854964227032,0.16497406690612249,0.9892098070852798,0.23086195656272004,0.42181668527303495,0.22973011291336023,0.0729074103955337,33,Man,neutral,indian
/home/peisze/PycharmProjects/causalgaze/xgaze_224/test/samples/subject0087/frame[7]_cam[0].jpg,0.07461622237073241,0.07810399399132827,0.1909705018449619,0.204940320497557,0.34185884230147884,0.3465921460863775,0.35193977841910024,0.12065022711060845,2.348763668448307,0.2639106693090535,0.3133918314775948,0.9362150884636665,1.0079950431479725,0.9228361958856127,0.6865358597244424,0.129918934954553,0.18538953570392927,0.9801725868276036,0.2243106656658655,0.4355742336891582,0.2364178638552983,0.06215654167581678,33,Man,neutral,indian
/home/peisze/PycharmProjects/causalgaze/xgaze_224/test/samples/subject0087/frame[5]_cam[0].jpg,0.07023318373452607,0.07210604303481855,0.1786337084630401,0.1961160096600217,0.32738994460473747,0.3461185680801502,0.35834408347607594,0.1229658986589872,2.3430713168940946,0.2680235297555744,0.3147147193263254,0.9736011857206879,1.0399427652215507,0.9370150981714663,0.701415721897582,0.12964512035459566,0.19057249931291936,1.0029812476985798,0.23084339130715462,0.4194028488306831,0.2425929730437919,0.08373583782796741,33,Man,neutral,indian
/home/peisze/PycharmProjects/causalgaze/xgaze_224/test/samples/subject0087/frame[10]_cam[0].jpg,0.027610296600941678,0.03382693294189454,0.18688557208694997,0.19761740463519023,0.1532488169497367,0.12886805413552344,0.3469632127261468,0.11805736243284294,2.365403634766831,0.27899147751923853,0.31729172235053366,0.9399314978667999,1.0118231950760472,0.8869474221917516,0.7045600136471413,0.136004988561407,0.15524718899153017,0.9923804001642978,0.1964171436967329,0.42437179170977773,0.24080973756402,0.08179037341053602,33,Man,neutral,indian
/home/peisze/PycharmProjects/causalgaze/xgaze_224/test/samples/subject0087/frame[8]_cam[0].jpg,0.05548561651374666,0.06185003811960313,0.18466202885561409,0.20537039781615488,0.2677341598300549,0.2629660940084139,0.36221369287837857,0.12952781377122513,2.295267208518432,0.2782956091512244,0.3272592280286845,0.9709709716913064,1.0477908287710191,0.936848300504013,0.7125034576988616,0.13209533571047102,0.16110255071204846,1.0239266894818735,0.22453122795692712,0.4303973311873751,0.2373574429804067,0.08631725902056103,30,Man,neutral,indian
/home/peisze/PycharmProjects/causalgaze/xgaze_224/test/samples/subject0087/frame[9]_cam[0].jpg,0.06964076487121826,0.0730316047674046,0.18447101882516448,0.20277806221202918,0.32132234613647864,0.33288361590293813,0.3641137169832611,0.1211899707924257,2.391561632754734,0.26651053451753765,0.321767828958974,0.9736956763793203,1.0424728656729996,0.9408834062729975,0.7049404395123698,0.13439067845120706,0.18547801858308152,1.0143345113256028,0.23229273052620306,0.4256268878495108,0.24041363945497587,0.07536901393245456,33,Man,neutral,indian
/home/peisze/PycharmProjects/causalgaze/xgaze_224/test/samples/subject0087/frame[4]_cam[0].jpg,0.0796467589017379,0.08350109555077545,0.19122246058229392,0.2063305017303165,0.36240204882370175,0.36969678335616285,0.3555222860320564,0.12118721561788133,2.3667978090346256,0.2642760052035561,0.3097012392467734,0.9345328978612528,1.0081410943350209,0.9263494282812187,0.6838859644053197,0.13145986046134248,0.18139381205468627,0.9803680780477892,0.23177876838223302,0.427826601472595,0.23592587293234918,0.062278503944024906,33,Man,surprise,indian
/home/peisze/PycharmProjects/causalgaze/xgaze_224/test/samples/subject0087/frame[6]_cam[0].jpg,0.07219749550635646,0.07323594373766827,0.17934886707534892,0.19808201835931724,0.3295896309425233,0.3538843165298793,0.351202429775563,0.11954736860324634,2.3469242707989024,0.2677182422262717,0.31387658829517806,0.9725125501794565,1.0301580350328885,0.9345999936099336,0.6960207600030951,0.13259107234939277,0.18610890237910435,0.994122603288369,0.22907772008470495,0.4173588902023192,0.2406973651696855,0.08521032647519687,33,Man,neutral,indian
/home/peisze/PycharmProjects/causalgaze/xgaze_224/test/samples/subject0091/frame[3]_cam[0].jpg,0.08141230989483146,0.08452950142983594,0.21544342468897654,0.21636002966930834,0.34841066298744955,0.3358545189307113,0.3768304674902899,0.1614541854214433,2.1233406665482337,0.29952039157732635,0.314456691216215,0.8898599956524719,0.9863251838324756,0.9711792862148597,0.7175926834680868,0.12232822547895993,0.18247895310941634,0.9840164471526134,0.19923941961783628,0.48296223146687967,0.26044930516234355,0.07257555458734495,30,Man,fear,white
/home/peisze/PycharmProjects/causalgaze/xgaze_224/test/samples/subject0091/frame[13]_cam[0].jpg,0.06370021311509765,0.06105574453928556,0.20403362602552946,0.2042122587105686,0.2646997824483058,0.276093860018478,0.3793994454429936,0.1376750988928018,2.296516463952222,0.30099507086046134,0.3192200095446052,0.8958243020191204,1.0002926461748363,0.9880330910515716,0.724480768913926,0.12445213066244357,0.1755254993495604,1.004259174590867,0.23136366433371833,0.48629871071834496,0.2667897985250515,0.08195566452300557,33,Man,sad,white
/home/peisze/PycharmProjects/causalgaze/xgaze_224/test/samples/subject0091/frame[2]_cam[0].jpg,0.08150970168272317,0.07768974303704174,0.20445184416494314,0.2131783584731578,0.3238950475122127,0.35349622812502823,0.36802867471444034,0.1594962641825028,2.1187446743718032,0.29515660802640437,0.3129757756988592,0.8787866694743246,0.9836399203740539,0.9654448710082463,0.7085045779134849,0.12314881945540895,0.18368754116792096,0.9858444326319706,0.19749157208981502,0.48164530615484275,0.2592555992170014,0.0937705847968577,29,Man,neutral,white
/home/peisze/PycharmProjects/causalgaze/xgaze_224/test/samples/subject0091/frame[14]_cam[0].jpg,0.07447492833111226,0.07288099675537536,0.19863384495522501,0.21095882379158679,0.30582197740341904,0.3307383412915359,0.37418660436576495,0.13621354061829355,2.302834345303647,0.2953718636434512,0.31899948995337973,0.8903755121718439,0.9945475901053977,0.9633636899197263,0.7158181958973872,0.12497781434821506,0.18027999899878808,0.9984016398662081,0.216713070535983,0.48409796433429453,0.2634649402520854,0.09361157970022214,29,Man,sad,white
/home/peisze/PycharmProjects/causalgaze/xgaze_224/test/samples/subject0091/frame[7]_cam[0].jpg,0.05220799259396601,0.05309948446445715,0.1974131217604563,0.20847252092871288,0.22456041743089514,0.2319016585116007,0.3823134217350391,0.13572984264796806,2.3216803626926663,0.3080558565071073,0.3249877620395641,0.9076410016315444,1.021436752043314,0.9732995590795847,0.7377417667935393,0.12125829692556836,0.16752609900222967,1.0284635947725824,0.22038775645702344,0.4879038680315834,0.2685501739928068,0.09614923750615571,32,Man,sad,white
/home/peisze/PycharmProjects/causalgaze/xgaze_224/test/samples/subject0091/frame[12]_cam[0].jpg,0.08267622255445346,0.08167222164001997,0.19768667528074052,0.20373864722602725,0.354966546899443,0.3692804462855161,0.3741226931653647,0.1384666931579048,2.288247925858149,0.2933018438616867,0.31233071639650195,0.8886273002511984,0.9832483540123661,0.9712455735760432,0.713300738637647,0.12072025588357875,0.19538447272134754,0.9834917841469325,0.22279081379517435,0.48382956573289343,0.2746590740893523,0.09442486904740587,30,Man,sad,white
/home/peisze/PycharmProjects/causalgaze/xgaze_224/test/samples/subject0091/frame[8]_cam[0].jpg,0.05964717566648048,0.058458803869286195,0.19342783106435257,0.19544383283112332,0.2633927067465547,0.2709758706511095,0.3716868800397848,0.13466747920321306,2.295130634658752,0.3002809076669777,0.3123793216293246,0.8859544176010578,0.9856845603097167,0.9767590860612216,0.7184210699488527,0.12345713535087682,0.1763518007298841,0.9886573058687703,0.2277524621199231,0.48159329415452323,0.27194601192868995,0.09332622360096827,31,Woman,sad,white
/home/peisze/PycharmProjects/causalgaze/xgaze_224/test/samples/subject0091/frame[9]_cam[0].jpg,0.08854667350734481,0.09292854125088837,0.21231680820202498,0.21481782400248306,0.38598153725345546,0.3704233703277624,0.37595736564972126,0.13310068190057728,2.3300627665824174,0.29243250271233445,0.3088528875995061,0.8843455816592964,0.978000975822669,0.9656318821878791,0.7095520579927962,0.12759591370176865,0.18830490767475572,0.9737992487778544,0.2253614367400647,0.48014666032650943,0.2598445801698696,0.07045708656907831,30,Man,fear,white
/home/peisze/PycharmProjects/causalgaze/xgaze_224/test/samples/subject0091/frame[4]_cam[0].jpg,0.07699492094463879,0.0764075081809459,0.20182705953962,0.2078543446151745,0.3250009489494226,0.3361653875446484,0.36975910526550565,0.15545872165490723,2.155332230961058,0.29733621013195566,0.31272920335579574,0.877146252584071,0.980782419105537,0.9630481611089449,0.7126102514080784,0.12320459839820463,0.17881595187744004,0.98432936194907,0.19939663315811842,0.4798132776346712,0.26228926178054307,0.09896295938388412,30,Woman,sad,white
/home/peisze/PycharmProjects/causalgaze/xgaze_224/test/samples/subject0091/frame[6]_cam[0].jpg,0.09300585085668206,0.09202840429769815,0.20101545901236847,0.20138257564428105,0.40655834438178196,0.41045111616073715,0.3806651491456523,0.13908089755542993,2.3101547695508047,0.28890159832416273,0.30331726664582415,0.8794291799519578,0.9712231321544742,0.9576974678516033,0.7074370786647325,0.11321500091516486,0.2058724553393774,0.9685997401174695,0.21954357056638793,0.4735900746724164,0.27086418589201505,0.08423400638922084,33,Man,surprise,white
/home/peisze/PycharmProjects/causalgaze/xgaze_224/test/samples/subject0112/frame[3]_cam[0].jpg,0.07061196263224127,0.07265526980387933,0.1864874880836158,0.18980116588834503,0.34141775603604757,0.3351723969181516,0.3789866162963694,0.13946571297428198,2.290423453951144,0.2682974384343152,0.2827643708344461,0.8990753617506236,0.9756057153724057,0.8949491396705124,0.6697379532166094,0.1262181773500353,0.17699321944903987,0.9348437860284303,0.23060573360895242,0.4320273659798477,0.22919289248533026,0.07075179055733931,27,Man,fear,white
/home/peisze/PycharmProjects/causalgaze/xgaze_224/test/samples/subject0112/frame[0]_cam[0].jpg,0.07537450485230213,0.07573194821860832,0.18482193985738898,0.18800515379315727,0.35878646396490615,0.36050128573262485,0.36013050302580546,0.13535155775124644,2.2680895826335568,0.2638122610676089,0.2802485525069718,0.8811167360402692,0.9584000072570875,0.865231311448655,0.6530844902557166,0.12161900360512595,0.17688801473220475,0.9194616778172012,0.20473034636812631,0.42628564113714196,0.22712148630909104,0.07945590171249935,27,Man,fear,white
/home/peisze/PycharmProjects/causalgaze/xgaze_224/test/samples/subject0112/frame[2]_cam[0].jpg,0.04560476851274067,0.04452077974868446,0.18289431824241936,0.18060612733214604,0.21747591461603186,0.21790301309521268,0.39611837315147064,0.15128687053758008,2.2640812729407704,0.28713225520963903,0.29476431293324906,0.9068378104040147,1.001603153510657,0.9018975441376033,0.6961308111621478,0.12288540530673417,0.16173141048482517,0.971365270970665,0.2216048346584369,0.4455375533877401,0.24191349420525995,0.08681122368743828,30,Man,sad,white
/home/peisze/PycharmProjects/causalgaze/xgaze_224/test/samples/subject0112/frame[7]_cam[0].jpg,0.07522837254428347,0.07462930210328246,0.1901436099432705,0.19020324304672256,0.3498796340000869,0.35054015087324286,0.37644647314959406,0.13805841348723255,2.2936296611957645,0.274563031477186,0.28267779108603913,0.9128309410341957,0.9855418663628442,0.8965178282389371,0.6768233780144133,0.12679203592763597,0.17411003189812058,0.9458326208471382,0.22445376168377923,0.44010371779101093,0.23643333248515516,0.07545917768124874,28,Man,fear,white
/home/peisze/PycharmProjects/causalgaze/xgaze_224/test/samples/subject0112/frame[5]_cam[0].jpg,0.04269974412644916,0.04402374128818375,0.17925067601287684,0.18597433045835735,0.2102034748147146,0.20833439266514336,0.3950302903410338,0.14795657742342713,2.2726356726008525,0.2901294807203985,0.29626836984373306,0.922091924563803,1.0025369602258833,0.9076967673978736,0.6989829224587139,0.12539319977950927,0.15839991610829274,0.972946912200515,0.22368584026035307,0.4507763196297562,0.2504522713164441,0.08508290807764923,33,Man,neutral,white
/home/peisze/PycharmProjects/causalgaze/xgaze_224/test/samples/subject0112/frame[1]_cam[0].jpg,0.04760284714386012,0.04477945015841531,0.18634117663660438,0.18398877672159564,0.21446661249145535,0.22285950425910211,0.3989208327271202,0.1454813141228748,2.309024317101971,0.28619815469105325,0.29658680241042684,0.9059295034373946,0.9984515160304744,0.9015643625890926,0.6990173989727632,0.1253734955294081,0.1657666899457182,0.9684071445097058,0.22316802089537116,0.4437150859713754,0.23925952656978305,0.08626312315074305,31,Man,sad,white
/home/peisze/PycharmProjects/causalgaze/xgaze_224/test/samples/subject0112/frame[8]_cam[0].jpg,0.0263395353048156,0.013906096303029686,0.1974193796025968,0.19487480008038496,0.06314065684522109,0.1166314919450886,0.39833036186979826,0.15154605552044684,2.2541108752093444,0.29671800417855587,0.3060694317401778,0.9338807039114537,1.0292675666920306,0.9058741596842834,0.719955282220854,0.12706737398367648,0.1638843477600782,1.0048246021213028,0.21649926017690488,0.46815362501197266,0.25820720925132384,0.0815956675605427,33,Man,sad,white
/home/peisze/PycharmProjects/causalgaze/xgaze_224/test/samples/subject0112/frame[9]_cam[0].jpg,0.04777113180079,0.04472640027429396,0.18618693807081746,0.1854089062240169,0.21297767270399282,0.22397358055213823,0.4022223597876608,0.15115673432252338,2.272545448627863,0.2932686013059617,0.2976294899039521,0.9232867831674433,1.0113175149389642,0.9089870278966224,0.7057933170944678,0.11972726488652044,0.1647552745167095,0.9821508783994812,0.22129666226855801,0.45146366571976704,0.24546103651650442,0.08892577991081425,33,Man,sad,white
/home/peisze/PycharmProjects/causalgaze/xgaze_224/test/samples/subject0112/frame[4]_cam[0].jpg,0.04676376866976336,0.04685758351710866,0.18299368989266085,0.18566844325125956,0.2226141340391475,0.222705318102961,0.39847863097017105,0.1493150469339104,2.2703055491675284,0.2897683763524207,0.2969789203704123,0.9213931439552676,1.005559288033329,0.906118120364282,0.7023132927278981,0.11992084768456857,0.16198774457177234,0.9727568212816577,0.22333410352434285,0.4435777952460409,0.24205977400750453,0.08777365902027504,33,Man,sad,white
/home/peisze/PycharmProjects/causalgaze/xgaze_224/test/samples/subject0112/frame[6]_cam[0].jpg,0.023413865971124048,0.022570344375466917,0.1917092522548653,0.18525131887844087,0.10829983410486661,0.1057362897510563,0.3966089919641653,0.15094630299481523,2.2461890791137678,0.28979809414088586,0.29397406625681805,0.9150510337564137,0.9997920933347638,0.9001251178539958,0.7018845658477975,0.11957944948269476,0.16520359422844397,0.9660360805034751,0.22083294087151376,0.4417849728057555,0.24739804595336587,0.08387539947690222,33,Man,sad,white
/home/peisze/PycharmProjects/causalgaze/xgaze_224/test/samples/subject0114/frame[3]_cam[0].jpg,0.06701537788084287,0.06691369802387372,0.18386637242407258,0.1818017632523367,0.3292964486224359,0.3247802733530762,0.3402394720878391,0.13318581979319652,2.215023516819046,0.2850872101844825,0.28971190947676545,0.9261847930328851,0.9806694963591966,0.9778474553650045,0.6837020464226694,0.14875032519171577,0.15349399323382476,0.9358818705777309,0.26204657520005864,0.4621944220288905,0.2676766960007474,0.06867762625903001,32,Man,happy,asian
/home/peisze/PycharmProjects/causalgaze/xgaze_224/test/samples/subject0114/frame[0]_cam[0].jpg,0.04747743868633856,0.05096215285641304,0.1800733896990318,0.1768096122119528,0.25613173742270257,0.23338343039046772,0.3543714809440548,0.12251853148094143,2.3349999479054597,0.2941020640953522,0.2953008356976736,0.9282988424246468,1.002135677735006,0.9685379469429357,0.6940924393002598,0.14967373262387554,0.14076839349273615,0.9637495376071052,0.25728507872966516,0.4670626456721758,0.27207153573760834,0.07369096994878127,33,Man,sad,asian
/home/peisze/PycharmProjects/causalgaze/xgaze_224/test/samples/subject0114/frame[2]_cam[0].jpg,0.06356684163464948,0.05913762791266452,0.18088367911010117,0.18149528443432206,0.28959427199390786,0.31048560487325066,0.34341624049804115,0.1383338480896723,2.1637291698506003,0.2930970602203246,0.29376503473000865,0.9293969670921932,0.9962201653940309,0.9839317567677935,0.6925194482291507,0.14523332869766126,0.1435433795219173,0.956302853222343,0.2654536067374136,0.4677920938748059,0.27332503740775427,0.08817558748653852,32,Man,fear,asian
/home/peisze/PycharmProjects/causalgaze/xgaze_224/test/samples/subject0114/frame[7]_cam[0].jpg,0.04583860181445814,0.04518112387110828,0.1821047169120116,0.17732428796309269,0.2253519693486506,0.22212585755105232,0.3488515824203824,0.1293459094571413,2.2752879423689,0.29206180004977417,0.29682837255930167,0.924074682833182,0.9858631839967896,0.9808057370004788,0.6939450711836957,0.14893033198758546,0.1468698173401068,0.9490327988580377,0.2627878817763865,0.4637467318248691,0.2658492222796271,0.07264149092408552,33,Man,sad,asian
/home/peisze/PycharmProjects/causalgaze/xgaze_224/test/samples/subject0114/frame[5]_cam[0].jpg,0.06687481834644178,0.06712608969404157,0.18081947632615503,0.17926896879156004,0.3342265709950829,0.32887478891118255,0.33899524200359615,0.13129858244303144,2.230741026167877,0.2865254243579265,0.29319937432187704,0.9303403683141837,0.989651080397153,0.9846059563770301,0.6857389011935154,0.15234727296096517,0.14758231887966564,0.9461972090621276,0.2680531480631962,0.4638491309258717,0.27129710010164765,0.0695780365063816,32,Man,surprise,asian
/home/peisze/PycharmProjects/causalgaze/xgaze_224/test/samples/subject0114/frame[1]_cam[0].jpg,0.05259263351667516,0.05461682794509359,0.17408164209890536,0.17189014830333482,0.2819123810237624,0.26718010063255987,0.34829776914648264,0.12873984122510565,2.2685208709071603,0.2856324126698046,0.2924494026670328,0.9260313619811807,0.9869057988949423,0.9760093224306468,0.6894922002130072,0.1463386312587924,0.14972342891208745,0.9454083614540257,0.26502472503806246,0.4643077013335533,0.27550347316119733,0.07548472613205456,32,Man,fear,asian
/home/peisze/PycharmProjects/causalgaze/xgaze_224/test/samples/subject0114/frame[8]_cam[0].jpg,0.047485344498433085,0.043754701959184385,0.17743180883145487,0.17920161703062965,0.2162537837009726,0.23505461384922666,0.3415667083573773,0.13250341651415265,2.195585566098596,0.2939593783374774,0.29902774568332796,0.9316661374944386,1.0018638255992554,0.9800727038766364,0.699613219966266,0.14192840467872353,0.14293218859604637,0.9656405538292451,0.25797083674564747,0.4620801054887962,0.26885309802905216,0.08572692274826497,33,Man,sad,asian
/home/peisze/PycharmProjects/causalgaze/xgaze_224/test/samples/subject0114/frame[9]_cam[0].jpg,0.05793828032669336,0.05581499925835549,0.17579533426774627,0.17950772698058978,0.27628533091445967,0.29067510666087143,0.3401374937554411,0.14065448790304919,2.1389117704886527,0.2951972109621599,0.2968571177624157,0.9317842023456103,1.0020260622741677,0.9904377338922803,0.6932818903786414,0.1470391270722014,0.13887538216975925,0.96371665022336,0.26790608960370665,0.46658090885112613,0.2761415809227523,0.08760855559620344,32,Man,fear,asian
/home/peisze/PycharmProjects/causalgaze/xgaze_224/test/samples/subject0114/frame[4]_cam[0].jpg,0.0671871211204288,0.06773306255348643,0.18453042824605528,0.18188258828773843,0.332294903762811,0.32366170526392574,0.34423203290409055,0.132087778320308,2.2400362912076663,0.2855737719320965,0.2924235971068791,0.9288123389211645,0.9864418647851979,0.9823278782139023,0.6848668768158839,0.15284459753100965,0.14947577563284,0.9440422991225923,0.2683160800578559,0.46204052981202876,0.26695760575202687,0.0690149116188141,33,Man,fear,asian
/home/peisze/PycharmProjects/causalgaze/xgaze_224/test/samples/subject0114/frame[6]_cam[0].jpg,0.06514927625955888,0.06648688725530134,0.1798726283045842,0.17960997209648114,0.3305132090487037,0.3218442054501844,0.3421016993933529,0.13337292020548155,2.220034842439731,0.285549849576371,0.29408433554635516,0.9247959355930095,0.9855739546585665,0.9757676020828705,0.6858662480935792,0.15090044997399207,0.1504736036527548,0.9468792135207157,0.2600761127404392,0.4623672860380694,0.27165855644127757,0.06974434615061564,32,Man,fear,asian
/home/peisze/PycharmProjects/causalgaze/xgaze_224/test/samples/subject0118/frame[3]_cam[0].jpg,0.08359562802830289,0.0861615069671971,0.18687336559511633,0.20536590082547662,0.3715939912220876,0.3938821104115024,0.3848347593028361,0.10521924292562522,2.6922611418419633,0.2590911999998319,0.33082348619594787,0.921384903302009,0.9959770559390736,0.9461752213920722,0.7125162881032603,0.13803826180406414,0.22460220365197203,0.98815911599563,0.2489008051390585,0.4545354236595232,0.24538687404772752,0.08635639764832997,31,Man,fear,latino hispanic
/home/peisze/PycharmProjects/causalgaze/xgaze_224/test/samples/subject0118/frame[0]_cam[0].jpg,0.049395961961710186,0.04899578191433304,0.1844140082192489,0.20427064598308162,0.2116262793033532,0.23413264815301082,0.40236751017632205,0.1070271279329683,2.752672467288932,0.26695710591654254,0.33462723267607686,0.9268371157424296,1.0056874090457124,0.9504318243409312,0.7305914571179605,0.14573044975475616,0.19199322026398138,0.9996008401184525,0.24142341887649357,0.46704110855417275,0.24649745965780864,0.09117702204043955,32,Woman,sad,white
/home/peisze/PycharmProjects/causalgaze/xgaze_224/test/samples/subject0118/frame[2]_cam[0].jpg,0.06780136457495617,0.06899580875495562,0.19963810681379124,0.22473295107806837,0.27235531913459704,0.2976095103278754,0.40404523557242067,0.10485416267441552,2.759386826721352,0.2737233306079716,0.3416472338261049,0.9466953100441081,1.0326108897075394,0.9510007660099569,0.7405999424106202,0.15167879061490105,0.2076208264414634,1.027559968896102,0.24101297256656856,0.468016290900947,0.2339173004290446,0.10033739715033631,30,Man,sad,white
/home/peisze/PycharmProjects/causalgaze/xgaze_224/test/samples/subject0118/frame[7]_cam[0].jpg,0.10083851158713683,0.09485834397614246,0.20460991863668318,0.22461906000426762,0.37535808401297355,0.4354377696623619,0.38222074202407186,0.09415237199901766,2.8106112370096894,0.2635341635566115,0.3279477469840685,0.9299434076127695,1.00391871533193,0.9495506971653648,0.7067625803185098,0.14786181754296054,0.2231435058848717,0.9876697184493399,0.25022587344960934,0.4646349687131849,0.2327896068437124,0.09886134445432429,29,Man,sad,white
/home/peisze/PycharmProjects/causalgaze/xgaze_224/test/samples/subject0118/frame[5]_cam[0].jpg,0.06895635288847587,0.07108853272825555,0.18503990714946456,0.20127354331504924,0.3120548072792616,0.3269606776867309,0.39277863256721984,0.10329350860928481,2.754767973541817,0.26315774686708693,0.3313896359261292,0.9196342829996168,1.0038534756989819,0.943797888331413,0.7185672296607784,0.142386599213769,0.21370665317952126,1.000042421167848,0.24365002159253626,0.4564817795183656,0.24816855666033807,0.08621530264215084,31,Woman,fear,white
/home/peisze/PycharmProjects/causalgaze/xgaze_224/test/samples/subject0118/frame[1]_cam[0].jpg,0.05839552006281921,0.05878881305168693,0.19054312759238742,0.21518714509757386,0.2414193579397129,0.2675135020047425,0.4070365642397391,0.10346595725285371,2.7961666176819615,0.2706508794224827,0.3389320340184523,0.9320299844355919,1.0128998289585922,0.9497736032212212,0.733282536355869,0.1509954877504784,0.19509581803758116,1.0089018567735117,0.2423055221678559,0.46476089785033664,0.23602303811832326,0.0965639159538106,32,Woman,sad,white
/home/peisze/PycharmProjects/causalgaze/xgaze_224/test/samples/subject0118/frame[8]_cam[0].jpg,0.06214127270203311,0.06515865539595515,0.18077742573976224,0.19653627921971195,0.29406751578247914,0.3025285322541641,0.3762487795378392,0.10013042741834013,2.7267392701046465,0.2541689120403997,0.32853543729839196,0.9094913742648306,0.9923486812509772,0.9395039788795768,0.7056807677056962,0.15128151201817383,0.19806867710120024,0.9900651391251071,0.24840005083398664,0.44962173729165045,0.24253752641791468,0.07026370170984701,32,Woman,sad,white
/home/peisze/PycharmProjects/causalgaze/xgaze_224/test/samples/subject0118/frame[9]_cam[0].jpg,0.07131608589837751,0.0764980554050703,0.18807032768721244,0.20836390381675826,0.32612474307855316,0.3339428826430148,0.3844514637520724,0.09058886963879156,2.9373522151876643,0.25615875943996985,0.33860240316224904,0.9338685913548356,1.0087710664536358,0.9607100422946946,0.7200108607661609,0.15072035568834327,0.2102667399193082,1.0054280916442127,0.2663600975942661,0.4557442622870273,0.24369613909680912,0.07243233059930797,30,Woman,fear,white
/home/peisze/PycharmProjects/causalgaze/xgaze_224/test/samples/subject0118/frame[4]_cam[0].jpg,0.08857577091308488,0.08920514860345298,0.1888389996728382,0.20982937312170752,0.376197328019888,0.4131105403198294,0.3794839023177966,0.1031743908988464,2.6839977850712007,0.2585053757050356,0.32824585506296866,0.9140999876171183,0.9919114311211206,0.9417629350837231,0.7040894973221858,0.13706590834171203,0.2239934635245535,0.9800053393983427,0.24817731110649774,0.4562759951797295,0.24000233968908974,0.0960456066051307,31,Man,neutral,latino hispanic
/home/peisze/PycharmProjects/causalgaze/xgaze_224/test/samples/subject0118/frame[6]_cam[0].jpg,0.07177466562473787,0.07808363253155416,0.19261316370325102,0.21218240468242375,0.3270098754337351,0.3278729560306905,0.39040784776553467,0.10082435893603715,2.801265356096454,0.2586268793994308,0.3375733075958826,0.9299262660528247,1.007266111753555,0.9560808399698625,0.7198555717113313,0.14514632104704592,0.21073189196724906,1.0038062390546147,0.2574795366259403,0.4632583857974761,0.24367300422962235,0.07394100610732557,30,Woman,fear,white
/home/peisze/PycharmProjects/causalgaze/xgaze_224/test_person_specific/samples/subject0012/frame[3]_cam[0].jpg,0.08262156034308663,0.07895261972057442,0.20328586348883596,0.19555254105880063,0.3600828707976843,0.36042052772784644,0.37137125483791017,0.11970639014103816,2.475119345627274,0.2995189865839509,0.29868547979386795,0.897485568668817,0.9779257335551376,0.9102621769832635,0.7095029870451701,0.12395316453480897,0.20506036961925855,0.9591046670640848,0.23387861491438616,0.4686401630128824,0.2646324563701108,0.0833821559435812,28,Man,surprise,white
/home/peisze/PycharmProjects/causalgaze/xgaze_224/test_person_specific/samples/subject0012/frame[0]_cam[0].jpg,0.0809443045041702,0.08094393744503839,0.21010962273616612,0.20818940629624666,0.3477249787537264,0.3419697947023245,0.37017885125567057,0.119002747876474,2.4751089202772962,0.2925015249188026,0.31013363876276895,0.9048858128395628,0.9813027335953798,0.9171222503310003,0.7110862001314457,0.12471907649084418,0.20649365536734912,0.9579938858272427,0.24292276439550128,0.4806167796443806,0.25793058508053124,0.06949660214746477,27,Man,surprise,white
/home/peisze/PycharmProjects/causalgaze/xgaze_224/test_person_specific/samples/subject0012/frame[2]_cam[0].jpg,0.06875771027765744,0.06990432942299472,0.20487985876041861,0.21058488770957487,0.2940435388014649,0.2958732199078802,0.3810202271805062,0.12004189818054257,2.483900834441026,0.3116071372119088,0.315848822608483,0.9333080053499779,1.0159878655667791,0.9323053691468501,0.742248116105439,0.13102718780774572,0.19543398303505974,1.003150069881641,0.2431973362809663,0.4870817128704975,0.2694529579947486,0.09719640219028214,30,Woman,neutral,white
/home/peisze/PycharmProjects/causalgaze/xgaze_224/test_person_specific/samples/subject0012/frame[7]_cam[0].jpg,0.0841094666390481,0.0811043295222286,0.21673295637659395,0.20293183820203556,0.3572636108664712,0.344860719201364,0.36975846250533345,0.11674646923229935,2.486526706100839,0.30473866848362396,0.30083104645111947,0.8976851595596712,0.9787825257309748,0.9210547491821107,0.709678890672943,0.12884857505381883,0.20735386400847178,0.9594064961457652,0.24163193641400635,0.48501521780647616,0.2571769528242976,0.07097194149641232,26,Man,surprise,white
/home/peisze/PycharmProjects/causalgaze/xgaze_224/test_person_specific/samples/subject0012/frame[5]_cam[0].jpg,0.08295308177990583,0.08125189070685619,0.19956271651650828,0.19301809911091758,0.3745504969241007,0.3681870672213789,0.36650793963370976,0.12023353866975074,2.4385029446269053,0.2994545952804915,0.29670182684731466,0.8923559526550736,0.9712503621768381,0.9089442277156492,0.7044836719299815,0.12375391938759339,0.2060959850462719,0.953079841333999,0.23504053413197468,0.46706956724152016,0.2639502870165886,0.08644593286209791,28,Man,surprise,white
/home/peisze/PycharmProjects/causalgaze/xgaze_224/test_person_specific/samples/subject0012/frame[1]_cam[0].jpg,0.05353965988831754,0.05088594160046302,0.20123055878812177,0.20054816688292507,0.22290154874758072,0.2325836883909644,0.38715671393366563,0.1271046696920971,2.4462848624030102,0.30931281103119934,0.3245488485269378,0.9345688359920019,1.0251127443207286,0.9468410697602093,0.7522158131806538,0.13463044245989456,0.18198503691104082,1.0091265524073494,0.24440222746841972,0.48862331276771187,0.2707388710122385,0.09066153097526539,30,Woman,sad,white
/home/peisze/PycharmProjects/causalgaze/xgaze_224/test_person_specific/samples/subject0012/frame[8]_cam[0].jpg,0.04152711137765358,0.04275438046598206,0.19698581142242316,0.19637575285373374,0.19072839107779596,0.18347849299647864,0.3849958808088797,0.12144031399875953,2.4921086111494337,0.31709779602655086,0.3155085785409317,0.9324901955484984,1.0072863932224394,0.9498680655848547,0.7478968475644371,0.13679803624377168,0.17889597644117125,0.9981605273180497,0.2526660745412916,0.48267741232011857,0.2700866369375191,0.094807565275415,30,Woman,sad,white
/home/peisze/PycharmProjects/causalgaze/xgaze_224/test_person_specific/samples/subject0012/frame[9]_cam[0].jpg,0.054274879424087645,0.05636222210638258,0.197004308666188,0.20381300061023286,0.24371879442028857,0.24093917230493486,0.3785152716462313,0.1256154934815761,2.4228568190128787,0.31506158436476456,0.31892180310356594,0.9350269369601729,1.0218471978790302,0.9442736662345718,0.7513763216848951,0.13392846485931292,0.18312925597603721,1.0079018398586697,0.24825917152997087,0.48825600053214263,0.2741845426073031,0.09815433362089818,30,Woman,sad,white
/home/peisze/PycharmProjects/causalgaze/xgaze_224/test_person_specific/samples/subject0012/frame[4]_cam[0].jpg,0.036087061768121785,0.04428241358868606,0.2017982485910131,0.20629748180721344,0.1883987144016,0.1548049207178378,0.3896316817205719,0.12474805297119876,2.473146481937729,0.32017638732211173,0.32031187952150153,0.9413346311068185,1.0185902861773872,0.9492734791007377,0.7568747218031817,0.1380461841313851,0.17805895553685616,1.006099802777569,0.24690993670398312,0.49746598634032646,0.2717750518280418,0.09533141688174591,30,Woman,sad,white
/home/peisze/PycharmProjects/causalgaze/xgaze_224/test_person_specific/samples/subject0012/frame[6]_cam[0].jpg,0.013599823694473979,0.02221961279757148,0.21242022184026702,0.20910303184085607,0.0933367135846588,0.05449292970272421,0.3881675754404083,0.12956078438820312,2.4193925108068095,0.32205934671990905,0.32162110041908765,0.935369506448866,1.0229877193416266,0.9365078971559511,0.7535190185174074,0.13331678373384004,0.17843362283168332,1.0126365088383629,0.23492671688543038,0.49010811670370813,0.27492820834489273,0.08944339716988862,31,Woman,sad,white
/home/peisze/PycharmProjects/causalgaze/xgaze_224/test_person_specific/samples/subject0022/frame[3]_cam[0].jpg,0.046762888399539154,0.048452346526481366,0.18984514725459156,0.1938359553254747,0.21999652455152968,0.21521835133828573,0.3930636356650363,0.13966654291277486,2.2975639855574435,0.2918120247234226,0.31133931722904834,0.95110859565476,1.0179296254512333,0.8995959805526723,0.7267825616054826,0.13015255009754437,0.1605084290536262,0.9790355211414887,0.21768985058222426,0.4375011787800699,0.2430386761446666,0.0795893129098794,31,Man,neutral,latino hispanic
/home/peisze/PycharmProjects/causalgaze/xgaze_224/test_person_specific/samples/subject0022/frame[0]_cam[0].jpg,0.05234293108928995,0.05329614945211409,0.19194382186868225,0.191932021312627,0.24394384522565243,0.2383116293328065,0.3809570223784675,0.1252075421833752,2.3802903214747144,0.291472103978556,0.3079652044668288,0.9449219213565686,1.0113998742741352,0.9103924658015493,0.7183817270196722,0.1426504416581971,0.1676317755959443,0.97231088330598,0.23574942192428186,0.43561438899247823,0.23325366561381897,0.08209082177721329,31,Man,neutral,latino hispanic
/home/peisze/PycharmProjects/causalgaze/xgaze_224/test_person_specific/samples/subject0022/frame[2]_cam[0].jpg,0.03636525783326402,0.0439864391541455,0.18559785664183256,0.19412967555734012,0.20015372881726828,0.17008440339423117,0.3965415488239126,0.14706317517959977,2.2584050417217387,0.2903330478242265,0.3158779938937908,0.9650252598718382,1.0276679598076544,0.9045982346222933,0.7320453873181438,0.1361269568128917,0.15467009796712566,0.9921246505826237,0.21741074042618014,0.4304921392948485,0.24387167836832424,0.08774414572285663,30,Man,fear,white
/home/peisze/PycharmProjects/causalgaze/xgaze_224/test_person_specific/samples/subject0022/frame[7]_cam[0].jpg,0.07684508923373062,0.0785751792948046,0.2024639449837546,0.20578914368426346,0.337507040820326,0.3341055203726856,0.38051624731106215,0.12477424001293864,2.371115742204271,0.29110914666859283,0.29813755671361714,0.9489004476588185,0.9974356462778866,0.9252650671415682,0.7009985200872655,0.13621637169469555,0.17796288967935353,0.9407286498814825,0.2584554236979432,0.42930276551601326,0.2256775873389499,0.09382459781635877,31,Man,neutral,indian
/home/peisze/PycharmProjects/causalgaze/xgaze_224/test_person_specific/samples/subject0022/frame[5]_cam[0].jpg,0.05439866368381686,0.05306991856354735,0.19340776151153483,0.19803018484313115,0.23644340696515667,0.2462256759973502,0.38651830912806395,0.13042955911490256,2.3524632337885056,0.2953641259567413,0.3042940018549719,0.9510821157492788,1.012101503836249,0.9131336333936666,0.7157466485767894,0.13389156523050816,0.16866413142251965,0.9724559054267097,0.23629624602919985,0.4278623933167559,0.23209577175144994,0.08691833571430171,31,Man,neutral,latino hispanic
/home/peisze/PycharmProjects/causalgaze/xgaze_224/test_person_specific/samples/subject0022/frame[1]_cam[0].jpg,0.04114864765149149,0.04587150334305807,0.18324696590635636,0.18891441223906424,0.21405274658078136,0.19591736592549588,0.38483802950060286,0.14542288540056655,2.2351506472667864,0.28872788102340796,0.3123489696561956,0.9495184496373195,1.0097044784447116,0.8974889295444569,0.723822896076342,0.12997715940622082,0.1570675235492677,0.9712005790031109,0.2189217521909874,0.4293824049387292,0.24154146638751983,0.08445100063953263,33,Man,neutral,white
/home/peisze/PycharmProjects/causalgaze/xgaze_224/test_person_specific/samples/subject0022/frame[8]_cam[0].jpg,0.07344545684141825,0.07758809039508373,0.20376576119991816,0.20708992983428368,0.33302655806231485,0.31896936862944775,0.3773725294114856,0.13080588311855024,2.3226115861869596,0.27987345082843773,0.30255725281640256,0.9520111551957743,1.0033144931389095,0.9280391447190846,0.7004754893414783,0.13469234462685273,0.1739919220811314,0.9501759736650356,0.2580700752950244,0.4308013792910884,0.22014149671543973,0.06818897067798359,31,Man,neutral,latino hispanic
/home/peisze/PycharmProjects/causalgaze/xgaze_224/test_person_specific/samples/subject0022/frame[9]_cam[0].jpg,0.05011863206373853,0.05039807647366058,0.19200381484999424,0.19353020789001743,0.22857633580125056,0.22760891468930267,0.38701133046651576,0.127608457802572,2.381720346836791,0.2929032953887116,0.3127693033441053,0.9577860886030742,1.0202400203934106,0.9086262330127323,0.7252597822399032,0.13756185198757043,0.16178682023782232,0.9827215848256148,0.2379873355246166,0.434251873080874,0.23709958998078232,0.08405309474480258,32,Man,neutral,white
/home/peisze/PycharmProjects/causalgaze/xgaze_224/test_person_specific/samples/subject0022/frame[4]_cam[0].jpg,0.058410851057816536,0.05758925078038295,0.19190329175669138,0.19658847059379253,0.257274072011425,0.26561757922321044,0.3861520484381259,0.14025224646248746,2.273227722678027,0.28932621967154715,0.3116948702520417,0.9590467190171191,1.024009329884974,0.9226067551533871,0.7210308771055464,0.13099051052535643,0.16606921171262093,0.9792736120136505,0.24106237948275763,0.4334093489256766,0.23158399122642426,0.09186256759108061,31,Man,neutral,latino hispanic
/home/peisze/PycharmProjects/causalgaze/xgaze_224/test_person_specific/samples/subject0022/frame[6]_cam[0].jpg,0.07897549281284666,0.080173731508734,0.19783608297087116,0.20345393228638176,0.34849590394787133,0.351771666702601,0.3778826208136342,0.12016785774219826,2.4173271982432043,0.2850623960665522,0.300708992675494,0.953386512668818,1.0021693176258022,0.9247911210138712,0.7016811170276237,0.13841584543512797,0.1762116081869451,0.9453606809288355,0.2586727477487733,0.4272182240297423,0.2294314251032952,0.0893836465458075,32,Man,neutral,indian
/home/peisze/PycharmProjects/causalgaze/xgaze_224/test_person_specific/samples/subject0025/frame[3]_cam[0].jpg,0.05067772621210862,0.05894040055362385,0.19061486967920355,0.21852244985195018,0.23903455665194584,0.23219664074691843,0.4162210598475068,0.09195830771573435,3.0899495513010784,0.26687525947121393,0.3398311177193451,0.9165683847304971,0.9924449009775486,0.9148362574436678,0.7423882823208575,0.12182013085060736,0.19044536153215938,0.9886425944312625,0.22483127401847633,0.4760472531567869,0.24419804043074742,0.09603973889260817,33,Woman,neutral,white
/home/peisze/PycharmProjects/causalgaze/xgaze_224/test_person_specific/samples/subject0025/frame[0]_cam[0].jpg,0.04369266994918508,0.047500509413873945,0.18531842149847214,0.20048903752549374,0.2084442852899117,0.2062757534953429,0.4299574508899409,0.09382321331612768,3.082731554189659,0.26422952769167685,0.3378037526602228,0.9259900987440628,0.9936182834964222,0.9294923573729851,0.7431314148637539,0.12521763541725425,0.18847711567604478,0.987259813017472,0.23935683642365618,0.4718445741541603,0.2495641391717157,0.08795138315776459,32,Woman,sad,white
/home/peisze/PycharmProjects/causalgaze/xgaze_224/test_person_specific/samples/subject0025/frame[2]_cam[0].jpg,0.07235177907292703,0.0754631624027596,0.17411175107806695,0.1985001819952863,0.3366685482446612,0.3656659561972111,0.41173978128666605,0.09216687418113019,3.060055949301652,0.24166893891606656,0.32439780972240473,0.9149713839356837,0.961479981042515,0.9122724451188263,0.7172754310213314,0.10793016014206927,0.21291286506117535,0.9468616391586003,0.23977577346345366,0.4659154712268407,0.2589802395471869,0.09060317697359903,28,Woman,angry,white
/home/peisze/PycharmProjects/causalgaze/xgaze_224/test_person_specific/samples/subject0025/frame[7]_cam[0].jpg,0.046468982920458625,0.055532889506333456,0.1912536576107805,0.21873465650208976,0.2251710199310778,0.21166572442829568,0.4059573746535061,0.09205524677475617,3.0136724076364323,0.26703105164412455,0.34105964296139724,0.9152646038680945,0.9917908771964994,0.9143921274404592,0.7391168601430955,0.1242967738237542,0.18282726710332386,0.990435294948411,0.21705516151919693,0.47426546530243924,0.24287022668984704,0.09651247236303857,33,Woman,neutral,white
/home/peisze/PycharmProjects/causalgaze/xgaze_224/test_person_specific/samples/subject0025/frame[5]_cam[0].jpg,0.06939067589280681,0.07975152652142734,0.17737163640360085,0.20023368438327668,0.35465972415183905,0.3464449736852117,0.39320881535803476,0.07978605487802924,3.266309589094179,0.2394673421174503,0.3254158255409481,0.8879412690858003,0.9472129626371312,0.8865160032025611,0.7044162312855589,0.11736376962652882,0.21275965283220455,0.9474265676800331,0.2197412985649155,0.4448230766641356,0.24604325566964852,0.06592249894535651,26,Woman,happy,white
/home/peisze/PycharmProjects/causalgaze/xgaze_224/test_person_specific/samples/subject0025/frame[1]_cam[0].jpg,0.040958041969209234,0.05018752516674083,0.19048386764598055,0.2146167759780483,0.2075392870093462,0.18777979306355658,0.4251193645076635,0.09725601081784754,3.0081001600590285,0.2665293572772444,0.3395329810362182,0.9216804777587299,0.9928586245985445,0.9260060090462768,0.74308078673941,0.12218828315658406,0.18270326135753687,0.9883421320028926,0.22920026552285389,0.4753750086435121,0.24352003669155303,0.09548925953937704,33,Woman,sad,white
/home/peisze/PycharmProjects/causalgaze/xgaze_224/test_person_specific/samples/subject0025/frame[10]_cam[0].jpg,0.05700688608400882,0.061382770114431405,0.1824757472538833,0.20131085012948813,0.27046181525561647,0.27546134930546656,0.37585270982859814,0.08152524667873179,3.1008570200554435,0.24862857298551563,0.33720038981713635,0.9006686898172732,0.9769352588789757,0.9068289239338437,0.7155782266651591,0.13387155550244995,0.1978318635688913,0.9790148696968379,0.21943702627206424,0.4600215041476613,0.24689922551989701,0.07258552499985618,37,Woman,neutral,white
/home/peisze/PycharmProjects/causalgaze/xgaze_224/test_person_specific/samples/subject0025/frame[8]_cam[0].jpg,0.04302009124545617,0.05213808339120166,0.19171495944058317,0.21688048985785963,0.21319367802937567,0.19535937610039267,0.38096056823339264,0.0830049108410487,3.079126175195496,0.2650611026016919,0.34032714116557977,0.9034361147846769,0.9842363905290049,0.9111300269689152,0.7250976763470405,0.12920026832701,0.18693978504105327,0.9885173695182256,0.21189451480737548,0.4770405447437045,0.24361366643755486,0.09403532648521652,33,Man,neutral,white
/home/peisze/PycharmProjects/causalgaze/xgaze_224/test_person_specific/samples/subject0025/frame[9]_cam[0].jpg,0.03477879456309515,0.04806431858366793,0.19257206196618823,0.21702135462037003,0.19686113018835255,0.15764365453521198,0.39166108691346463,0.0839997994192477,3.093570249103104,0.2656338761163271,0.33661041739167596,0.91238646168907,0.980979075778904,0.9145047120248075,0.7295257676064196,0.126088572276964,0.19451327782221456,0.9801362543612385,0.21421494780866263,0.4828640723929008,0.24736469390974777,0.09173494661197865,33,Man,neutral,white
/home/peisze/PycharmProjects/causalgaze/xgaze_224/test_person_specific/samples/subject0025/frame[6]_cam[0].jpg,0.06966531425690267,0.0800102016463708,0.17878221478844775,0.20011379583093866,0.3557725565859577,0.3449621067746054,0.39167164264334425,0.08564340211663972,3.1313624348905793,0.24329748811506546,0.3262153893848837,0.9036755140648036,0.9612365774689149,0.8958649049467112,0.7146048295029628,0.11603710066772566,0.21261831024115882,0.9567222989553313,0.21795230512407093,0.4513187960707869,0.25140047007844263,0.06847411173702886,27,Woman,happy,white
/home/peisze/PycharmProjects/causalgaze/xgaze_224/test_person_specific/samples/subject0047/frame[3]_cam[0].jpg,0.06342343160324404,0.06947530694531591,0.1791543570644981,0.1928276169541167,0.3199181165749214,0.3111466052825157,0.38644416995274344,0.1357581865504335,2.330925148886456,0.26011936378089323,0.3046601259763951,0.8948952640518842,0.9544417322562434,0.9610014515108593,0.6777802412678066,0.12488453758773625,0.1837402236296143,0.9361655768913177,0.2222278597772168,0.4467090910247007,0.24351252831603942,0.07885966605471732,28,Man,sad,white
/home/peisze/PycharmProjects/causalgaze/xgaze_224/test_person_specific/samples/subject0047/frame[0]_cam[0].jpg,0.07296303013851246,0.07828573413710163,0.18506702273775605,0.19269054471879177,0.3603878115693414,0.3472124674997913,0.3989665540509881,0.07536484244972043,3.3828421977470726,0.2748858455941039,0.2955873032703498,0.8976709788205887,0.94900938532524,0.9491649924742912,0.6909248863725621,0.14183981882261595,0.19799650178323447,0.9356958523569986,0.2521329825497487,0.44249681073820823,0.2393060223073745,0.08611118800874665,32,Man,happy,white
/home/peisze/PycharmProjects/causalgaze/xgaze_224/test_person_specific/samples/subject0047/frame[2]_cam[0].jpg,0.07560247995338824,0.08334132924187829,0.1931644551158578,0.20669054510827875,0.3596198946524038,0.3459193077646349,0.3966557428001953,0.0814908493269603,3.1899717331674906,0.264180591027448,0.30625481434074175,0.900599835465378,0.9511670556343357,0.9534938960584975,0.6839475036025835,0.1406323567131422,0.18848562448971357,0.9347240845381687,0.2615894774977454,0.43886091034908475,0.23220145057163194,0.06685757950459575,31,Man,happy,white
/home/peisze/PycharmProjects/causalgaze/xgaze_224/test_person_specific/samples/subject0047/frame[7]_cam[0].jpg,0.040159754200056706,0.04396489353234281,0.18779312983541382,0.1926800830073677,0.2021217105861919,0.18685141945697972,0.38592106633355217,0.14117172338644174,2.2714987013030092,0.28002991839301183,0.3112345044708905,0.9135681672606507,0.9817337557035863,0.9710230416939403,0.6970844418503089,0.12812979986271888,0.15311745031101548,0.9665403325851667,0.21405115699936705,0.44980595187147754,0.2449868878215484,0.08162266544853108,32,Man,neutral,white
/home/peisze/PycharmProjects/causalgaze/xgaze_224/test_person_specific/samples/subject0047/frame[5]_cam[0].jpg,0.07051113362402503,0.0774460165869569,0.18983408072114955,0.20168013722309577,0.3420818429546955,0.3280387886593748,0.38436646649312556,0.13194435338136404,2.345204016849451,0.2662257205909851,0.30485146779383854,0.8946227707333279,0.9559173826664112,0.9600664933393689,0.6794285717099956,0.13210299307618484,0.18632066781443798,0.9400047938638265,0.2226691568648028,0.4450361598403274,0.23654454948005035,0.06741163538615791,30,Man,neutral,white
/home/peisze/PycharmProjects/causalgaze/xgaze_224/test_person_specific/samples/subject0047/frame[1]_cam[0].jpg,0.055628279326019166,0.05743784778117517,0.18861286694428656,0.1953449777164916,0.2599707894418566,0.258057241488996,0.40212731795728496,0.07965694796296886,3.243032597767279,0.28760216320478027,0.30630197865261904,0.9052848431018355,0.9701059055398743,0.9525065711993148,0.7050977035576265,0.1419811362072909,0.1711298618144364,0.9645633372670563,0.24612271622598433,0.44893940835974255,0.23925766348945718,0.09034297273400643,32,Man,neutral,white
/home/peisze/PycharmProjects/causalgaze/xgaze_224/test_person_specific/samples/subject0047/frame[8]_cam[0].jpg,0.06571399762579035,0.0694186501047506,0.18729179445029503,0.19864548721065559,0.31048243163049294,0.30845536228923864,0.38814016322027917,0.13684276628578562,2.3215406545361454,0.2681284555169446,0.30510889961601717,0.9061780278531487,0.9716083345516412,0.9595907596378414,0.6862219623196258,0.11959975649692742,0.18397802652905146,0.9506026633788385,0.2186188294001535,0.451366339786116,0.23956799573543172,0.08418054663411473,31,Man,neutral,white
/home/peisze/PycharmProjects/causalgaze/xgaze_224/test_person_specific/samples/subject0047/frame[9]_cam[0].jpg,0.044653771532876446,0.04693929318271369,0.1878388258807376,0.19300659775819518,0.2151394782090905,0.20771443050348007,0.3840168499711774,0.13984926601128939,2.2715469810276625,0.2778454715638993,0.30963542215079065,0.9097844720141008,0.9736853535356587,0.9671603092102308,0.6927679892884261,0.12416180505548312,0.15532864041653524,0.9570801516415487,0.2144426858126385,0.4456533107658954,0.23761940734031345,0.08135247321533372,32,Man,neutral,white
/home/peisze/PycharmProjects/causalgaze/xgaze_224/test_person_specific/samples/subject0047/frame[4]_cam[0].jpg,0.05330154592829741,0.055794466794792365,0.18473760346351234,0.19818761078648403,0.24949103467202505,0.2519368292659008,0.38504099758796345,0.14120751776953333,2.2611881121583752,0.27872905126804903,0.31078155925495404,0.9069892869296226,0.98567913827905,0.9635290121904669,0.6948810450800346,0.12216269806629769,0.16702188069984564,0.9749420469709055,0.21173884980095192,0.44702267960005776,0.2398636627402961,0.08875611941749613,31,Man,neutral,white
/home/peisze/PycharmProjects/causalgaze/xgaze_224/test_person_specific/samples/subject0047/frame[6]_cam[0].jpg,0.07260941821116233,0.07594174453912915,0.1871955825488409,0.19921499928290684,0.33850158467870595,0.3408810271993826,0.38854230588081967,0.13718960911322098,2.312616126801292,0.2678655717494363,0.3034163315474312,0.909661016738754,0.9713243466737385,0.962042399513069,0.685474688085938,0.12413514459359495,0.19083834049674991,0.9479639214504263,0.21365391505815665,0.4536172900023689,0.24076465511849238,0.08769793200684144,30,Man,neutral,white
/home/peisze/PycharmProjects/causalgaze/xgaze_224/test_person_specific/samples/subject0054/frame[3]_cam[0].jpg,0.061610343490189255,0.0642323641025509,0.1641116786589082,0.18671044216855942,0.3077548371771511,0.33025843621890194,0.3645191831747032,0.13156524903988634,2.2608419230969825,0.25789136534691026,0.30648882682939516,0.9270270640259154,0.9854491151902517,0.9050010910151043,0.6852452961213943,0.13285494213773621,0.1770839209983487,0.9376603771004632,0.25251271749204157,0.4353322672785972,0.26591577533818644,0.07164750126456641,33,Man,surprise,asian
/home/peisze/PycharmProjects/causalgaze/xgaze_224/test_person_specific/samples/subject0054/frame[0]_cam[0].jpg,0.041896367676177736,0.04716660824736057,0.15935459215720102,0.1854170744266909,0.22516582096300208,0.22691639311131445,0.38127414487138617,0.14998632760661545,2.17183617981602,0.2663553985269214,0.32288617397526487,0.9426463196349091,0.994159248310056,0.9014271115003532,0.6975822378075458,0.13508704213788153,0.15764240807032143,0.9563564018907353,0.2369797748402595,0.43991052273067455,0.25942806437420163,0.08406217704539237,33,Man,angry,asian
/home/peisze/PycharmProjects/causalgaze/xgaze_224/test_person_specific/samples/subject0054/frame[2]_cam[0].jpg,0.06383617764974782,0.06574324306435103,0.17048855805336835,0.19139824861300928,0.3075455420329005,0.329575106114952,0.36894488605979675,0.13133105812646959,2.283004637484823,0.2593462714414672,0.30712097027646945,0.9381955101861491,0.9894636330665495,0.9192897192877442,0.6882705755729119,0.13660540555718229,0.1783601693831393,0.9382942899856549,0.2621930340929684,0.4382677639212896,0.26055660834012145,0.07051982369108731,33,Man,surprise,asian
/home/peisze/PycharmProjects/causalgaze/xgaze_224/test_person_specific/samples/subject0054/frame[7]_cam[0].jpg,0.021881193842362787,0.03296481370495674,0.1676977053220015,0.19052383867819075,0.15442137026583658,0.1102534472002453,0.375473918305637,0.13309018795329872,2.273051818958314,0.2696657077074182,0.32295910488355645,0.9597277085814561,1.00484318001975,0.9226540739692313,0.7056973140843716,0.1412560580880448,0.1598139395363396,0.9613964691474901,0.25303542944380863,0.4485126220048589,0.2586449799024672,0.08143922769096207,34,Man,fear,asian
/home/peisze/PycharmProjects/causalgaze/xgaze_224/test_person_specific/samples/subject0054/frame[5]_cam[0].jpg,0.06455089386753944,0.06459263515161084,0.16221903719883352,0.1887896166076783,0.3060366189146941,0.34957927478365086,0.37390351236706115,0.12913974442617837,2.298220214593232,0.26012457726564603,0.30786552129410216,0.9296982647119478,0.969586979819903,0.8988868527325194,0.6849889031984114,0.13497029690319812,0.1770655184431874,0.928692968685177,0.2468426428485187,0.4407954043073371,0.26590806371829157,0.08135031502996477,33,Man,angry,asian
/home/peisze/PycharmProjects/causalgaze/xgaze_224/test_person_specific/samples/subject0054/frame[1]_cam[0].jpg,0.051938154971526256,0.05264959650033334,0.15658698403542817,0.18198861606135353,0.25681657607776465,0.28821456068233053,0.37484701631698103,0.13897101456017202,2.2402357554372476,0.26135362482615615,0.31533283145278274,0.9488436251817973,0.9952070693063946,0.9063150832663808,0.7011118789067746,0.13965995555797595,0.16990540207365673,0.9521770989049121,0.24842831589179915,0.43540863081919484,0.2693201589676011,0.08352076204216351,34,Man,angry,asian
/home/peisze/PycharmProjects/causalgaze/xgaze_224/test_person_specific/samples/subject0054/frame[8]_cam[0].jpg,0.05750103022079057,0.057869052775464974,0.1626649022436476,0.18964174417031307,0.271499304427469,0.30812317194100486,0.3782517742091147,0.12637163458534248,2.339619150997499,0.263501562831039,0.3200081238667988,0.9602657137068684,1.0133644244610205,0.907393701973148,0.7060091807818661,0.13741801055802672,0.17459200977159958,0.9685115325447298,0.25035777752703214,0.44138392154306477,0.26744747464782764,0.08574150184622138,33,Man,sad,asian
/home/peisze/PycharmProjects/causalgaze/xgaze_224/test_person_specific/samples/subject0054/frame[9]_cam[0].jpg,0.061723757895313605,0.06379328917134901,0.17098392599293868,0.18692169821966978,0.30604032793139446,0.3187513684841787,0.36784174168429096,0.12306046628183549,2.338887747907244,0.2646867467565265,0.30117001837372026,0.9237884496272055,0.975876614684398,0.9050765155899683,0.6833746407485864,0.136329015124566,0.17529820852032976,0.9283647515811665,0.25422236509725454,0.44666575037502143,0.26570082754703805,0.06970520207616991,33,Man,surprise,asian
/home/peisze/PycharmProjects/causalgaze/xgaze_224/test_person_specific/samples/subject0054/frame[4]_cam[0].jpg,0.06268167429499227,0.06267455769080954,0.16467428392283923,0.1894598038852316,0.29520815922715676,0.33399327022364844,0.36947986864416726,0.1366680662545084,2.2255024268160564,0.2626229102014347,0.30807330683800427,0.9196798639239416,0.9654634542583329,0.8920316906640522,0.6840105974581104,0.13305173167137094,0.17345455361912882,0.9306784457914735,0.23765532424116026,0.44363351253531363,0.2622385317970388,0.08319601426996669,33,Man,angry,asian
/home/peisze/PycharmProjects/causalgaze/xgaze_224/test_person_specific/samples/subject0054/frame[6]_cam[0].jpg,0.03146359978696372,0.040307977053824634,0.16380827088303526,0.18694033328431275,0.1907311424792533,0.16420314617038598,0.37455846320127173,0.13532646375769683,2.25061510941506,0.2707350972844114,0.3238334015907304,0.9420406892272553,0.9917253295084067,0.9105327128030326,0.7023402774598244,0.14421413484465576,0.1557891577311705,0.9591463359364815,0.2431625380101152,0.4412208983405086,0.2574491322385026,0.08414011654737624,33,Man,sad,asian
/home/peisze/PycharmProjects/causalgaze/xgaze_224/test_person_specific/samples/subject0074/frame[3]_cam[0].jpg,0.05644890377840038,0.05849863600935593,0.18166207589802721,0.19642131048434847,0.2652241070396569,0.27288763668384247,0.354974039256464,0.14612308977717806,2.146237680709224,0.2850182875142656,0.30781141941337725,0.8964629987302993,0.9791981515724552,0.9169566654594872,0.6805694290494336,0.12733632370823675,0.18259470595044802,0.9793343584789883,0.19356084153181743,0.45492336893044005,0.24710572011721518,0.08503216048140287,30,Man,neutral,white
/home/peisze/PycharmProjects/causalgaze/xgaze_224/test_person_specific/samples/subject0074/frame[0]_cam[0].jpg,0.0585351608877797,0.06127112178299337,0.1842605439294482,0.19122917572732737,0.28424077647536156,0.28009556913884803,0.3674437478133467,0.13898180854739925,2.2363936002866325,0.2852683038531029,0.3015349208006747,0.8920068720075471,0.9747874037978458,0.9272915852051541,0.6858683174593861,0.1343462940580126,0.19021423008158464,0.9703298664384539,0.2074154935222281,0.4521420090580501,0.249643744522081,0.07852924448753562,30,Man,fear,white
/home/peisze/PycharmProjects/causalgaze/xgaze_224/test_person_specific/samples/subject0074/frame[2]_cam[0].jpg,0.05501033015678553,0.056895931201554735,0.17991697470922913,0.1897033178489644,0.2662250075289819,0.26811410631809585,0.3545677315135489,0.14397484584851972,2.1602799948501192,0.2866614651007778,0.3020315937550912,0.8891948017773397,0.9694158472645981,0.9187471625531979,0.6785118780298302,0.13320415162437138,0.1762269473709723,0.9670841789218358,0.1931185002278694,0.4541134750124626,0.2540667427570315,0.08487657559359825,30,Man,neutral,white
/home/peisze/PycharmProjects/causalgaze/xgaze_224/test_person_specific/samples/subject0074/frame[7]_cam[0].jpg,0.08543568434429939,0.08443765398726898,0.19428128584627757,0.2034834124304621,0.3680389214706871,0.38756750306084725,0.3500227131406847,0.14507681339406506,2.1274069937963604,0.2823293117367611,0.30278324715025084,0.8672057083018301,0.9612341284865696,0.9290114663598399,0.666108180644074,0.13321163964251698,0.20840714577690933,0.9643531792145089,0.19664859613028665,0.4514829500875568,0.23949462426138626,0.09204114902040439,32,Man,angry,white
/home/peisze/PycharmProjects/causalgaze/xgaze_224/test_person_specific/samples/subject0074/frame[5]_cam[0].jpg,0.0770815755425075,0.07847943061553828,0.18810800293206748,0.1976636873975942,0.35134553833933296,0.36034483362845765,0.35644567071965755,0.15071685586447617,2.10654682975764,0.28177910418812396,0.302086821708449,0.870812330098949,0.9624224274388348,0.9364903529857483,0.667606678460676,0.1365388695306513,0.1953429183339129,0.9641594060592579,0.20042229773939865,0.4497379212121836,0.2447753702814194,0.09143160172396902,30,Man,fear,white
/home/peisze/PycharmProjects/causalgaze/xgaze_224/test_person_specific/samples/subject0074/frame[1]_cam[0].jpg,0.05580859402343534,0.054449811036599564,0.18114988474840513,0.1904943334784521,0.2541737025040461,0.2699173671131444,0.3546884926953644,0.14111059542679213,2.178941141422291,0.2855548107606821,0.30238600270835714,0.8928973337170831,0.9761569563751807,0.9217510474590112,0.6777111088525742,0.1341096677034883,0.18093860656919775,0.9711900446783014,0.20085899086248551,0.45252463821845346,0.24827087535675188,0.08554090263654356,30,Man,neutral,white
/home/peisze/PycharmProjects/causalgaze/xgaze_224/test_person_specific/samples/subject0074/frame[8]_cam[0].jpg,0.06484639452390312,0.06500902479207869,0.1870486822806322,0.19142331812985636,0.3004966620004533,0.30422288883840237,0.3596668332561945,0.14190285533642988,2.1885122104813166,0.2863218418850657,0.30602132417715355,0.9013163782972914,0.9840181495091005,0.9434704645955532,0.6877852073004846,0.14192379749699308,0.19928757321766644,0.9784485776259462,0.20958702125590145,0.45916161971115604,0.25346588182793717,0.08835521809381622,29,Man,fear,white
/home/peisze/PycharmProjects/causalgaze/xgaze_224/test_person_specific/samples/subject0074/frame[9]_cam[0].jpg,0.08016494413594885,0.07891519607667741,0.18901806326395765,0.1956308496017756,0.3571702481002643,0.3730003062351246,0.35333956572766706,0.14965691936942574,2.105657261852186,0.2804382114694388,0.301071288050622,0.8557466233494111,0.9510136942267895,0.9317130114950284,0.6610859897272845,0.13131572587256246,0.20437952313802968,0.9555429461773818,0.1990240339757151,0.4437657472796821,0.24039367225687955,0.09159971902364508,30,Man,angry,white
/home/peisze/PycharmProjects/causalgaze/xgaze_224/test_person_specific/samples/subject0074/frame[4]_cam[0].jpg,0.059744996840856504,0.06272214400798584,0.1821590950630265,0.18860532663537394,0.29536673011580117,0.2887490723833904,0.35420412803914325,0.14164288124735164,2.176539626393435,0.27938860360571205,0.3047148254521439,0.8793636980295026,0.9691925565649201,0.9284453244706111,0.6760180462457053,0.13686472026856525,0.1961489627662173,0.9657453657798064,0.20337953448282436,0.4546520352882634,0.251610611012276,0.07296438214118944,29,Man,fear,white
/home/peisze/PycharmProjects/causalgaze/xgaze_224/test_person_specific/samples/subject0074/frame[6]_cam[0].jpg,0.07474062701154446,0.07638722080700631,0.19110701944681047,0.20179610694948028,0.337187969741967,0.34612322586648564,0.35247788341672676,0.14503827862424132,2.1430874607700017,0.2747581260372549,0.3039907711936233,0.8838511558905979,0.9710255215106554,0.9284637055098522,0.673361143068241,0.13326377605457748,0.20142013800375316,0.9668356149828496,0.20013304648465716,0.45412696585440054,0.2459864831106754,0.07419572420171473,32,Man,fear,white
/home/peisze/PycharmProjects/causalgaze/xgaze_224/test_person_specific/samples/subject0086/frame[3]_cam[0].jpg,0.05594367161475313,0.05275679062668581,0.20153747383775608,0.18791158393340757,0.24803483920214425,0.24432241670356464,0.3904017171587206,0.1276783887684036,2.423060102369076,0.30196312834702593,0.28776385613735794,0.9138192444155733,0.9788237757734396,0.9521240398132815,0.7059035671862027,0.13409917630183504,0.19483415523269973,0.954225573931615,0.25300837658375036,0.4590612763145063,0.23636319829463615,0.07162547898109063,27,Man,neutral,white
/home/peisze/PycharmProjects/causalgaze/xgaze_224/test_person_specific/samples/subject0086/frame[0]_cam[0].jpg,0.08345674843696708,0.08143843579791445,0.1904160972516064,0.18733369586453003,0.38526359067993615,0.38713476065335284,0.3699681110736573,0.1220251573982277,2.414798214334726,0.28503385501923684,0.282420296638045,0.8767840558426079,0.9487005789405918,0.9417296364183007,0.6790413437497202,0.12458545545061452,0.2074755880343396,0.9350068536314857,0.24615763377269698,0.44477127632422486,0.23783573042967956,0.08480721392284911,31,Man,surprise,white
/home/peisze/PycharmProjects/causalgaze/xgaze_224/test_person_specific/samples/subject0086/frame[2]_cam[0].jpg,0.05038845291880474,0.05137982314915042,0.1904254248169446,0.18924164344556488,0.2384311195486603,0.23032355699466256,0.39719417100362087,0.12878762362841426,2.4120368658539784,0.30485260671942055,0.29579802391414206,0.916977249728498,0.9923575993690545,0.9677444978127117,0.718951115252479,0.13753984713534745,0.19729029607003748,0.9645582932847814,0.25320860559266084,0.45970809066083523,0.24681710083403285,0.09144606029843368,27,Man,sad,white
/home/peisze/PycharmProjects/causalgaze/xgaze_224/test_person_specific/samples/subject0086/frame[11]_cam[0].jpg,0.07705428235542194,0.0792366124519635,0.21082957117467338,0.19792061206109424,0.35650272182519144,0.32367221070773133,0.37866672249460487,0.1271734826035096,2.3805804635667234,0.3001410283082965,0.28338741692220965,0.9012050179753485,0.9641066719371332,0.9396424030500896,0.6899864094836669,0.1272557810874375,0.2085026905323381,0.9463612311022531,0.24260554714264113,0.4566041968908272,0.23233608355841265,0.0691035776694202,28,Man,surprise,white
/home/peisze/PycharmProjects/causalgaze/xgaze_224/test_person_specific/samples/subject0086/frame[5]_cam[0].jpg,0.06331958928531002,0.059252877560280574,0.20294904109313447,0.1906584849865499,0.27288133679327004,0.27371045667192134,0.3927810629412069,0.12672343310630754,2.4264821065648707,0.3107741950976662,0.29357884588336997,0.924854074647355,0.9968127486566266,0.9594807017345628,0.7187536547240345,0.1396643531709745,0.2033994254379988,0.9727464949423755,0.25148411611268034,0.4689575667822464,0.24265103433987284,0.08530110479207503,28,Man,fear,white
/home/peisze/PycharmProjects/causalgaze/xgaze_224/test_person_specific/samples/subject0086/frame[1]_cam[0].jpg,0.04490636008214987,0.04381292160326755,0.1865118334371152,0.18842694269399107,0.2054440167199788,0.20998184549652207,0.39251899693657266,0.1274608976955874,2.421738330797595,0.30086488992797755,0.2929737927464796,0.9207584731029905,0.9946360131155797,0.9526231731157958,0.7155307629680832,0.13284384515777556,0.1953507600438135,0.9720987576815624,0.24927722512303485,0.44759982223607164,0.24280487083478386,0.08517469436095282,30,Man,sad,white
/home/peisze/PycharmProjects/causalgaze/xgaze_224/test_person_specific/samples/subject0086/frame[10]_cam[0].jpg,0.06338602205115534,0.059556003975380446,0.2032842513832302,0.19110562688534458,0.27507645617351645,0.2740184016317532,0.38685669227383307,0.13283193791602121,2.3564730057124117,0.305197702831205,0.28729666748416904,0.9158893034306695,0.982009485528173,0.9460600031602885,0.7044704057670476,0.12702223925428327,0.2028097198027596,0.9593296030218961,0.247055153033039,0.4554664457097614,0.23330871734010816,0.07989373891590561,27,Man,fear,white
/home/peisze/PycharmProjects/causalgaze/xgaze_224/test_person_specific/samples/subject0086/frame[8]_cam[0].jpg,0.07890267768032537,0.07627070966665635,0.19868367208238497,0.19608202230876123,0.3460796055073269,0.35071283041522594,0.391992199641583,0.13247156572421595,2.360318767158664,0.3046509772305947,0.28550210212206584,0.9128287732114707,0.9824517195445729,0.9600455727318575,0.7031648887738366,0.13163902442957692,0.20711661175311388,0.9589010263619578,0.2429374435760082,0.4626370024748429,0.24289342531310135,0.08854024304795835,31,Man,surprise,white
/home/peisze/PycharmProjects/causalgaze/xgaze_224/test_person_specific/samples/subject0086/frame[9]_cam[0].jpg,0.08008121324366879,0.08345696270992668,0.20937186360048737,0.197644392564925,0.3769270003514304,0.33957454768596484,0.38266310036404844,0.1227859213479645,2.4464584873619626,0.2996958314347557,0.282721375987493,0.9133650163849554,0.9649787478856698,0.9412784851331296,0.693150773620009,0.13041345987798905,0.2090238924861509,0.9489245440024935,0.24266980305330674,0.4542660431017159,0.23734974251037452,0.06762372240949781,30,Man,surprise,white
/home/peisze/PycharmProjects/causalgaze/xgaze_224/test_person_specific/samples/subject0086/frame[4]_cam[0].jpg,0.06887571938432845,0.06749254251175232,0.19754151230141756,0.19813714437456362,0.3011743101548522,0.30602043022711123,0.3924604116426353,0.13449005159774638,2.345830007318487,0.3055253919948176,0.2898942969563509,0.9283695561918879,1.0013324917051227,0.958808744686262,0.7134231327383199,0.1268854532604688,0.20214347878507724,0.9765838271548856,0.2472057916633653,0.4553738450114961,0.23487211250246134,0.08949449555605447,27,Man,happy,white
/home/peisze/PycharmProjects/causalgaze/xgaze_224/test_person_specific/samples/subject0094/frame[3]_cam[0].jpg,0.06597899539572134,0.06593045919932872,0.18629173620433867,0.19088629795374903,0.3055336482976363,0.3119654020103111,0.3685533198562405,0.1381986576257299,2.258571254343818,0.28962206658888207,0.29934570900620666,0.869181291199368,0.9593438326320132,0.963790721621838,0.6871531136609789,0.1524829276698258,0.19753575203955165,0.9633035069163134,0.2041270633000881,0.4501711367987313,0.24893936881331893,0.09219787049832615,27,Man,sad,asian
/home/peisze/PycharmProjects/causalgaze/xgaze_224/test_person_specific/samples/subject0094/frame[0]_cam[0].jpg,0.07508098811736288,0.0717954095770507,0.1881524178775008,0.19255832121587482,0.32975256929574304,0.3515426815490486,0.36177384400983376,0.13092661886750975,2.2877162532946222,0.28996180082142536,0.29966922720259814,0.8811088205310975,0.9690997357989977,0.9704306924086221,0.6915943715493696,0.1519823257722616,0.19827424196392882,0.967917768391838,0.21283471295568948,0.45319593745284503,0.24935848124632976,0.0948790082340475,28,Man,happy,asian
/home/peisze/PycharmProjects/causalgaze/xgaze_224/test_person_specific/samples/subject0094/frame[2]_cam[0].jpg,0.0571606826196109,0.05619970977479075,0.18481477865537255,0.18887834241875529,0.26269684477354555,0.27213835213587156,0.37202696068958235,0.13703036126327528,2.269460435923175,0.29132405173613474,0.2994320644632711,0.8848862020283417,0.9721495179388835,0.9661213549294678,0.6929653225256114,0.153928756861223,0.18706853285237893,0.9709404499698743,0.2041685322583555,0.455252165747371,0.25329049962095723,0.09051192056991526,28,Man,sad,asian
/home/peisze/PycharmProjects/causalgaze/xgaze_224/test_person_specific/samples/subject0094/frame[7]_cam[0].jpg,0.06863637050225851,0.06648123185207146,0.19194733192126817,0.20134980214088985,0.2928854387909505,0.3147847094619455,0.3649890132559895,0.14029972388839895,2.2186733513127694,0.2907783906712204,0.3027244680485073,0.8802085969177028,0.9668046779750218,0.962446922923346,0.6909464448797054,0.15182988504214653,0.19576164566287924,0.967541080951717,0.20196468481031277,0.45425039704945525,0.23877978383276818,0.0920114086100903,27,Man,happy,asian
/home/peisze/PycharmProjects/causalgaze/xgaze_224/test_person_specific/samples/subject0094/frame[5]_cam[0].jpg,0.06614412966732097,0.06439691771912787,0.1868386309960199,0.18971605403402853,0.2998514605814797,0.31182005866388357,0.3668873754278952,0.13647016494709172,2.2637150710709326,0.2889769257598881,0.29794624217390503,0.8758859555786652,0.9648779658877249,0.9683232474535461,0.6894442277915982,0.1511869605020785,0.19619428031639785,0.9640145600779786,0.2107874267584404,0.4522815559480859,0.24876296971118642,0.09073588836596518,27,Man,sad,asian
/home/peisze/PycharmProjects/causalgaze/xgaze_224/test_person_specific/samples/subject0094/frame[1]_cam[0].jpg,0.08803314538538798,0.08324032815875956,0.18487871873876663,0.19157538400584762,0.38633688988955267,0.4215966610419635,0.35921550686090786,0.13143563486468787,2.2671229284531953,0.2814144887765721,0.2920954745282206,0.8716621413993888,0.9636280023756106,0.9654380113342811,0.675509854853485,0.14703935172824892,0.21385985492262186,0.9568428449265295,0.21722678527139339,0.4487135056679273,0.24719242702725985,0.09457679625051205,27,Man,surprise,asian
/home/peisze/PycharmProjects/causalgaze/xgaze_224/test_person_specific/samples/subject0094/frame[8]_cam[0].jpg,0.06151231474751174,0.06447188308684489,0.18641603280827287,0.19207245566367734,0.2970611551093877,0.29126635715444277,0.36749361836656796,0.13879843339754738,2.244346436076145,0.2892339463917552,0.30381009802599185,0.8850867396006923,0.9725322134269457,0.9721486044756952,0.6939917976768901,0.15398061629313559,0.19100960667792177,0.9716837917919942,0.21281776510159325,0.4605525813969127,0.25328864888943137,0.08330383915317056,27,Man,neutral,asian
/home/peisze/PycharmProjects/causalgaze/xgaze_224/test_person_specific/samples/subject0094/frame[9]_cam[0].jpg,0.06721180083674475,0.07050579843447406,0.1934702382048692,0.19721263504097533,0.31746092860891084,0.30704277081999554,0.36185884875316915,0.13863854560721303,2.2278602599429442,0.2865316840454498,0.3017947244269474,0.8811930973322092,0.9644825295593386,0.9679717114667792,0.6891730959064479,0.15480270946757552,0.1941914946340673,0.9597128480889116,0.20401082386423494,0.4546506908425381,0.24295234287814915,0.07703406914028206,26,Man,happy,asian
/home/peisze/PycharmProjects/causalgaze/xgaze_224/test_person_specific/samples/subject0094/frame[4]_cam[0].jpg,0.061674951600601116,0.058889493095736094,0.18654674691182285,0.1903633427479493,0.27331489565500816,0.2908076284687464,0.3652334340968705,0.13501290391542892,2.2640170196371914,0.29070194561722673,0.2965580381511603,0.8738690496444163,0.9632458057979899,0.9614907353333305,0.6854800728554733,0.15312311945339807,0.19029015994269105,0.9612580135415558,0.20843724404989908,0.45072718316876303,0.24707553472045268,0.09129024747489245,28,Man,sad,asian
/home/peisze/PycharmProjects/causalgaze/xgaze_224/test_person_specific/samples/subject0094/frame[6]_cam[0].jpg,0.06928155862674579,0.0678747704010999,0.18609643458074585,0.18929674471799032,0.3176494604467165,0.328318813860695,0.3638898256575124,0.1359355856382459,2.260055901664899,0.28812042034496244,0.30000877967724654,0.8730433043830246,0.9643978475424834,0.9662710573754251,0.6905330476524261,0.14793969496418202,0.20887797435293654,0.9645896779780382,0.2063447366227693,0.4530712269960823,0.25219776364241053,0.09305116087245352,27,Man,happy,asian
/home/peisze/PycharmProjects/causalgaze/xgaze_224/test_person_specific/samples/subject0096/frame[3]_cam[0].jpg,0.057945702774870746,0.06036974537856793,0.17978966949272115,0.18398314182417252,0.29137662470161274,0.28189064955338106,0.3481673161232621,0.13384074262631215,2.172072124431944,0.28486368456152267,0.28962689702171035,0.9020858739962575,1.0071027419787673,0.9756137243697731,0.6839939752184825,0.1280451182197855,0.1895296799007379,0.9795717551793184,0.23117925988928292,0.4261485839001948,0.2281539228021446,0.08656412732312699,29,Man,neutral,asian
/home/peisze/PycharmProjects/causalgaze/xgaze_224/test_person_specific/samples/subject0096/frame[0]_cam[0].jpg,0.05085924670154062,0.05399901206249871,0.1745582779563971,0.1878876176601866,0.2564568898049937,0.2558484790963341,0.34359825512935616,0.13388120522287433,2.1823235214082057,0.2515136360044248,0.31176575458123446,0.9005790750993501,0.970321247676669,0.9821470720479512,0.6701893381714161,0.13540916404376097,0.17589541569976344,0.9515339405376009,0.23374146652187885,0.4207257815854456,0.22310982900318932,0.07188095842280008,30,Man,sad,asian
/home/peisze/PycharmProjects/causalgaze/xgaze_224/test_person_specific/samples/subject0096/frame[11]_cam[0].jpg,0.0765016289373902,0.07596597380103114,0.188099768185731,0.18690186019380425,0.3620447856984586,0.36071191704072764,0.32860883183057604,0.14225595777694827,2.0878027649749713,0.28204163164659063,0.28373278479555003,0.9037958531085196,0.992218786438497,0.9841471201513068,0.6778992175166174,0.12865848664039914,0.21722722287588306,0.9589511336866053,0.22778956076162143,0.431635231514182,0.23292057815619244,0.08696811592050843,32,Man,fear,asian
/home/peisze/PycharmProjects/causalgaze/xgaze_224/test_person_specific/samples/subject0096/frame[7]_cam[0].jpg,0.04603734352702107,0.04648082168810984,0.1770478010829907,0.181927046210866,0.22714947481548162,0.2268471269298238,0.3462994281726827,0.13549584178684473,2.1591067517449956,0.28673503782288007,0.29091879181294644,0.888815631104437,1.0048173291236049,0.9526213617497141,0.677484064628309,0.13489575426262188,0.17220572888629443,0.987136399664144,0.20053698512904433,0.42426288480269203,0.2295845241037296,0.08423088145862809,28,Man,neutral,latino hispanic
/home/peisze/PycharmProjects/causalgaze/xgaze_224/test_person_specific/samples/subject0096/frame[5]_cam[0].jpg,0.06810751343024142,0.06774016713443941,0.18434368444219723,0.18601617095738776,0.32415768313268656,0.3256437881998331,0.34411540130513063,0.134918052437248,2.1634016634141853,0.28730981688029195,0.2865257407509327,0.8970593228037445,1.010688560312856,0.9624241153800593,0.6742087481028788,0.1283432310111502,0.2017357776548578,0.9900771570927579,0.21129192437553845,0.42726119361885195,0.23201754638565178,0.086891234597392,30,Man,neutral,asian
/home/peisze/PycharmProjects/causalgaze/xgaze_224/test_person_specific/samples/subject0096/frame[1]_cam[0].jpg,0.06721865819952945,0.06901836804924755,0.1881068750426249,0.19149943125802252,0.3202990774405472,0.3143500252807473,0.3511655379961859,0.1384326982592037,2.1482726288614633,0.28831304569228744,0.28871741008701224,0.9088535458201434,1.0103703019247852,1.0008249066665122,0.6837452523955028,0.1283311891622033,0.19304182827390282,0.9782506907942768,0.2481931223832417,0.4373045483441423,0.23344709714835218,0.08907560611340751,30,Man,neutral,asian
/home/peisze/PycharmProjects/causalgaze/xgaze_224/test_person_specific/samples/subject0096/frame[10]_cam[0].jpg,0.05126330184639669,0.0503073391868015,0.1837154939926977,0.18930147813849693,0.23659785774094355,0.24542190336500025,0.3434130032459443,0.1401388456514865,2.132547738880692,0.29240342393418783,0.2981263038718686,0.9215917855104329,1.0122206678732764,0.9738172648550939,0.6974140245254825,0.13636205164236923,0.1844396533601115,0.988436284894896,0.218366374211631,0.43638167873822525,0.23394209461096838,0.08742849621006919,29,Man,sad,asian
/home/peisze/PycharmProjects/causalgaze/xgaze_224/test_person_specific/samples/subject0096/frame[8]_cam[0].jpg,0.07617878773401449,0.07861763648340397,0.1993737325405477,0.19826882539639604,0.35686934083195726,0.34162877817941256,0.3359185729759257,0.13447317672268908,2.165134358636833,0.2766607367871492,0.2899667258368385,0.90058228212955,0.9893788213131335,0.9778965345594569,0.6728662412804378,0.14030745351448556,0.20739447413222545,0.9560147894671235,0.22369338479788548,0.4257424680578349,0.22167689006449126,0.060257897511461364,32,Man,sad,asian
/home/peisze/PycharmProjects/causalgaze/xgaze_224/test_person_specific/samples/subject0096/frame[9]_cam[0].jpg,0.08332419036379915,0.0850741786670538,0.19936235350097176,0.19911100128524273,0.38500674073648694,0.373842236413833,0.33651140833253634,0.13443233436802066,2.1761645115827033,0.2763839353688128,0.28837032729033385,0.9002323031093955,0.9908985687268557,0.9785559012267837,0.6727523901721286,0.1381949645044629,0.20698686627102386,0.9567358424710475,0.22095338654618166,0.4234641542363115,0.22398017457913266,0.06327545747979924,32,Man,fear,asian
/home/peisze/PycharmProjects/causalgaze/xgaze_224/test_person_specific/samples/subject0096/frame[4]_cam[0].jpg,0.059429383911359004,0.06179785442564038,0.18512128613963644,0.1834558569088311,0.298986826976572,0.28214363739126597,0.3476760084306376,0.13428566475769127,2.180577108356084,0.28707211867917337,0.282949505245206,0.8901116050971233,0.9926872038900049,0.9605729735472368,0.6711918420799948,0.12665496085026845,0.18746803831349634,0.9707058835145139,0.2154469954584634,0.42826892845887343,0.2283585458855669,0.08542607371924492,29,Man,neutral,asian
/home/peisze/PycharmProjects/causalgaze/xgaze_224/test_person_specific/samples/subject0097/frame[3]_cam[0].jpg,0.07613775372098389,0.07640773895735213,0.19832399065259998,0.20996962566471972,0.3218314194325292,0.3380477717208896,0.33450753561783014,0.09862229683182552,2.5396757750537464,0.26354747230687114,0.3228398120717601,0.9429703426697394,1.001585974779112,0.9145549268542009,0.6913822938154068,0.11744538336893802,0.20955521421359158,0.9848731293264308,0.2581930633554753,0.4585831349188235,0.2373017272233428,0.07516397119587828,34,Man,neutral,indian
/home/peisze/PycharmProjects/causalgaze/xgaze_224/test_person_specific/samples/subject0097/frame[0]_cam[0].jpg,0.07990996396811552,0.0765762799688174,0.19896083624292762,0.20699613897515187,0.3266124866864659,0.3529409453273469,0.3339701466893841,0.11195440737491241,2.3736652947150247,0.26623425423112645,0.3223604851380056,0.9429057062364281,1.0077094065567542,0.9281810674444145,0.6874037733588775,0.12029801429835346,0.21137959332098136,0.9807859909298902,0.2628868493711133,0.46492802497255525,0.23782438038900724,0.08502069344812911,33,Man,neutral,indian
/home/peisze/PycharmProjects/causalgaze/xgaze_224/test_person_specific/samples/subject0097/frame[7]_cam[0].jpg,0.08186441434286235,0.08107950111731425,0.1951979940312794,0.2106952548210176,0.3419858696987842,0.3707505473682098,0.33037507494807866,0.09968861570350147,2.526551432325884,0.258505544490394,0.3259100511482832,0.9477285718776742,0.9984377693723101,0.9155528277932959,0.6842970588286263,0.10947948327195861,0.21716665373708285,0.981216649129939,0.26907329929025525,0.4562061339057035,0.2427292084990717,0.06441707669502386,35,Man,neutral,indian
/home/peisze/PycharmProjects/causalgaze/xgaze_224/test_person_specific/samples/subject0097/frame[5]_cam[0].jpg,0.0813123475509626,0.08088591177285587,0.204442098725984,0.21598468968070159,0.33271281476478226,0.3518075345190564,0.33399487309678505,0.09715320370489124,2.5842754854655863,0.262573371902031,0.32428016100873397,0.9308638351010976,0.9914950334783698,0.9114155434438391,0.682888152983505,0.11598505596726479,0.2159270193170337,0.9823867386564192,0.25586462555676487,0.4586607352899908,0.23432263820099958,0.06815110544054787,34,Man,neutral,indian
/home/peisze/PycharmProjects/causalgaze/xgaze_224/test_person_specific/samples/subject0097/frame[1]_cam[0].jpg,0.06932302324915036,0.06749151711176599,0.20528992828572792,0.21106337327701807,0.2827040296907906,0.2981805988998634,0.34828910970205895,0.10673716575596837,2.504346756650942,0.28230209211165935,0.32017771997170485,0.9373702256694493,1.0014018888561644,0.9327573769914791,0.7007375623274735,0.120156147429551,0.18799067735173278,0.9832806557860272,0.264592068230991,0.4721943610273391,0.2519592879013678,0.07643726562821111,29,Man,neutral,middle eastern
/home/peisze/PycharmProjects/causalgaze/xgaze_224/test_person_specific/samples/subject0097/frame[10]_cam[0].jpg,0.05434083739459485,0.05306157973589086,0.1850591573066847,0.19969379886810948,0.23393441071250318,0.25668518117621225,0.3467964149419072,0.10077103323962569,2.5670878153309378,0.2739089989312871,0.3249212852158509,0.920702107697813,0.9891338824541193,0.9102608688935057,0.6975353172221463,0.12268427957774829,0.18809771050548063,0.9778479304668961,0.23938174590302963,0.47238652985288376,0.25671376508215876,0.08805749182425412,29,Man,sad,middle eastern
/home/peisze/PycharmProjects/causalgaze/xgaze_224/test_person_specific/samples/subject0097/frame[8]_cam[0].jpg,0.08413433267689108,0.08441042005164699,0.20062842516455626,0.21592914960848744,0.3486326325792172,0.37223938511514454,0.33539705150732685,0.09917188309891943,2.565399688545289,0.2609595890674689,0.3238567059401486,0.9201541325763575,0.9823650358922313,0.912148576212619,0.677742777578426,0.1088738998631398,0.22127585789956455,0.9758441446787631,0.26124276873079105,0.45695673228220896,0.2415219015697715,0.061514158748804955,34,Man,sad,indian
/home/peisze/PycharmProjects/causalgaze/xgaze_224/test_person_specific/samples/subject0097/frame[9]_cam[0].jpg,0.07567603551293638,0.07397703618283522,0.19784855926802244,0.20937398779168123,0.31304374180017663,0.33705309573838804,0.33791134859939187,0.09863548004877211,2.5710182028522435,0.2654574301624416,0.3237733398601108,0.927246716392383,0.9869567799029312,0.9152283428585095,0.6891105192418641,0.11828011563313863,0.20797282904386943,0.9730048255967851,0.2550884604255879,0.46112987354611523,0.24447018932080028,0.0753116879795781,34,Man,neutral,indian
/home/peisze/PycharmProjects/causalgaze/xgaze_224/test_person_specific/samples/subject0097/frame[4]_cam[0].jpg,0.08178276572974073,0.07857721478880275,0.19684796568026758,0.21101269183221846,0.32866091306106476,0.36481848192895117,0.3319716975197257,0.09587719784348045,2.5729278985614843,0.2640072605054254,0.3222788232344868,0.9354605013699268,0.9928602910122534,0.9040237787305656,0.6871100058432994,0.11380031112368695,0.21628317754124637,0.9707327160646505,0.25172883918263916,0.4634685260523248,0.23507492544018765,0.09168854817657161,33,Man,neutral,indian
/home/peisze/PycharmProjects/causalgaze/xgaze_224/test_person_specific/samples/subject0097/frame[6]_cam[0].jpg,0.08246803527069618,0.07965569806377525,0.1947204987710775,0.20651939618924206,0.34058944704152283,0.37268632509925614,0.3363321755805584,0.09682055759045692,2.5851133227297884,0.26005632450203164,0.3241238473025945,0.9476211428109492,1.0014342596869672,0.9217751099000364,0.6888339944616662,0.11237269701105648,0.21618513410579832,0.9786536264175618,0.2675978997052914,0.46124498482697224,0.2410440944550467,0.08351687742716142,35,Man,neutral,indian
/home/peisze/PycharmProjects/causalgaze/xgaze_224/test_person_specific/samples/subject0110/frame[3]_cam[0].jpg,0.07956388544372711,0.08190340507060395,0.18498609790894358,0.20331923875436464,0.3610613864431452,0.3829735248973451,0.3587798706236436,0.14534579138911352,2.166359093485192,0.2544812738895274,0.3142832834839342,0.8677089997108562,0.9487018328367058,0.9462162519888813,0.6809710487203271,0.12940339779747217,0.18290587258281507,0.934550340340435,0.22353603139158829,0.4435157774553395,0.2462611409620085,0.0612040429668101,28,Man,surprise,asian
/home/peisze/PycharmProjects/causalgaze/xgaze_224/test_person_specific/samples/subject0110/frame[0]_cam[0].jpg,0.08536663173888559,0.0780175966295511,0.18657562451215814,0.19785151000290338,0.3508101089805221,0.40448821104649096,0.3473328141774363,0.18297999284280617,1.9320570150314664,0.2736809484192847,0.3119548819104613,0.9173308328782626,0.9961831770624565,0.9855311716867481,0.7026161820776654,0.12260551963317214,0.18678386361404592,0.9821246419022629,0.21518312593834982,0.4416418069255028,0.25239203884186273,0.09334643181555287,29,Man,fear,asian
/home/peisze/PycharmProjects/causalgaze/xgaze_224/test_person_specific/samples/subject0110/frame[2]_cam[0].jpg,0.05128657654723664,0.05396900481778807,0.18130318978869994,0.1945021313734739,0.24585735828764885,0.24983349053435402,0.36552234156157165,0.15108146061780212,2.147914187915031,0.27592535415127706,0.3254713708459707,0.9141001505083427,0.9994891711669012,0.9540756472499689,0.719471421378952,0.13118539089346912,0.16577350003384486,0.9898494914575681,0.20894282932553485,0.44368273128199276,0.25225139035208316,0.08224183951609022,30,Man,neutral,asian
/home/peisze/PycharmProjects/causalgaze/xgaze_224/test_person_specific/samples/subject0110/frame[7]_cam[0].jpg,0.06024578153011978,0.05818821393584147,0.18777924410799776,0.20102666557586948,0.2569076565659814,0.2827612243605631,0.346810469288738,0.17130732959180678,1.9784852320400228,0.27868886498529477,0.3238107512088014,0.9194599565575673,1.0004892445446132,0.9700493841086871,0.7127948250922918,0.1220420394380157,0.1622521870596587,0.9931459769284614,0.2148944969128008,0.4466098011250464,0.2482004025626349,0.08948112511517585,28,Man,sad,asian
/home/peisze/PycharmProjects/causalgaze/xgaze_224/test_person_specific/samples/subject0110/frame[5]_cam[0].jpg,0.051943781544710015,0.05066706842833973,0.1836491032134445,0.19671115231874284,0.22796158535299235,0.2480083770193323,0.36029937270279766,0.1529081525368091,2.127648339527531,0.28346474813100103,0.322837111377379,0.921469474267502,1.0015135393806447,0.9629725343914264,0.7203838454164198,0.12724543690380377,0.1581706384906129,0.9948556843479253,0.2223371081817038,0.44914187205623585,0.25405417553592397,0.091907077652385,28,Man,sad,asian
/home/peisze/PycharmProjects/causalgaze/xgaze_224/test_person_specific/samples/subject0110/frame[1]_cam[0].jpg,0.05434458468173482,0.051864011927037844,0.18446767719074142,0.19592206103992646,0.2335646033965391,0.2584563203513869,0.34255369795630797,0.1867725953095744,1.902120385213278,0.2826544625703188,0.32371954223026017,0.9210272899749058,1.0025677228086263,0.9742678864478108,0.7192632538826015,0.12413108974414293,0.16192240717770734,0.9973449591435872,0.19893417467898802,0.4472258641419227,0.25441228796465964,0.09170831362378452,29,Man,neutral,asian
/home/peisze/PycharmProjects/causalgaze/xgaze_224/test_person_specific/samples/subject0110/frame[8]_cam[0].jpg,0.0755573131199388,0.07689011175978892,0.18718232417552993,0.19976635940413628,0.34224439576110655,0.357271477668733,0.34956484980484687,0.1869248245106492,1.914127232084013,0.2686130533608758,0.31534447773941876,0.9133249460033266,0.9929336041060814,0.9871446738265086,0.7063001890459513,0.1228775679247036,0.18791253348565812,0.9688494239019558,0.22130408210710584,0.4493905498216533,0.25147289996701666,0.07848286204499888,27,Man,surprise,asian
/home/peisze/PycharmProjects/causalgaze/xgaze_224/test_person_specific/samples/subject0110/frame[9]_cam[0].jpg,0.027344054454027655,0.026689588797831558,0.18838121247377757,0.19934021802193408,0.11888638563903993,0.12799052766103217,0.3426373946511109,0.19219680028400213,1.876399931945036,0.27640258085458924,0.32499889703426094,0.9139587684974795,0.9932204018052851,0.9782852986775216,0.7121345512215494,0.1259444469623794,0.16090474672324243,0.9832487598685806,0.1974659151018389,0.43924516443361566,0.24711105687222165,0.08505691702394981,29,Man,sad,asian
/home/peisze/PycharmProjects/causalgaze/xgaze_224/test_person_specific/samples/subject0110/frame[4]_cam[0].jpg,0.07220680183204206,0.0705116090114409,0.17690887881709136,0.1896921081462557,0.33171786453891683,0.36162979111995514,0.35428242938583526,0.13880025043749405,2.199811974296671,0.2607027205801523,0.3093991485199809,0.9072624925492945,0.9798578343141249,0.9490575516173619,0.6924738549782492,0.12219533946340602,0.18242557166268797,0.9547190936417014,0.23334642902558383,0.44029892353956634,0.2579732125222029,0.08132230303001159,28,Man,fear,asian
/home/peisze/PycharmProjects/causalgaze/xgaze_224/test_person_specific/samples/subject0110/frame[6]_cam[0].jpg,0.06617397252857692,0.06642704935817141,0.17683646694354022,0.1911227365434843,0.30928620414734453,0.3307552617063426,0.3455544102920381,0.14959226248353258,2.105011115813965,0.263687835672541,0.31204508994036045,0.8935996525534687,0.973365372559104,0.9360085630139235,0.6901783172701191,0.11600498015154473,0.16838490193135688,0.9539096119555326,0.21676465893992575,0.44475128837685135,0.2587683402388272,0.08150234708682867,28,Man,neutral,asian
/home/peisze/PycharmProjects/causalgaze/xgaze_224/test_person_specific/samples/subject0113/frame[3]_cam[0].jpg,0.04868134410680255,0.052071157097273967,0.1911577222445008,0.19467064612776347,0.2361929166576706,0.2222692091765888,0.40839020778100127,0.13476547134962705,2.412819168904021,0.2904933912527186,0.3196979433311774,0.9480518145477366,1.01323166229532,0.9248831932767421,0.724758350445672,0.11684324073131414,0.15801394658094267,0.988289188395383,0.26566663556117065,0.4627699214277164,0.2504426280188369,0.08307097594254403,31,Man,neutral,middle eastern
/home/peisze/PycharmProjects/causalgaze/xgaze_224/test_person_specific/samples/subject0113/frame[0]_cam[0].jpg,0.06471487939574715,0.07041550272623813,0.2012292032233043,0.2092431175749493,0.30004378003512366,0.284487116573305,0.4082526927260995,0.12348075013625186,2.511456987743013,0.285491741165839,0.3171096785583613,0.9435907752302374,1.0036718689489852,0.9198983184564239,0.7120632592571124,0.12056512107898132,0.1689246032962777,0.979255050620234,0.27575824753900313,0.4607315336174766,0.24284746225153342,0.06822419702730315,28,Man,neutral,middle eastern
/home/peisze/PycharmProjects/causalgaze/xgaze_224/test_person_specific/samples/subject0113/frame[2]_cam[0].jpg,0.06788298521640357,0.0728869589962541,0.20144536363037951,0.21113195406769777,0.3075301975456221,0.29793547294433714,0.4036766798493166,0.12556025646364502,2.4761821045878647,0.28349724640218776,0.31672748863400285,0.9421982656691209,1.0040271936743983,0.9127301141512494,0.7089606310237138,0.1181326448372959,0.16873791534249974,0.975639912388137,0.2691380633732303,0.4594996239927698,0.24022654632576795,0.07064609240765732,29,Man,angry,middle eastern
/home/peisze/PycharmProjects/causalgaze/xgaze_224/test_person_specific/samples/subject0113/frame[7]_cam[0].jpg,0.06429345107316041,0.06709135437560981,0.1929439815326242,0.20567564326559468,0.28985983078141087,0.29250691579788485,0.40981990846419,0.12675291090354798,2.474316256384637,0.2899997558351801,0.3152665285326699,0.9321991037016067,1.0017362089137798,0.9085198850958776,0.7120645993025176,0.12038428421333154,0.16152481953653827,0.9768919284137312,0.2586161054005885,0.46645174363340947,0.25120738723737485,0.09352524739058754,29,Man,neutral,middle eastern
/home/peisze/PycharmProjects/causalgaze/xgaze_224/test_person_specific/samples/subject0113/frame[5]_cam[0].jpg,0.05226834648975565,0.058080055487257295,0.18871393389448257,0.20311198221288507,0.2530316811683005,0.2412737895878882,0.4124603085960657,0.1296534432342352,2.4661481112972155,0.29093447218865165,0.3219112631054296,0.9371009070064211,1.0051870562334309,0.9169849476826387,0.7237251475678126,0.11968120213037092,0.15586095423282437,0.9845290566488338,0.26066733625693356,0.4635889568004166,0.25351987667634257,0.09326926912269626,30,Man,neutral,middle eastern
/home/peisze/PycharmProjects/causalgaze/xgaze_224/test_person_specific/samples/subject0113/frame[1]_cam[0].jpg,0.07755522951572019,0.08186583782548718,0.19539426532645832,0.21086683918497579,0.3451429759363555,0.35021152539828715,0.40106365165416025,0.12284328494771526,2.4927604757995145,0.2797718086611118,0.31011585626771865,0.9349605763341859,0.9902270849831789,0.9200796770294706,0.6977302330414727,0.11580350309908952,0.18779693784197135,0.9656237436288337,0.273347003512062,0.45644526027020094,0.24178903677964414,0.09241205674606202,30,Man,neutral,middle eastern
/home/peisze/PycharmProjects/causalgaze/xgaze_224/test_person_specific/samples/subject0113/frame[8]_cam[0].jpg,0.0807895284663139,0.08409333421137925,0.20211939445310853,0.2117718406708984,0.35501516452824744,0.3548801244469206,0.4020858392360006,0.12550117484950113,2.4749857307674503,0.27855568126727404,0.31200954907254647,0.9410469010981474,0.9912978164269567,0.913051231569139,0.7004384316901806,0.1153659904062983,0.17488862317189666,0.9619686816501591,0.2669579768675212,0.45311790800958807,0.24334949108781317,0.06826023863969648,29,Man,fear,middle eastern
/home/peisze/PycharmProjects/causalgaze/xgaze_224/test_person_specific/samples/subject0113/frame[9]_cam[0].jpg,0.06895213045701894,0.07330614677449847,0.20042400615546907,0.2171739644909061,0.30128778131105444,0.3042242623021794,0.4101865687045249,0.12515484262838722,2.505947012027502,0.2873740694376484,0.31589040493021814,0.9330670240303516,0.9982273637961387,0.9182760660388634,0.7079530225961529,0.11856930576984957,0.1697934044661318,0.9767034582343526,0.2656174456681383,0.46751204314920786,0.24071928872837597,0.09027358476455476,28,Man,neutral,middle eastern
/home/peisze/PycharmProjects/causalgaze/xgaze_224/test_person_specific/samples/subject0113/frame[4]_cam[0].jpg,0.07657409179902061,0.07870927412431167,0.20265026451767887,0.21031634022573478,0.33302975647454,0.3335840526718082,0.4045225429351098,0.12305545758523231,2.514550587021446,0.2815340727331509,0.3115413505105744,0.9398125842439506,0.9899022202835095,0.9125837653690305,0.7027780176492067,0.11685108808869335,0.17637395384928037,0.9614175711556715,0.26660783297564594,0.45408433762115913,0.23841455253431668,0.07871941384115928,29,Man,surprise,middle eastern
/home/peisze/PycharmProjects/causalgaze/xgaze_224/test_person_specific/samples/subject0113/frame[6]_cam[0].jpg,0.06870793906069751,0.07330359168878946,0.19900906290322096,0.21045739355368825,0.3105308631539621,0.3054258026271821,0.4086665577667619,0.12374217830492223,2.513533184290225,0.28234821507972996,0.3184385082553571,0.9426047205927268,1.0045452828058492,0.9145748064480845,0.711385030440911,0.12227167128346379,0.1716618699695794,0.9806994740162424,0.2691700183053011,0.45857066762604787,0.24421145569754663,0.07072487033806406,29,Man,angry,middle eastern
/home/peisze/PycharmProjects/causalgaze/xgaze_224/test_person_specific/samples/subject0115/frame[3]_cam[0].jpg,0.09904119659268266,0.09381604354866473,0.1894444501505274,0.2069642946873399,0.40279987810451146,0.4609416472428196,0.35806588810137846,0.12257347116497622,2.3613791703750224,0.25622462546290403,0.2994222223174724,0.8961253006852069,0.9856264628243467,0.9569489850950847,0.6688607127169557,0.1451292403967828,0.20028781837238172,0.9608814524875526,0.22927455970693775,0.4053572425623678,0.19343301442254254,0.0918656726844979,30,Man,surprise,white
/home/peisze/PycharmProjects/causalgaze/xgaze_224/test_person_specific/samples/subject0115/frame[0]_cam[0].jpg,0.06743595596789376,0.06935791611211319,0.182045604444856,0.1982707270228956,0.31136673040516044,0.32518735000631693,0.3738165339512612,0.12092242946907782,2.448287700671725,0.2676261822517451,0.3047128339025052,0.919439822616332,1.005847586704148,0.9511028421186468,0.695472509825911,0.1477917757363867,0.18682523494824674,0.9870675401427443,0.22308990030562528,0.40729495061354537,0.19884488164705386,0.08414080769634873,31,Man,sad,white
/home/peisze/PycharmProjects/causalgaze/xgaze_224/test_person_specific/samples/subject0115/frame[2]_cam[0].jpg,0.050938936742327176,0.043713629083375706,0.1780653642813359,0.18641396864710744,0.20658046457390197,0.2498893051079425,0.3746005130045293,0.12616330986900853,2.4060117637632152,0.26685919293055577,0.3031917073134952,0.9040817066324726,0.9965295853763095,0.9773582911622744,0.696023483825656,0.14027830173144315,0.17851331441570925,0.9749788822749349,0.2391280113223546,0.41074397904119364,0.20827841501784602,0.0818517955063942,33,Man,sad,white
/home/peisze/PycharmProjects/causalgaze/xgaze_224/test_person_specific/samples/subject0115/frame[7]_cam[0].jpg,0.1073407999889393,0.10431056608638725,0.19464348623914585,0.2139934478741631,0.4349652267109931,0.48936169099187204,0.3443440783596725,0.1291425567053468,2.2709991354284034,0.2516688471792366,0.2935260736585607,0.869472852333653,0.9478182833358959,0.9547284914529837,0.6509464434629402,0.13759228377155605,0.2048933909201334,0.9246970908188421,0.2155287444893645,0.4174261336690943,0.19602426085367394,0.0837008942603743,30,Man,neutral,white
/home/peisze/PycharmProjects/causalgaze/xgaze_224/test_person_specific/samples/subject0115/frame[5]_cam[0].jpg,0.0656036136903691,0.06247385455313575,0.17816809135453654,0.18961112618774373,0.2915464784323105,0.3225629216542585,0.37602968155182814,0.13295709605571074,2.3449639753078375,0.26378069148802313,0.3104484908614789,0.9174439631136543,1.0078528868984058,0.9712323981009636,0.696929421111767,0.14101160283313616,0.1842522795729465,0.9901529073886209,0.22607929149257514,0.40902486727816145,0.2070080960720162,0.0876124034707216,31,Man,sad,white
/home/peisze/PycharmProjects/causalgaze/xgaze_224/test_person_specific/samples/subject0115/frame[1]_cam[0].jpg,0.1021012573078277,0.10268168815888648,0.1925241309295951,0.2076501306654048,0.4457809561841434,0.47378916321139947,0.3689032760943313,0.12998755110523483,2.3380635607618134,0.24673798073926534,0.29320308926085453,0.8823395834174118,0.9477299905570523,0.9816790084215223,0.6533901503534784,0.14109611464455035,0.18446715746180384,0.9279931108981683,0.23398706795671442,0.39360074658822436,0.20477368700169601,0.04942518824755427,28,Man,surprise,white
/home/peisze/PycharmProjects/causalgaze/xgaze_224/test_person_specific/samples/subject0115/frame[8]_cam[0].jpg,0.0965559295155277,0.09445363880597726,0.1913128879678395,0.20167593585188084,0.41586987115486307,0.4456020564776954,0.35720207160608086,0.1332556263851477,2.28189701616205,0.2582768471730707,0.29706142200754154,0.8968484141276826,0.9921372556386417,0.9632838969838251,0.6698478769037091,0.1380290034398643,0.20250579716373543,0.9658748273256351,0.22277094690848404,0.4111014914479858,0.19893811937115463,0.08621239456984335,31,Man,surprise,white
/home/peisze/PycharmProjects/causalgaze/xgaze_224/test_person_specific/samples/subject0115/frame[9]_cam[0].jpg,0.0790874905907657,0.07498669835162722,0.17879030095515924,0.18968459073979368,0.34998011259516293,0.38783646021418694,0.36806604147942756,0.13737175841835253,2.284891711553867,0.26271934744168945,0.30218054449960485,0.9075873692111874,1.0030305936814423,0.9686002728243489,0.6819784512613362,0.14027381613581288,0.19661190664774425,0.9801884389226889,0.22742084900568688,0.40880217177063544,0.2089923682377723,0.08970661323844187,30,Man,neutral,white
/home/peisze/PycharmProjects/causalgaze/xgaze_224/test_person_specific/samples/subject0115/frame[4]_cam[0].jpg,0.06482129489271443,0.06272264744954924,0.17850492471578946,0.1867420575254317,0.29688178055863906,0.31806289277832167,0.3769460632506475,0.12837194009704292,2.39180209135829,0.2659764589750131,0.3064049214367916,0.9075672674169304,1.0006272988339966,0.9737182659518591,0.6954648168585643,0.14135787355880294,0.18879060785412852,0.9881159504173571,0.23044408762592708,0.41452146153389996,0.20949298039689065,0.08682823782106304,31,Man,sad,white
/home/peisze/PycharmProjects/causalgaze/xgaze_224/test_person_specific/samples/subject0115/frame[6]_cam[0].jpg,0.0812543157925406,0.07888847021795181,0.18792395914652799,0.20300431862437152,0.34573667162991584,0.38009650250734867,0.36874326401553675,0.13167462330627383,2.332957744724074,0.26521295294286124,0.3050555321975299,0.9159243376175755,1.008534687491042,0.96373604279276,0.6883743339130584,0.13928856842909548,0.19528918070207574,0.9880490049856285,0.2305417216108291,0.4078733592081549,0.19595668558737145,0.09021802093109715,30,Man,neutral,white
/home/peisze/PycharmProjects/causalgaze/xgaze_224/test_person_specific/samples/subject0116/frame[3]_cam[0].jpg,0.08195122811612891,0.08694926700224966,0.18686839314567516,0.20742501699833144,0.37521339863682407,0.39010957379846417,0.37558379684150567,0.12924169956704362,2.3732445131424402,0.2573646757287358,0.3168541297634969,0.8787516776990743,0.9497975056681985,0.938125440779276,0.681365984133839,0.13020172005556918,0.18726373179157035,0.9481149185295461,0.21993638690291115,0.4397292701979121,0.2437538363557684,0.06705894207259665,28,Man,surprise,asian
/home/peisze/PycharmProjects/causalgaze/xgaze_224/test_person_specific/samples/subject0116/frame[0]_cam[0].jpg,0.07878702162460674,0.07839357096384246,0.18336683250506378,0.2013137934619206,0.34474934438772664,0.3784074580182374,0.38438426136088344,0.1341604298078716,2.3581610712029772,0.2716634320606835,0.3223577145604592,0.9059344230526644,0.989400523795917,0.9572835088975578,0.7017177584277384,0.13062273276278763,0.19069420076957255,0.9848929209037783,0.2326729783606797,0.4437017671452039,0.24931154767864175,0.09305634803523727,28,Man,surprise,asian
/home/peisze/PycharmProjects/causalgaze/xgaze_224/test_person_specific/samples/subject0116/frame[2]_cam[0].jpg,0.08087130794075617,0.07958552723575124,0.18622316849143086,0.20064906751521994,0.35154925068007103,0.3832557320961838,0.3834987438025676,0.1361244372679025,2.3348223673248074,0.2699485803129307,0.3179428540564679,0.8885772218186027,0.9788655299481888,0.9439632087556359,0.6921385945313686,0.1293758130252353,0.1879634541124078,0.977209790070161,0.22139453648285032,0.4427222726044691,0.2482300470317793,0.0928097637631848,28,Man,surprise,asian
/home/peisze/PycharmProjects/causalgaze/xgaze_224/test_person_specific/samples/subject0116/frame[7]_cam[0].jpg,0.08242866775339527,0.08663774733140088,0.1831162172255938,0.20524464631406086,0.3752652913663779,0.39834084454082574,0.3666010250731883,0.12522347713912704,2.360020993090646,0.260167520067981,0.31588217599140506,0.882964167220279,0.9539795881523393,0.9364146963540111,0.6819601992467258,0.13507100684448792,0.19308600061820927,0.9463303205900844,0.2180360260450478,0.4350993835760303,0.23928445031356613,0.07764289756624383,27,Man,surprise,asian
/home/peisze/PycharmProjects/causalgaze/xgaze_224/test_person_specific/samples/subject0116/frame[5]_cam[0].jpg,0.06452676288145524,0.06282505705049693,0.18113553163316506,0.19473387435096898,0.2859013961712923,0.31387279079327685,0.38324697005319863,0.13197522786353935,2.3696209513627196,0.2714740255305893,0.32158893827133145,0.8890896788840169,0.9725740382583293,0.9496808173690805,0.700765905670181,0.13271680934826485,0.17468146833948478,0.9729310861925783,0.2254128013965645,0.43858991032485645,0.24783468122237926,0.08043810087835206,29,Man,neutral,asian
/home/peisze/PycharmProjects/causalgaze/xgaze_224/test_person_specific/samples/subject0116/frame[1]_cam[0].jpg,0.08049642400952818,0.08088863807997698,0.18450150432601625,0.20201040675329196,0.3547874650033619,0.38433376249977586,0.3800528604890577,0.1301056966999007,2.369322122258547,0.2700747559748242,0.3184952341123657,0.8968853762448098,0.9785913483604721,0.944869711927258,0.6924311659844739,0.1328610780766946,0.18902837888339075,0.9742138611883743,0.22682134589270853,0.44116618286767295,0.2439945512601854,0.09230340952568823,27,Man,neutral,asian
/home/peisze/PycharmProjects/causalgaze/xgaze_224/test_person_specific/samples/subject0116/frame[8]_cam[0].jpg,0.06080230538140017,0.06677592407811626,0.18285108278068213,0.2059193866827424,0.28802708061320065,0.2921794389597358,0.3810783703051488,0.13164030598662502,2.36659863314292,0.2751511940206168,0.32444087789639536,0.900237212799524,0.9769597210731694,0.9483703505121786,0.698135493847169,0.13070600487720968,0.16998374518339343,0.975162580094273,0.2284510210100688,0.44659628792328204,0.24351233255323135,0.0896372236102983,29,Man,neutral,asian
/home/peisze/PycharmProjects/causalgaze/xgaze_224/test_person_specific/samples/subject0116/frame[9]_cam[0].jpg,0.08004366329579411,0.07986399576445082,0.18124780898070916,0.19756848786087192,0.35813989859609274,0.3895177442113135,0.3806163330579486,0.13851090120704584,2.2972022035948143,0.26911213803627937,0.3187128189930372,0.8927336440840618,0.9785917286766297,0.9600868706931457,0.6962990302765124,0.12813184267625607,0.19054365713655042,0.9741878219566034,0.23170923802094243,0.4395871274678177,0.2500893875148901,0.09014921076623644,27,Man,surprise,asian
/home/peisze/PycharmProjects/causalgaze/xgaze_224/test_person_specific/samples/subject0116/frame[4]_cam[0].jpg,0.0669560980811449,0.06743271660365101,0.18074845925027233,0.19660079449945933,0.30349634096414596,0.32617545308181806,0.38932596932111185,0.1335395774296096,2.3654550364553137,0.27471128148162377,0.3226290701634215,0.8893501520879988,0.982173016985856,0.9534749497048918,0.7040929674824639,0.1340977843138587,0.17588314681997907,0.9832537599493528,0.2208426259147951,0.44569676924343093,0.2587697368063657,0.08999717715980184,28,Man,neutral,asian
/home/peisze/PycharmProjects/causalgaze/xgaze_224/test_person_specific/samples/subject0116/frame[6]_cam[0].jpg,0.07999077336889938,0.08119272007414734,0.18797480673355976,0.20503065596636638,0.3510407829574717,0.37476976562268566,0.38383769687344044,0.13014915930721596,2.3747305122461255,0.2753620876476621,0.32035218706339896,0.8994499626684748,0.9877508390127708,0.9530995996275915,0.6968482511268346,0.135419810586387,0.18548633403545103,0.9878728733906924,0.2277873454045806,0.44490440509154433,0.24538339642834425,0.09275436018282011,28,Man,neutral,asian
/home/peisze/PycharmProjects/causalgaze/xgaze_224/test_person_specific/samples/subject0119/frame[3]_cam[0].jpg,0.06691352775844588,0.07068140313526465,0.19591639231738842,0.21019842386485893,0.29821599905069135,0.30158787313750496,0.3992876930920003,0.1329091430959879,2.422577389751953,0.27167940300995447,0.3391065573797684,0.933558832960171,1.0216086001932574,0.9365082557196669,0.7287801530923118,0.12986631401238796,0.20379287883147956,1.017754403148681,0.2360246848867924,0.48129283937673667,0.2578028223295144,0.07258921599631878,25,Man,fear,white
/home/peisze/PycharmProjects/causalgaze/xgaze_224/test_person_specific/samples/subject0119/frame[0]_cam[0].jpg,0.07087251957070351,0.07433316820138458,0.19604715637465203,0.21113494449077846,0.3125110674778447,0.31939214705210034,0.3996741019808119,0.13198547341503086,2.4348747092861935,0.269426577187181,0.3380164599022972,0.9316618969065265,1.0172648477400035,0.9410138045027341,0.7248065651204216,0.13164473435484902,0.20468672476083702,1.0163229223896104,0.23855207753787275,0.47420005279741856,0.25127666900604345,0.07152475999360572,25,Man,sad,white
/home/peisze/PycharmProjects/causalgaze/xgaze_224/test_person_specific/samples/subject0119/frame[2]_cam[0].jpg,0.05962780539756309,0.06237875446356482,0.19459497895866618,0.20986642343398682,0.26292528148718225,0.2695763005501807,0.4012490936080282,0.13300131433150367,2.4267941915181286,0.2766975179131041,0.3412680501946499,0.9307904263796162,1.0183658171702776,0.9406800426071933,0.7330615836880603,0.13307556321056888,0.20242805812767106,1.0193880850689634,0.23471625803740684,0.4843340269419494,0.2577581763326222,0.07810523009111314,26,Woman,fear,white
/home/peisze/PycharmProjects/causalgaze/xgaze_224/test_person_specific/samples/subject0119/frame[7]_cam[0].jpg,0.05453598560784632,0.05334484678909768,0.1904715574413806,0.20279351545910843,0.23191495005541143,0.25146919918045374,0.40271745454741775,0.13664206833835185,2.3884028333636524,0.2775843977305998,0.33605903206405247,0.935433759171632,1.024439216902766,0.9410361222330237,0.7317401715188564,0.1315746953533193,0.20114832456758786,1.0221727546005068,0.23479293833940001,0.4820152672478518,0.2612395085560737,0.07960255808398686,28,Woman,sad,white
/home/peisze/PycharmProjects/causalgaze/xgaze_224/test_person_specific/samples/subject0119/frame[5]_cam[0].jpg,0.059245951616625256,0.05900248089485748,0.1861400005686366,0.2044842052157738,0.2543186899444661,0.27875186259763496,0.4029313717077423,0.1340112798905835,2.40696014100048,0.27142398705455073,0.340769027071868,0.9416009733047087,1.0207760176293676,0.9494347221655536,0.7340685843528286,0.13008416781791615,0.2034290307939147,1.0150315467780144,0.24228026685222442,0.48573353904465755,0.26256192776291254,0.08771025671383895,26,Woman,fear,white
/home/peisze/PycharmProjects/causalgaze/xgaze_224/test_person_specific/samples/subject0119/frame[1]_cam[0].jpg,0.07084000762821085,0.06822894417594111,0.1962931901475928,0.21950549959165477,0.2750328705001578,0.3169563963918216,0.3974116918131227,0.13360561342638888,2.39291845503935,0.2772042906796204,0.33869936594236777,0.9411178847562506,1.0235973027522394,0.9519692128336528,0.7350009505793087,0.1314926044605852,0.2059266891253389,1.015577404875897,0.24191326298062216,0.4899125316509401,0.2549674613194851,0.10027464920476531,26,Man,fear,white
/home/peisze/PycharmProjects/causalgaze/xgaze_224/test_person_specific/samples/subject0119/frame[8]_cam[0].jpg,0.06201764864654125,0.06291241512759935,0.1881059171515562,0.20144128741801823,0.276098169671448,0.28988428004589883,0.3916957435775886,0.129623361204024,2.4097106368718015,0.27032704720154715,0.33367869391354393,0.9197475540893446,1.006327538365227,0.9304151575126668,0.7174297117024596,0.12972425006629368,0.20551740288728196,1.0021893557434236,0.23786760499691792,0.48032624238630156,0.2585539128952279,0.07748368399679612,27,Man,fear,white
/home/peisze/PycharmProjects/causalgaze/xgaze_224/test_person_specific/samples/subject0119/frame[9]_cam[0].jpg,0.08356930551383888,0.0764591212150242,0.1942232125071397,0.2149452613967546,0.3157575195071237,0.3795074179664175,0.38391945956120604,0.13179857985718504,2.3869149027763887,0.2672579513983902,0.3301138460235281,0.9249660396883159,0.9976270960310146,0.9288721727822661,0.7109648140928443,0.11783814468726661,0.23071136230544145,0.9946002427391887,0.23722560039175467,0.4831819546532029,0.25664734631250236,0.09848794408276569,26,Man,fear,white
/home/peisze/PycharmProjects/causalgaze/xgaze_224/test_person_specific/samples/subject0119/frame[4]_cam[0].jpg,0.08348739809768481,0.07783828560649028,0.1973223689015459,0.21991130794504793,0.3151438657791771,0.3742486286437367,0.385948953226114,0.1306896558807561,2.409310873508283,0.2675007631658524,0.3293730275914824,0.927166616424847,0.9995302554017342,0.929134034514936,0.7136558344373661,0.11715747073211165,0.22512470686821692,0.9940569891571018,0.23561140239009926,0.48343286388439993,0.250638257225045,0.09814703064974502,26,Man,fear,white
/home/peisze/PycharmProjects/causalgaze/xgaze_224/test_person_specific/samples/subject0119/frame[6]_cam[0].jpg,0.0765000933003882,0.07396442940832547,0.1931911264637524,0.2121831292507485,0.30853819732630716,0.3486547259851358,0.38311851404620784,0.13170801791274495,2.389289265093073,0.269077683142164,0.32744214043188774,0.9112120379871125,0.9893909375872149,0.9261464768850074,0.7085757373069569,0.1161091852132054,0.21720935934518884,0.9873551115425222,0.24003794401567086,0.4750561538754942,0.2489790472268527,0.09953199338878088,28,Man,fear,white
